# t_ms KIND HEX
# RA_SPEED=1 DEC_SPEED=0
0001380789 TX 55 AA 01 04 01 00 00 05
0001380810 TX 55 AA 01 04 21 00 00 00
0001380832 RX 55 AA 01 03 10 08 00
0001380834 RX 55 AA 01 03 30 FF FF
0001380836 RX 55 AA 01 05 04 94 00 00 00
0001380839 RX 55 AA 01 05 24 94 00 00 01
0001380881 TX 55 AA 01 01 04
0001380903 RX 55 AA 01 05 04 94 00 00 00
0001380932 TX 55 AA 01 01 24
0001380954 RX 55 AA 01 05 24 94 00 00 01
0001380983 TX 55 AA 01 04 01 00 00 05
0001381004 TX 55 AA 01 04 21 00 00 00
0001381026 RX 55 AA 01 05 04 94 FF FF FD
0001381031 RX 55 AA 01 05 24 94 00 00 01
0001381171 TX 55 AA 01 01 04
0001381193 RX 55 AA 01 05 04 94 FF FF F6
0001381222 TX 55 AA 01 01 24
0001381244 RX 55 AA 01 05 24 94 00 00 01
0001381273 TX 55 AA 01 04 01 00 00 05
0001381294 TX 55 AA 01 04 21 00 00 00
0001381316 RX 55 AA 01 05 04 94 FF FF F2
0001381318 RX 55 AA 01 05 24 94 00 00 01
0001381461 TX 55 AA 01 01 04
0001381483 RX 55 AA 01 05 04 94 FF FF EC
0001381512 TX 55 AA 01 01 24
0001381534 RX 55 AA 01 05 24 94 00 00 01
0001381563 TX 55 AA 01 04 01 00 00 05
0001381586 TX 55 AA 01 04 21 00 00 00
0001381608 RX 55 AA 01 05 04 94 FF FF E8
0001381610 RX 55 AA 01 05 24 94 00 00 01
0001381751 TX 55 AA 01 01 04
0001381772 RX 55 AA 01 05 04 94 FF FF E1
0001381801 TX 55 AA 01 01 24
0001381823 RX 55 AA 01 05 24 94 00 00 01
0001381852 TX 55 AA 01 04 01 00 00 05
0001381873 TX 55 AA 01 04 21 00 00 00
0001381895 RX 55 AA 01 05 04 94 FF FF DD
0001381897 RX 55 AA 01 05 24 94 00 00 01
0001382041 TX 55 AA 01 01 04
0001382063 RX 55 AA 01 05 04 94 FF FF D5
0001382092 TX 55 AA 01 01 24
0001382114 RX 55 AA 01 05 24 94 00 00 01
0001382143 TX 55 AA 01 04 01 00 00 05
0001382164 TX 55 AA 01 04 21 00 00 00
0001382186 RX 55 AA 01 05 04 94 FF FF D0
0001382188 RX 55 AA 01 05 24 94 00 00 01
0001382331 TX 55 AA 01 01 04
0001382353 RX 55 AA 01 05 04 94 FF FF C9
0001382382 TX 55 AA 01 01 24
0001382404 RX 55 AA 01 05 24 94 00 00 01
0001382433 TX 55 AA 01 04 01 00 00 05
0001382454 TX 55 AA 01 04 21 00 00 00
0001382476 RX 55 AA 01 05 04 94 FF FF C6
0001382478 RX 55 AA 01 05 24 94 00 00 01
0001382621 TX 55 AA 01 01 04
0001382643 RX 55 AA 01 05 04 94 FF FF C0
0001382672 TX 55 AA 01 01 24
0001382694 RX 55 AA 01 05 24 94 00 00 01
0001382723 TX 55 AA 01 04 01 00 00 05
0001382744 TX 55 AA 01 04 21 00 00 00
0001382766 RX 55 AA 01 05 04 94 FF FF BB
0001382768 RX 55 AA 01 05 24 94 00 00 01
0001382912 TX 55 AA 01 01 04
0001382933 RX 55 AA 01 05 04 94 FF FF B5
0001382962 TX 55 AA 01 01 24
0001382984 RX 55 AA 01 05 24 94 00 00 01
0001383013 TX 55 AA 01 04 01 00 00 05
0001383034 TX 55 AA 01 04 21 00 00 00
0001383056 RX 55 AA 01 05 04 94 FF FF B1
0001383058 RX 55 AA 01 05 24 94 00 00 01
0001383203 TX 55 AA 01 01 04
0001383224 RX 55 AA 01 05 04 94 FF FF A9
0001383253 TX 55 AA 01 01 24
0001383275 RX 55 AA 01 05 24 94 00 00 01
0001383304 TX 55 AA 01 04 01 00 00 05
0001383325 TX 55 AA 01 04 21 00 00 00
0001383347 RX 55 AA 01 05 04 94 FF FF A4
0001383349 RX 55 AA 01 05 24 94 00 00 01
0001383492 TX 55 AA 01 01 04
0001383513 RX 55 AA 01 05 04 94 FF FF 9D
0001383542 TX 55 AA 01 01 24
0001383564 RX 55 AA 01 05 24 94 00 00 01
0001383593 TX 55 AA 01 04 01 00 00 05
0001383615 TX 55 AA 01 04 21 00 00 00
0001383637 RX 55 AA 01 05 04 94 FF FF 9A
0001383639 RX 55 AA 01 05 24 94 00 00 01
0001383782 TX 55 AA 01 01 04
0001383804 RX 55 AA 01 05 04 94 FF FF 93
0001383833 TX 55 AA 01 01 24
0001383855 RX 55 AA 01 05 24 94 00 00 01
0001383884 TX 55 AA 01 04 01 00 00 05
0001383905 TX 55 AA 01 04 21 00 00 00
0001383927 RX 55 AA 01 05 04 94 FF FF 8F
0001383929 RX 55 AA 01 05 24 94 00 00 01
0001384072 TX 55 AA 01 01 04
0001384094 RX 55 AA 01 05 04 94 FF FF 89
0001384123 TX 55 AA 01 01 24
0001384145 RX 55 AA 01 05 24 94 00 00 01
0001384174 TX 55 AA 01 04 01 00 00 05
0001384195 TX 55 AA 01 04 21 00 00 00
0001384217 RX 55 AA 01 05 04 94 FF FF 85
0001384219 RX 55 AA 01 05 24 94 00 00 01
0001384363 TX 55 AA 01 01 04
0001384384 RX 55 AA 01 05 04 94 FF FF 7D
0001384413 TX 55 AA 01 01 24
0001384435 RX 55 AA 01 05 24 94 00 00 01
0001384464 TX 55 AA 01 04 01 00 00 05
0001384485 TX 55 AA 01 04 21 00 00 00
0001384507 RX 55 AA 01 05 04 94 FF FF 78
0001384513 RX 55 AA 01 05 24 94 00 00 01
0001384652 TX 55 AA 01 01 04
0001384674 RX 55 AA 01 05 04 94 FF FF 71
0001384703 TX 55 AA 01 01 24
0001384725 RX 55 AA 01 05 24 94 00 00 01
0001384754 TX 55 AA 01 04 01 00 00 05
0001384775 TX 55 AA 01 04 21 00 00 00
0001384797 RX 55 AA 01 05 04 94 FF FF 6E
0001384799 RX 55 AA 01 05 24 94 00 00 01
0001384943 TX 55 AA 01 01 04
0001384964 RX 55 AA 01 05 04 94 FF FF 68
0001384993 TX 55 AA 01 01 24
0001385015 RX 55 AA 01 05 24 94 00 00 01
0001385044 TX 55 AA 01 04 01 00 00 05
0001385065 TX 55 AA 01 04 21 00 00 00
0001385087 RX 55 AA 01 05 04 94 FF FF 64
0001385089 RX 55 AA 01 05 24 94 00 00 01
0001385233 TX 55 AA 01 01 04
0001385254 RX 55 AA 01 05 04 94 FF FF 5D
0001385283 TX 55 AA 01 01 24
0001385305 RX 55 AA 01 05 24 94 00 00 01
0001385334 TX 55 AA 01 04 01 00 00 05
0001385355 TX 55 AA 01 04 21 00 00 00
0001385377 RX 55 AA 01 05 04 94 FF FF 5A
0001385379 RX 55 AA 01 05 24 94 00 00 01
0001385523 TX 55 AA 01 01 04
0001385544 RX 55 AA 01 05 04 94 FF FF 52
0001385573 TX 55 AA 01 01 24
0001385597 RX 55 AA 01 05 24 94 00 00 01
0001385626 TX 55 AA 01 04 01 00 00 05
0001385647 TX 55 AA 01 04 21 00 00 00
0001385669 RX 55 AA 01 05 04 94 FF FF 4E
0001385671 RX 55 AA 01 05 24 94 00 00 01
0001385812 TX 55 AA 01 01 04
0001385833 RX 55 AA 01 05 04 94 FF FF 46
0001385862 TX 55 AA 01 01 24
0001385884 RX 55 AA 01 05 24 94 00 00 01
0001385913 TX 55 AA 01 04 01 00 00 05
0001385934 TX 55 AA 01 04 21 00 00 00
0001385956 RX 55 AA 01 05 04 94 FF FF 43
0001385958 RX 55 AA 01 05 24 94 00 00 01
0001386103 TX 55 AA 01 01 04
0001386124 RX 55 AA 01 05 04 94 FF FF 3B
0001386153 TX 55 AA 01 01 24
0001386175 RX 55 AA 01 05 24 94 00 00 01
0001386204 TX 55 AA 01 04 01 00 00 05
0001386225 TX 55 AA 01 04 21 00 00 00
0001386247 RX 55 AA 01 05 04 94 FF FF 37
0001386249 RX 55 AA 01 05 24 94 00 00 01
0001386392 TX 55 AA 01 01 04
0001386414 RX 55 AA 01 05 04 94 FF FF 30
0001386443 TX 55 AA 01 01 24
0001386465 RX 55 AA 01 05 24 94 00 00 01
0001386494 TX 55 AA 01 04 01 00 00 05
0001386515 TX 55 AA 01 04 21 00 00 00
0001386539 RX 55 AA 01 05 04 94 FF FF 2C
0001386541 RX 55 AA 01 05 24 94 00 00 01
0001386682 TX 55 AA 01 01 04
0001386704 RX 55 AA 01 05 04 94 FF FF 23
0001386733 TX 55 AA 01 01 24
0001386755 RX 55 AA 01 05 24 94 00 00 01
0001386784 TX 55 AA 01 04 01 00 00 05
0001386805 TX 55 AA 01 04 21 00 00 00
0001386827 RX 55 AA 01 05 04 94 FF FF 1F
0001386829 RX 55 AA 01 05 24 94 00 00 01
0001386972 TX 55 AA 01 01 04
0001386993 RX 55 AA 01 05 04 94 FF FF 18
0001387022 TX 55 AA 01 01 24
0001387044 RX 55 AA 01 05 24 94 00 00 01
0001387073 TX 55 AA 01 04 01 00 00 05
0001387094 TX 55 AA 01 04 21 00 00 00
0001387116 RX 55 AA 01 05 04 94 FF FF 15
0001387118 RX 55 AA 01 05 24 94 00 00 01
0001387263 TX 55 AA 01 01 04
0001387284 RX 55 AA 01 05 04 94 FF FF 0E
0001387313 TX 55 AA 01 01 24
0001387335 RX 55 AA 01 05 24 94 00 00 01
0001387364 TX 55 AA 01 04 01 00 00 05
0001387385 TX 55 AA 01 04 21 00 00 00
0001387407 RX 55 AA 01 05 04 94 FF FF 0B
0001387409 RX 55 AA 01 05 24 94 00 00 01
0001387552 TX 55 AA 01 01 04
0001387574 RX 55 AA 01 05 04 94 FF FF 04
0001387603 TX 55 AA 01 01 24
0001387625 RX 55 AA 01 05 24 94 00 00 01
0001387654 TX 55 AA 01 04 01 00 00 05
0001387675 TX 55 AA 01 04 21 00 00 00
0001387697 RX 55 AA 01 05 04 94 FF FE FF
0001387699 RX 55 AA 01 05 24 94 00 00 01
0001387843 TX 55 AA 01 01 04
0001387864 RX 55 AA 01 05 04 94 FF FE F8
0001387893 TX 55 AA 01 01 24
0001387915 RX 55 AA 01 05 24 94 00 00 01
0001387944 TX 55 AA 01 04 01 00 00 05
0001387965 TX 55 AA 01 04 21 00 00 00
0001387987 RX 55 AA 01 05 04 94 FF FE F4
0001387989 RX 55 AA 01 05 24 94 00 00 01
0001388134 TX 55 AA 01 01 04
0001388155 RX 55 AA 01 05 04 94 FF FE ED
0001388184 TX 55 AA 01 01 24
0001388206 RX 55 AA 01 05 24 94 00 00 01
0001388235 TX 55 AA 01 04 01 00 00 05
0001388256 TX 55 AA 01 04 21 00 00 00
0001388278 RX 55 AA 01 05 04 94 FF FE E9
0001388280 RX 55 AA 01 05 24 94 00 00 01
0001388423 TX 55 AA 01 01 04
0001388445 RX 55 AA 01 05 04 94 FF FE E2
0001388474 TX 55 AA 01 01 24
0001388496 RX 55 AA 01 05 24 94 00 00 01
0001388525 TX 55 AA 01 04 01 00 00 05
0001388550 TX 55 AA 01 04 21 00 00 00
0001388572 RX 55 AA 01 05 04 94 FF FE DF
0001388574 RX 55 AA 01 05 24 94 00 00 01
0001388713 TX 55 AA 01 01 04
0001388735 RX 55 AA 01 05 04 94 FF FE D7
0001388764 TX 55 AA 01 01 24
0001388786 RX 55 AA 01 05 24 94 00 00 01
0001388815 TX 55 AA 01 04 01 00 00 05
0001388836 TX 55 AA 01 04 21 00 00 00
0001388858 RX 55 AA 01 05 04 94 FF FE D2
0001388860 RX 55 AA 01 05 24 94 00 00 01
0001389004 TX 55 AA 01 01 04
0001389025 RX 55 AA 01 05 04 94 FF FE CA
0001389054 TX 55 AA 01 01 24
0001389076 RX 55 AA 01 05 24 94 00 00 01
0001389105 TX 55 AA 01 04 01 00 00 05
0001389126 TX 55 AA 01 04 21 00 00 00
0001389148 RX 55 AA 01 05 04 94 FF FE C6
0001389150 RX 55 AA 01 05 24 94 00 00 01
0001389293 TX 55 AA 01 01 04
0001389315 RX 55 AA 01 05 04 94 FF FE C0
0001389344 TX 55 AA 01 01 24
0001389366 RX 55 AA 01 05 24 94 00 00 01
0001389395 TX 55 AA 01 04 01 00 00 05
0001389416 TX 55 AA 01 04 21 00 00 00
0001389438 RX 55 AA 01 05 04 94 FF FE BD
0001389440 RX 55 AA 01 05 24 94 00 00 01
0001389583 TX 55 AA 01 01 04
0001389605 RX 55 AA 01 05 04 94 FF FE B6
0001389634 TX 55 AA 01 01 24
0001389656 RX 55 AA 01 05 24 94 00 00 01
0001389685 TX 55 AA 01 04 01 00 00 05
0001389706 TX 55 AA 01 04 21 00 00 00
0001389728 RX 55 AA 01 05 04 94 FF FE B3
0001389730 RX 55 AA 01 05 24 94 00 00 01
0001389873 TX 55 AA 01 01 04
0001389895 RX 55 AA 01 05 04 94 FF FE AC
0001389924 TX 55 AA 01 01 24
0001389946 RX 55 AA 01 05 24 94 00 00 01
0001389975 TX 55 AA 01 04 01 00 00 05
0001389996 TX 55 AA 01 04 21 00 00 00
0001390018 RX 55 AA 01 05 04 94 FF FE A8
0001390020 RX 55 AA 01 05 24 94 00 00 01
0001390163 TX 55 AA 01 01 04
0001390185 RX 55 AA 01 05 04 94 FF FE A0
0001390214 TX 55 AA 01 01 24
0001390236 RX 55 AA 01 05 24 94 00 00 01
0001390265 TX 55 AA 01 04 01 00 00 05
0001390286 TX 55 AA 01 04 21 00 00 00
0001390308 RX 55 AA 01 05 04 94 FF FE 9C
0001390310 RX 55 AA 01 05 24 94 00 00 01
0001390454 TX 55 AA 01 01 04
0001390475 RX 55 AA 01 05 04 94 FF FE 95
0001390504 TX 55 AA 01 01 24
0001390526 RX 55 AA 01 05 24 94 00 00 01
0001390555 TX 55 AA 01 04 01 00 00 05
0001390576 TX 55 AA 01 04 21 00 00 00
0001390598 RX 55 AA 01 05 04 94 FF FE 92
0001390600 RX 55 AA 01 05 24 94 00 00 01
0001390744 TX 55 AA 01 01 04
0001390765 RX 55 AA 01 05 04 94 FF FE 8C
0001390794 TX 55 AA 01 01 24
0001390816 RX 55 AA 01 05 24 94 00 00 01
0001390845 TX 55 AA 01 04 01 00 00 05
0001390866 TX 55 AA 01 04 21 00 00 00
0001390888 RX 55 AA 01 05 04 94 FF FE 88
0001390890 RX 55 AA 01 05 24 94 00 00 01
0001391034 TX 55 AA 01 01 04
0001391055 RX 55 AA 01 05 04 94 FF FE 81
0001391084 TX 55 AA 01 01 24
0001391106 RX 55 AA 01 05 24 94 00 00 01
0001391135 TX 55 AA 01 04 01 00 00 05
0001391156 TX 55 AA 01 04 21 00 00 00
0001391178 RX 55 AA 01 05 04 94 FF FE 7C
0001391180 RX 55 AA 01 05 24 94 00 00 01
0001391324 TX 55 AA 01 01 04
0001391346 RX 55 AA 01 05 04 94 FF FE 74
0001391375 TX 55 AA 01 01 24
0001391397 RX 55 AA 01 05 24 94 00 00 01
0001391426 TX 55 AA 01 04 01 00 00 05
0001391447 TX 55 AA 01 04 21 00 00 00
0001391469 RX 55 AA 01 05 04 94 FF FE 6F
0001391474 RX 55 AA 01 05 24 94 00 00 01
0001391614 TX 55 AA 01 01 04
0001391636 RX 55 AA 01 05 04 94 FF FE 6A
0001391665 TX 55 AA 01 01 24
0001391687 RX 55 AA 01 05 24 94 00 00 01
0001391716 TX 55 AA 01 04 01 00 00 05
0001391737 TX 55 AA 01 04 21 00 00 00
0001391759 RX 55 AA 01 05 04 94 FF FE 67
0001391761 RX 55 AA 01 05 24 94 00 00 01
0001391904 TX 55 AA 01 01 04
0001391925 RX 55 AA 01 05 04 94 FF FE 5F
0001391954 TX 55 AA 01 01 24
0001391976 RX 55 AA 01 05 24 94 00 00 01
0001392005 TX 55 AA 01 04 01 00 00 05
0001392026 TX 55 AA 01 04 21 00 00 00
0001392048 RX 55 AA 01 05 04 94 FF FE 5B
0001392050 RX 55 AA 01 05 24 94 00 00 01
0001392194 TX 55 AA 01 01 04
0001392215 RX 55 AA 01 05 04 94 FF FE 53
0001392244 TX 55 AA 01 01 24
0001392266 RX 55 AA 01 05 24 94 00 00 01
0001392295 TX 55 AA 01 04 01 00 00 05
0001392316 TX 55 AA 01 04 21 00 00 00
0001392338 RX 55 AA 01 05 04 94 FF FE 4F
0001392340 RX 55 AA 01 05 24 94 00 00 01
0001392485 TX 55 AA 01 01 04
0001392506 RX 55 AA 01 05 04 94 FF FE 47
0001392535 TX 55 AA 01 01 24
0001392561 RX 55 AA 01 05 24 94 00 00 01
0001392590 TX 55 AA 01 04 01 00 00 05
0001392611 TX 55 AA 01 04 21 00 00 00
0001392633 RX 55 AA 01 05 04 94 FF FE 43
0001392635 RX 55 AA 01 05 24 94 00 00 01
0001392775 TX 55 AA 01 01 04
0001392796 RX 55 AA 01 05 04 94 FF FE 3C
0001392825 TX 55 AA 01 01 24
0001392847 RX 55 AA 01 05 24 94 00 00 01
0001392876 TX 55 AA 01 04 01 00 00 05
0001392897 TX 55 AA 01 04 21 00 00 00
0001392919 RX 55 AA 01 05 04 94 FF FE 39
0001392921 RX 55 AA 01 05 24 94 00 00 01
0001393065 TX 55 AA 01 01 04
0001393087 RX 55 AA 01 05 04 94 FF FE 31
0001393116 TX 55 AA 01 01 24
0001393138 RX 55 AA 01 05 24 94 00 00 01
0001393167 TX 55 AA 01 04 01 00 00 05
0001393188 TX 55 AA 01 04 21 00 00 00
0001393210 RX 55 AA 01 05 04 94 FF FE 2D
0001393212 RX 55 AA 01 05 24 94 00 00 01
0001393355 TX 55 AA 01 01 04
0001393377 RX 55 AA 01 05 04 94 FF FE 25
0001393406 TX 55 AA 01 01 24
0001393428 RX 55 AA 01 05 24 94 00 00 01
0001393457 TX 55 AA 01 04 01 00 00 05
0001393478 TX 55 AA 01 04 21 00 00 00
0001393502 RX 55 AA 01 05 04 94 FF FE 20
0001393505 RX 55 AA 01 05 24 94 00 00 01
0001393645 TX 55 AA 01 01 04
0001393667 RX 55 AA 01 05 04 94 FF FE 19
0001393696 TX 55 AA 01 01 24
0001393718 RX 55 AA 01 05 24 94 00 00 01
0001393747 TX 55 AA 01 04 01 00 00 05
0001393768 TX 55 AA 01 04 21 00 00 00
0001393790 RX 55 AA 01 05 04 94 FF FE 16
0001393792 RX 55 AA 01 05 24 94 00 00 01
0001393935 TX 55 AA 01 01 04
0001393957 RX 55 AA 01 05 04 94 FF FE 0F
0001393986 TX 55 AA 01 01 24
0001394008 RX 55 AA 01 05 24 94 00 00 01
0001394037 TX 55 AA 01 04 01 00 00 05
0001394058 TX 55 AA 01 04 21 00 00 00
0001394080 RX 55 AA 01 05 04 94 FF FE 0B
0001394082 RX 55 AA 01 05 24 94 00 00 01
0001394226 TX 55 AA 01 01 04
0001394247 RX 55 AA 01 05 04 94 FF FE 05
0001394276 TX 55 AA 01 01 24
0001394298 RX 55 AA 01 05 24 94 00 00 01
0001394327 TX 55 AA 01 04 01 00 00 05
0001394348 TX 55 AA 01 04 21 00 00 00
0001394370 RX 55 AA 01 05 04 94 FF FE 01
0001394372 RX 55 AA 01 05 24 94 00 00 01
0001394515 TX 55 AA 01 01 04
0001394536 RX 55 AA 01 05 04 94 FF FD F9
0001394565 TX 55 AA 01 01 24
0001394587 RX 55 AA 01 05 24 94 00 00 01
0001394616 TX 55 AA 01 04 01 00 00 05
0001394637 TX 55 AA 01 04 21 00 00 00
0001394659 RX 55 AA 01 05 04 94 FF FD F4
0001394661 RX 55 AA 01 05 24 94 00 00 01
0001394805 TX 55 AA 01 01 04
0001394827 RX 55 AA 01 05 04 94 FF FD EE
0001394856 TX 55 AA 01 01 24
0001394878 RX 55 AA 01 05 24 94 00 00 01
0001394907 TX 55 AA 01 04 01 00 00 05
0001394928 TX 55 AA 01 04 21 00 00 00
0001394950 RX 55 AA 01 05 04 94 FF FD EA
0001394952 RX 55 AA 01 05 24 94 00 00 01
0001395096 TX 55 AA 01 01 04
0001395117 RX 55 AA 01 05 04 94 FF FD E3
0001395146 TX 55 AA 01 01 24
0001395168 RX 55 AA 01 05 24 94 00 00 01
0001395197 TX 55 AA 01 04 01 00 00 05
0001395218 TX 55 AA 01 04 21 00 00 00
0001395240 RX 55 AA 01 05 04 94 FF FD DF
0001395242 RX 55 AA 01 05 24 94 00 00 01
0001395386 TX 55 AA 01 01 04
0001395407 RX 55 AA 01 05 04 94 FF FD D9
0001395436 TX 55 AA 01 01 24
0001395458 RX 55 AA 01 05 24 94 00 00 01
0001395487 TX 55 AA 01 04 01 00 00 05
0001395510 TX 55 AA 01 04 21 00 00 00
0001395532 RX 55 AA 01 05 04 94 FF FD D4
0001395534 RX 55 AA 01 05 24 94 00 00 01
0001395675 TX 55 AA 01 01 04
0001395696 RX 55 AA 01 05 04 94 FF FD CD
0001395725 TX 55 AA 01 01 24
0001395747 RX 55 AA 01 05 24 94 00 00 01
0001395776 TX 55 AA 01 04 01 00 00 05
0001395797 TX 55 AA 01 04 21 00 00 00
0001395819 RX 55 AA 01 05 04 94 FF FD C8
0001395821 RX 55 AA 01 05 24 94 00 00 01
0001395965 TX 55 AA 01 01 04
0001395987 RX 55 AA 01 05 04 94 FF FD C2
0001396016 TX 55 AA 01 01 24
0001396038 RX 55 AA 01 05 24 94 00 00 01
0001396067 TX 55 AA 01 04 01 00 00 05
0001396088 TX 55 AA 01 04 21 00 00 00
0001396110 RX 55 AA 01 05 04 94 FF FD BF
0001396112 RX 55 AA 01 05 24 94 00 00 01
0001396255 TX 55 AA 01 01 04
0001396276 RX 55 AA 01 05 04 94 FF FD B9
0001396305 TX 55 AA 01 01 24
0001396327 RX 55 AA 01 05 24 94 00 00 01
0001396356 TX 55 AA 01 04 01 00 00 05
0001396377 TX 55 AA 01 04 21 00 00 00
0001396399 RX 55 AA 01 05 04 94 FF FD B5
0001396401 RX 55 AA 01 05 24 94 00 00 01
0001396545 TX 55 AA 01 01 04
0001396571 RX 55 AA 01 05 04 94 FF FD AE
0001396600 TX 55 AA 01 01 24
0001396622 RX 55 AA 01 05 24 94 00 00 01
0001396651 TX 55 AA 01 04 01 00 00 05
0001396672 TX 55 AA 01 04 21 00 00 00
0001396694 RX 55 AA 01 05 04 94 FF FD A9
0001396696 RX 55 AA 01 05 24 94 00 00 01
0001396836 TX 55 AA 01 01 04
0001396857 RX 55 AA 01 05 04 94 FF FD A2
0001396886 TX 55 AA 01 01 24
0001396908 RX 55 AA 01 05 24 94 00 00 01
0001396937 TX 55 AA 01 04 01 00 00 05
0001396958 TX 55 AA 01 04 21 00 00 00
0001396980 RX 55 AA 01 05 04 94 FF FD 9E
0001396982 RX 55 AA 01 05 24 94 00 00 01
0001397126 TX 55 AA 01 01 04
0001397148 RX 55 AA 01 05 04 94 FF FD 97
0001397177 TX 55 AA 01 01 24
0001397199 RX 55 AA 01 05 24 94 00 00 01
0001397228 TX 55 AA 01 04 01 00 00 05
0001397249 TX 55 AA 01 04 21 00 00 00
0001397271 RX 55 AA 01 05 04 94 FF FD 93
0001397273 RX 55 AA 01 05 24 94 00 00 01
0001397416 TX 55 AA 01 01 04
0001397437 RX 55 AA 01 05 04 94 FF FD 8B
0001397466 TX 55 AA 01 01 24
0001397488 RX 55 AA 01 05 24 94 00 00 01
0001397517 TX 55 AA 01 04 01 00 00 05
0001397538 TX 55 AA 01 04 21 00 00 00
0001397560 RX 55 AA 01 05 04 94 FF FD 88
0001397562 RX 55 AA 01 05 24 94 00 00 01
0001397706 TX 55 AA 01 01 04
0001397728 RX 55 AA 01 05 04 94 FF FD 81
0001397757 TX 55 AA 01 01 24
0001397779 RX 55 AA 01 05 24 94 00 00 01
0001397808 TX 55 AA 01 04 01 00 00 05
0001397829 TX 55 AA 01 04 21 00 00 00
0001397851 RX 55 AA 01 05 04 94 FF FD 7B
0001397853 RX 55 AA 01 05 24 94 00 00 01
0001397997 TX 55 AA 01 01 04
0001398018 RX 55 AA 01 05 04 94 FF FD 73
0001398047 TX 55 AA 01 01 24
0001398069 RX 55 AA 01 05 24 94 00 00 01
0001398098 TX 55 AA 01 04 01 00 00 05
0001398119 TX 55 AA 01 04 21 00 00 00
0001398141 RX 55 AA 01 05 04 94 FF FD 6F
0001398143 RX 55 AA 01 05 24 94 00 00 01
0001398287 TX 55 AA 01 01 04
0001398309 RX 55 AA 01 05 04 94 FF FD 69
0001398338 TX 55 AA 01 01 24
0001398360 RX 55 AA 01 05 24 94 00 00 01
0001398389 TX 55 AA 01 04 01 00 00 05
0001398410 TX 55 AA 01 04 21 00 00 00
0001398432 RX 55 AA 01 05 04 94 FF FD 66
0001398437 RX 55 AA 01 05 24 94 00 00 01
0001398577 TX 55 AA 01 01 04
0001398599 RX 55 AA 01 05 04 94 FF FD 5F
0001398628 TX 55 AA 01 01 24
0001398650 RX 55 AA 01 05 24 94 00 00 01
0001398679 TX 55 AA 01 04 01 00 00 05
0001398700 TX 55 AA 01 04 21 00 00 00
0001398722 RX 55 AA 01 05 04 94 FF FD 5B
0001398724 RX 55 AA 01 05 24 94 00 00 01
0001398867 TX 55 AA 01 01 04
0001398889 RX 55 AA 01 05 04 94 FF FD 54
0001398918 TX 55 AA 01 01 24
0001398940 RX 55 AA 01 05 24 94 00 00 01
0001398969 TX 55 AA 01 04 01 00 00 05
0001398990 TX 55 AA 01 04 21 00 00 00
0001399012 RX 55 AA 01 05 04 94 FF FD 50
0001399014 RX 55 AA 01 05 24 94 00 00 01
0001399158 TX 55 AA 01 01 04
0001399179 RX 55 AA 01 05 04 94 FF FD 48
0001399208 TX 55 AA 01 01 24
0001399230 RX 55 AA 01 05 24 94 00 00 01
0001399259 TX 55 AA 01 04 01 00 00 05
0001399280 TX 55 AA 01 04 21 00 00 00
0001399302 RX 55 AA 01 05 04 94 FF FD 45
0001399304 RX 55 AA 01 05 24 94 00 00 01
0001399447 TX 55 AA 01 01 04
0001399469 RX 55 AA 01 05 04 94 FF FD 3D
0001399498 TX 55 AA 01 01 24
0001399522 RX 55 AA 01 05 24 94 00 00 01
0001399551 TX 55 AA 01 04 01 00 00 05
0001399572 TX 55 AA 01 04 21 00 00 00
0001399594 RX 55 AA 01 05 04 94 FF FD 39
0001399596 RX 55 AA 01 05 24 94 00 00 01
0001399737 TX 55 AA 01 01 04
0001399758 RX 55 AA 01 05 04 94 FF FD 32
0001399787 TX 55 AA 01 01 24
0001399809 RX 55 AA 01 05 24 94 00 00 01
0001399838 TX 55 AA 01 04 01 00 00 05
0001399859 TX 55 AA 01 04 21 00 00 00
0001399881 RX 55 AA 01 05 04 94 FF FD 2F
0001399883 RX 55 AA 01 05 24 94 00 00 01
0001400027 TX 55 AA 01 01 04
0001400048 RX 55 AA 01 05 04 94 FF FD 27
0001400077 TX 55 AA 01 01 24
0001400099 RX 55 AA 01 05 24 94 00 00 01
0001400128 TX 55 AA 01 04 01 00 00 05
0001400149 TX 55 AA 01 04 21 00 00 00
0001400171 RX 55 AA 01 05 04 94 FF FD 22
0001400173 RX 55 AA 01 05 24 94 00 00 01
0001400317 TX 55 AA 01 01 04
0001400338 RX 55 AA 01 05 04 94 FF FD 1A
0001400367 TX 55 AA 01 01 24
0001400389 RX 55 AA 01 05 24 94 00 00 01
0001400418 TX 55 AA 01 04 01 00 00 05
0001400439 TX 55 AA 01 04 21 00 00 00
0001400461 RX 55 AA 01 05 04 94 FF FD 17
0001400467 RX 55 AA 01 05 24 94 00 00 01
0001400607 TX 55 AA 01 01 04
0001400629 RX 55 AA 01 05 04 94 FF FD 11
0001400658 TX 55 AA 01 01 24
0001400680 RX 55 AA 01 05 24 94 00 00 01
0001400709 TX 55 AA 01 04 01 00 00 05
0001400730 TX 55 AA 01 04 21 00 00 00
0001400752 RX 55 AA 01 05 04 94 FF FD 0D
0001400754 RX 55 AA 01 05 24 94 00 00 01
0001400898 TX 55 AA 01 01 04
0001400919 RX 55 AA 01 05 04 94 FF FD 06
0001400948 TX 55 AA 01 01 24
0001400970 RX 55 AA 01 05 24 94 00 00 01
0001400999 TX 55 AA 01 04 01 00 00 05
0001401020 TX 55 AA 01 04 21 00 00 00
0001401042 RX 55 AA 01 05 04 94 FF FD 03
0001401044 RX 55 AA 01 05 24 94 00 00 01
0001401187 TX 55 AA 01 01 04
0001401209 RX 55 AA 01 05 04 94 FF FC FC
0001401238 TX 55 AA 01 01 24
0001401260 RX 55 AA 01 05 24 94 00 00 01
0001401289 TX 55 AA 01 04 01 00 00 05
0001401310 TX 55 AA 01 04 21 00 00 00
0001401332 RX 55 AA 01 05 04 94 FF FC F8
0001401334 RX 55 AA 01 05 24 94 00 00 01
0001401478 TX 55 AA 01 01 04
0001401499 RX 55 AA 01 05 04 94 FF FC F0
0001401528 TX 55 AA 01 01 24
0001401550 RX 55 AA 01 05 24 94 00 00 01
0001401579 TX 55 AA 01 04 01 00 00 05
0001401600 TX 55 AA 01 04 21 00 00 00
0001401622 RX 55 AA 01 05 04 94 FF FC ED
0001401624 RX 55 AA 01 05 24 94 00 00 01
0001401768 TX 55 AA 01 01 04
0001401790 RX 55 AA 01 05 04 94 FF FC E6
0001401819 TX 55 AA 01 01 24
0001401841 RX 55 AA 01 05 24 94 00 00 01
0001401870 TX 55 AA 01 04 01 00 00 05
0001401891 TX 55 AA 01 04 21 00 00 00
0001401913 RX 55 AA 01 05 04 94 FF FC E3
0001401915 RX 55 AA 01 05 24 94 00 00 01
0001402058 TX 55 AA 01 01 04
0001402079 RX 55 AA 01 05 04 94 FF FC DC
0001402108 TX 55 AA 01 01 24
0001402130 RX 55 AA 01 05 24 94 00 00 01
0001402159 TX 55 AA 01 04 01 00 00 05
0001402180 TX 55 AA 01 04 21 00 00 00
0001402202 RX 55 AA 01 05 04 94 FF FC D8
0001402204 RX 55 AA 01 05 24 94 00 00 01
0001402348 TX 55 AA 01 01 04
0001402370 RX 55 AA 01 05 04 94 FF FC D0
0001402399 TX 55 AA 01 01 24
0001402421 RX 55 AA 01 05 24 94 00 00 01
0001402450 TX 55 AA 01 04 01 00 00 05
0001402473 TX 55 AA 01 04 21 00 00 00
0001402495 RX 55 AA 01 05 04 94 FF FC CB
0001402497 RX 55 AA 01 05 24 94 00 00 01
0001402638 TX 55 AA 01 01 04
0001402660 RX 55 AA 01 05 04 94 FF FC C4
0001402689 TX 55 AA 01 01 24
0001402711 RX 55 AA 01 05 24 94 00 00 01
0001402740 TX 55 AA 01 04 01 00 00 05
0001402761 TX 55 AA 01 04 21 00 00 00
0001402783 RX 55 AA 01 05 04 94 FF FC C0
0001402785 RX 55 AA 01 05 24 94 00 00 01
0001402929 TX 55 AA 01 01 04
0001402950 RX 55 AA 01 05 04 94 FF FC BA
0001402979 TX 55 AA 01 01 24
0001403001 RX 55 AA 01 05 24 94 00 00 01
0001403030 TX 55 AA 01 04 01 00 00 05
0001403051 TX 55 AA 01 04 21 00 00 00
0001403073 RX 55 AA 01 05 04 94 FF FC B6
0001403075 RX 55 AA 01 05 24 94 00 00 01
0001403220 TX 55 AA 01 01 04
0001403241 RX 55 AA 01 05 04 94 FF FC AF
0001403270 TX 55 AA 01 01 24
0001403292 RX 55 AA 01 05 24 94 00 00 01
0001403321 TX 55 AA 01 04 01 00 00 05
0001403342 TX 55 AA 01 04 21 00 00 00
0001403364 RX 55 AA 01 05 04 94 FF FC AB
0001403366 RX 55 AA 01 05 24 94 00 00 01
0001403510 TX 55 AA 01 01 04
0001403535 RX 55 AA 01 05 04 94 FF FC A3
0001403564 TX 55 AA 01 01 24
0001403592 RX 55 AA 01 05 24 94 00 00 01
0001403615 TX 55 AA 01 04 01 00 00 05
0001403636 TX 55 AA 01 04 21 00 00 00
0001403658 RX 55 AA 01 05 04 94 FF FC 9F
0001403660 RX 55 AA 01 05 24 94 00 00 01
0001403800 TX 55 AA 01 01 04
0001403822 RX 55 AA 01 05 04 94 FF FC 98
0001403851 TX 55 AA 01 01 24
0001403873 RX 55 AA 01 05 24 94 00 00 01
0001403902 TX 55 AA 01 04 01 00 00 05
0001403923 TX 55 AA 01 04 21 00 00 00
0001403945 RX 55 AA 01 05 04 94 FF FC 93
0001403947 RX 55 AA 01 05 24 94 00 00 01
0001404090 TX 55 AA 01 01 04
0001404112 RX 55 AA 01 05 04 94 FF FC 8D
0001404141 TX 55 AA 01 01 24
0001404163 RX 55 AA 01 05 24 94 00 00 01
0001404192 TX 55 AA 01 04 01 00 00 05
0001404213 TX 55 AA 01 04 21 00 00 00
0001404235 RX 55 AA 01 05 04 94 FF FC 89
0001404237 RX 55 AA 01 05 24 94 00 00 01
0001404381 TX 55 AA 01 01 04
0001404402 RX 55 AA 01 05 04 94 FF FC 82
0001404431 TX 55 AA 01 01 24
0001404453 RX 55 AA 01 05 24 94 00 00 01
0001404482 TX 55 AA 01 04 01 00 00 05
0001404503 TX 55 AA 01 04 21 00 00 00
0001404525 RX 55 AA 01 05 04 94 FF FC 7D
0001404527 RX 55 AA 01 05 24 94 00 00 01
0001404670 TX 55 AA 01 01 04
0001404692 RX 55 AA 01 05 04 94 FF FC 75
0001404721 TX 55 AA 01 01 24
0001404743 RX 55 AA 01 05 24 94 00 00 01
0001404772 TX 55 AA 01 04 01 00 00 05
0001404793 TX 55 AA 01 04 21 00 00 00
0001404815 RX 55 AA 01 05 04 94 FF FC 71
0001404817 RX 55 AA 01 05 24 94 00 00 01
0001404960 TX 55 AA 01 01 04
0001404982 RX 55 AA 01 05 04 94 FF FC 6A
0001405011 TX 55 AA 01 01 24
0001405033 RX 55 AA 01 05 24 94 00 00 01
0001405062 TX 55 AA 01 04 01 00 00 05
0001405083 TX 55 AA 01 04 21 00 00 00
0001405105 RX 55 AA 01 05 04 94 FF FC 66
0001405107 RX 55 AA 01 05 24 94 00 00 01
0001405250 TX 55 AA 01 01 04
0001405272 RX 55 AA 01 05 04 94 FF FC 60
0001405301 TX 55 AA 01 01 24
0001405323 RX 55 AA 01 05 24 94 00 00 01
0001405352 TX 55 AA 01 04 01 00 00 05
0001405373 TX 55 AA 01 04 21 00 00 00
0001405395 RX 55 AA 01 05 04 94 FF FC 5C
0001405397 RX 55 AA 01 05 24 94 00 00 01
0001405540 TX 55 AA 01 01 04
0001405562 RX 55 AA 01 05 04 94 FF FC 55
0001405591 TX 55 AA 01 01 24
0001405613 RX 55 AA 01 05 24 94 00 00 01
0001405642 TX 55 AA 01 04 01 00 00 05
0001405663 TX 55 AA 01 04 21 00 00 00
0001405685 RX 55 AA 01 05 04 94 FF FC 51
0001405687 RX 55 AA 01 05 24 94 00 00 01
0001405830 TX 55 AA 01 01 04
0001405851 RX 55 AA 01 05 04 94 FF FC 49
0001405880 TX 55 AA 01 01 24
0001405902 RX 55 AA 01 05 24 94 00 00 01
0001405931 TX 55 AA 01 04 01 00 00 05
0001405952 TX 55 AA 01 04 21 00 00 00
0001405974 RX 55 AA 01 05 04 94 FF FC 45
0001405976 RX 55 AA 01 05 24 94 00 00 01
0001406120 TX 55 AA 01 01 04
0001406142 RX 55 AA 01 05 04 94 FF FC 3E
0001406171 TX 55 AA 01 01 24
0001406193 RX 55 AA 01 05 24 94 00 00 01
0001406222 TX 55 AA 01 04 01 00 00 05
0001406243 TX 55 AA 01 04 21 00 00 00
0001406265 RX 55 AA 01 05 04 94 FF FC 3A
0001406267 RX 55 AA 01 05 24 94 00 00 01
0001406411 TX 55 AA 01 01 04
0001406432 RX 55 AA 01 05 04 94 FF FC 33
0001406461 TX 55 AA 01 01 24
0001406485 RX 55 AA 01 05 24 94 00 00 01
0001406514 TX 55 AA 01 04 01 00 00 05
0001406535 TX 55 AA 01 04 21 00 00 00
0001406557 RX 55 AA 01 05 04 94 FF FC 30
0001406559 RX 55 AA 01 05 24 94 00 00 01
0001406702 TX 55 AA 01 01 04
0001406723 RX 55 AA 01 05 04 94 FF FC 29
0001406752 TX 55 AA 01 01 24
0001406774 RX 55 AA 01 05 24 94 00 00 01
0001406803 TX 55 AA 01 04 01 00 00 05
0001406824 TX 55 AA 01 04 21 00 00 00
0001406846 RX 55 AA 01 05 04 94 FF FC 25
0001406848 RX 55 AA 01 05 24 94 00 00 01
0001406991 TX 55 AA 01 01 04
0001407012 RX 55 AA 01 05 04 94 FF FC 1D
0001407041 TX 55 AA 01 01 24
0001407063 RX 55 AA 01 05 24 94 00 00 01
0001407092 TX 55 AA 01 04 01 00 00 05
0001407113 TX 55 AA 01 04 21 00 00 00
0001407135 RX 55 AA 01 05 04 94 FF FC 19
0001407137 RX 55 AA 01 05 24 94 00 00 01
0001407282 TX 55 AA 01 01 04
0001407303 RX 55 AA 01 05 04 94 FF FC 12
0001407332 TX 55 AA 01 01 24
0001407354 RX 55 AA 01 05 24 94 00 00 01
0001407383 TX 55 AA 01 04 01 00 00 05
0001407404 TX 55 AA 01 04 21 00 00 00
0001407426 RX 55 AA 01 05 04 94 FF FC 0F
0001407431 RX 55 AA 01 05 24 94 00 00 01
0001407571 TX 55 AA 01 01 04
0001407593 RX 55 AA 01 05 04 94 FF FC 09
0001407622 TX 55 AA 01 01 24
0001407644 RX 55 AA 01 05 24 94 00 00 01
0001407673 TX 55 AA 01 04 01 00 00 05
0001407694 TX 55 AA 01 04 21 00 00 00
0001407716 RX 55 AA 01 05 04 94 FF FC 05
0001407718 RX 55 AA 01 05 24 94 00 00 01
0001407862 TX 55 AA 01 01 04
0001407883 RX 55 AA 01 05 04 94 FF FB FE
0001407912 TX 55 AA 01 01 24
0001407934 RX 55 AA 01 05 24 94 00 00 01
0001407963 TX 55 AA 01 04 01 00 00 05
0001407984 TX 55 AA 01 04 21 00 00 00
0001408006 RX 55 AA 01 05 04 94 FF FB FA
0001408008 RX 55 AA 01 05 24 94 00 00 01
0001408151 TX 55 AA 01 01 04
0001408173 RX 55 AA 01 05 04 94 FF FB F3
0001408202 TX 55 AA 01 01 24
0001408224 RX 55 AA 01 05 24 94 00 00 01
0001408253 TX 55 AA 01 04 01 00 00 05
0001408274 TX 55 AA 01 04 21 00 00 00
0001408296 RX 55 AA 01 05 04 94 FF FB EE
0001408298 RX 55 AA 01 05 24 94 00 00 01
0001408442 TX 55 AA 01 01 04
0001408463 RX 55 AA 01 05 04 94 FF FB E7
0001408501 TX 55 AA 01 01 24
0001408523 RX 55 AA 01 05 24 94 00 00 01
0001408552 TX 55 AA 01 04 01 00 00 05
0001408573 TX 55 AA 01 04 21 00 00 00
0001408595 RX 55 AA 01 05 04 94 FF FB E3
0001408597 RX 55 AA 01 05 24 94 00 00 01
0001408732 TX 55 AA 01 01 04
0001408754 RX 55 AA 01 05 04 94 FF FB DC
0001408783 TX 55 AA 01 01 24
0001408805 RX 55 AA 01 05 24 94 00 00 01
0001408834 TX 55 AA 01 04 01 00 00 05
0001408855 TX 55 AA 01 04 21 00 00 00
0001408877 RX 55 AA 01 05 04 94 FF FB D8
0001408879 RX 55 AA 01 05 24 94 00 00 01
0001409023 TX 55 AA 01 01 04
0001409044 RX 55 AA 01 05 04 94 FF FB D1
0001409073 TX 55 AA 01 01 24
0001409095 RX 55 AA 01 05 24 94 00 00 01
0001409124 TX 55 AA 01 04 01 00 00 05
0001409145 TX 55 AA 01 04 21 00 00 00
0001409167 RX 55 AA 01 05 04 94 FF FB CB
0001409169 RX 55 AA 01 05 24 94 00 00 01
0001409313 TX 55 AA 01 01 04
0001409334 RX 55 AA 01 05 04 94 FF FB C4
0001409363 TX 55 AA 01 01 24
0001409385 RX 55 AA 01 05 24 94 00 00 01
0001409414 TX 55 AA 01 04 01 00 00 05
0001409435 TX 55 AA 01 04 21 00 00 00
0001409459 RX 55 AA 01 05 04 94 FF FB BF
0001409461 RX 55 AA 01 05 24 94 00 00 01
0001409602 TX 55 AA 01 01 04
0001409623 RX 55 AA 01 05 04 94 FF FB B9
0001409652 TX 55 AA 01 01 24
0001409674 RX 55 AA 01 05 24 94 00 00 01
0001409703 TX 55 AA 01 04 01 00 00 05
0001409724 TX 55 AA 01 04 21 00 00 00
0001409746 RX 55 AA 01 05 04 94 FF FB B6
0001409748 RX 55 AA 01 05 24 94 00 00 01
0001409892 TX 55 AA 01 01 04
0001409913 RX 55 AA 01 05 04 94 FF FB AF
0001409942 TX 55 AA 01 01 24
0001409964 RX 55 AA 01 05 24 94 00 00 01
0001409993 TX 55 AA 01 04 01 00 00 05
0001410014 TX 55 AA 01 04 21 00 00 00
0001410036 RX 55 AA 01 05 04 94 FF FB AB
0001410038 RX 55 AA 01 05 24 94 00 00 01
0001410182 TX 55 AA 01 01 04
0001410204 RX 55 AA 01 05 04 94 FF FB A4
0001410233 TX 55 AA 01 01 24
0001410255 RX 55 AA 01 05 24 94 00 00 01
0001410284 TX 55 AA 01 04 01 00 00 05
0001410305 TX 55 AA 01 04 21 00 00 00
0001410327 RX 55 AA 01 05 04 94 FF FB A0
0001410329 RX 55 AA 01 05 24 94 00 00 01
0001410472 TX 55 AA 01 01 04
0001410497 RX 55 AA 01 05 04 94 FF FB 98
0001410526 TX 55 AA 01 01 24
0001410548 RX 55 AA 01 05 24 94 00 00 01
0001410577 TX 55 AA 01 04 01 00 00 05
0001410598 TX 55 AA 01 04 21 00 00 00
0001410620 RX 55 AA 01 05 04 94 FF FB 95
0001410622 RX 55 AA 01 05 24 94 00 00 01
0001410762 TX 55 AA 01 01 04
0001410784 RX 55 AA 01 05 04 94 FF FB 8E
0001410813 TX 55 AA 01 01 24
0001410835 RX 55 AA 01 05 24 94 00 00 01
0001410864 TX 55 AA 01 04 01 00 00 05
0001410885 TX 55 AA 01 04 21 00 00 00
0001410907 RX 55 AA 01 05 04 94 FF FB 89
0001410909 RX 55 AA 01 05 24 94 00 00 01
0001411053 TX 55 AA 01 01 04
0001411074 RX 55 AA 01 05 04 94 FF FB 82
0001411103 TX 55 AA 01 01 24
0001411125 RX 55 AA 01 05 24 94 00 00 01
0001411154 TX 55 AA 01 04 01 00 00 05
0001411175 TX 55 AA 01 04 21 00 00 00
0001411197 RX 55 AA 01 05 04 94 FF FB 7F
0001411199 RX 55 AA 01 05 24 94 00 00 01
0001411343 TX 55 AA 01 01 04
0001411364 RX 55 AA 01 05 04 94 FF FB 77
0001411393 TX 55 AA 01 01 24
0001411415 RX 55 AA 01 05 24 94 00 00 01
0001411444 TX 55 AA 01 04 01 00 00 05
0001411467 TX 55 AA 01 04 21 00 00 00
0001411489 RX 55 AA 01 05 04 94 FF FB 72
0001411491 RX 55 AA 01 05 24 94 00 00 01
0001411634 TX 55 AA 01 01 04
0001411655 RX 55 AA 01 05 04 94 FF FB 6B
0001411684 TX 55 AA 01 01 24
0001411706 RX 55 AA 01 05 24 94 00 00 01
0001411735 TX 55 AA 01 04 01 00 00 05
0001411756 TX 55 AA 01 04 21 00 00 00
0001411778 RX 55 AA 01 05 04 94 FF FB 67
0001411780 RX 55 AA 01 05 24 94 00 00 01
0001411924 TX 55 AA 01 01 04
0001411945 RX 55 AA 01 05 04 94 FF FB 61
0001411974 TX 55 AA 01 01 24
0001411996 RX 55 AA 01 05 24 94 00 00 01
0001412025 TX 55 AA 01 04 01 00 00 05
0001412046 TX 55 AA 01 04 21 00 00 00
0001412068 RX 55 AA 01 05 04 94 FF FB 5D
0001412070 RX 55 AA 01 05 24 94 00 00 01
0001412214 TX 55 AA 01 01 04
0001412236 RX 55 AA 01 05 04 94 FF FB 57
0001412265 TX 55 AA 01 01 24
0001412287 RX 55 AA 01 05 24 94 00 00 01
0001412316 TX 55 AA 01 04 01 00 00 05
0001412337 TX 55 AA 01 04 21 00 00 00
0001412359 RX 55 AA 01 05 04 94 FF FB 53
0001412361 RX 55 AA 01 05 24 94 00 00 01
0001412504 TX 55 AA 01 01 04
0001412526 RX 55 AA 01 05 04 94 FF FB 4C
0001412555 TX 55 AA 01 01 24
0001412577 RX 55 AA 01 05 24 94 00 00 01
0001412606 TX 55 AA 01 04 01 00 00 05
0001412627 TX 55 AA 01 04 21 00 00 00
0001412649 RX 55 AA 01 05 04 94 FF FB 48
0001412651 RX 55 AA 01 05 24 94 00 00 01
0001412794 TX 55 AA 01 01 04
0001412815 RX 55 AA 01 05 04 94 FF FB 41
0001412844 TX 55 AA 01 01 24
0001412866 RX 55 AA 01 05 24 94 00 00 01
0001412895 TX 55 AA 01 04 01 00 00 05
0001412916 TX 55 AA 01 04 21 00 00 00
0001412938 RX 55 AA 01 05 04 94 FF FB 3D
0001412940 RX 55 AA 01 05 24 94 00 00 01
0001413084 TX 55 AA 01 01 04
0001413106 RX 55 AA 01 05 04 94 FF FB 36
0001413135 TX 55 AA 01 01 24
0001413157 RX 55 AA 01 05 24 94 00 00 01
0001413186 TX 55 AA 01 04 01 00 00 05
0001413207 TX 55 AA 01 04 21 00 00 00
0001413229 RX 55 AA 01 05 04 94 FF FB 33
0001413231 RX 55 AA 01 05 24 94 00 00 01
0001413375 TX 55 AA 01 01 04
0001413396 RX 55 AA 01 05 04 94 FF FB 2C
0001413425 TX 55 AA 01 01 24
0001413449 RX 55 AA 01 05 24 94 00 00 01
0001413478 TX 55 AA 01 04 01 00 00 05
0001413499 TX 55 AA 01 04 21 00 00 00
0001413521 RX 55 AA 01 05 04 94 FF FB 28
0001413523 RX 55 AA 01 05 24 94 00 00 01
0001413665 TX 55 AA 01 01 04
0001413687 RX 55 AA 01 05 04 94 FF FB 20
0001413716 TX 55 AA 01 01 24
0001413738 RX 55 AA 01 05 24 94 00 00 01
0001413767 TX 55 AA 01 04 01 00 00 05
0001413788 TX 55 AA 01 04 21 00 00 00
0001413810 RX 55 AA 01 05 04 94 FF FB 1B
0001413812 RX 55 AA 01 05 24 94 00 00 01
0001413955 TX 55 AA 01 01 04
0001413977 RX 55 AA 01 05 04 94 FF FB 14
0001414006 TX 55 AA 01 01 24
0001414028 RX 55 AA 01 05 24 94 00 00 01
0001414057 TX 55 AA 01 04 01 00 00 05
0001414078 TX 55 AA 01 04 21 00 00 00
0001414100 RX 55 AA 01 05 04 94 FF FB 10
0001414102 RX 55 AA 01 05 24 94 00 00 01
0001414245 TX 55 AA 01 01 04
0001414267 RX 55 AA 01 05 04 94 FF FB 0B
0001414296 TX 55 AA 01 01 24
0001414318 RX 55 AA 01 05 24 94 00 00 01
0001414347 TX 55 AA 01 04 01 00 00 05
0001414368 TX 55 AA 01 04 21 00 00 00
0001414390 RX 55 AA 01 05 04 94 FF FB 06
0001414395 RX 55 AA 01 05 24 94 00 00 01
0001414535 TX 55 AA 01 01 04
0001414557 RX 55 AA 01 05 04 94 FF FA FF
0001414586 TX 55 AA 01 01 24
0001414608 RX 55 AA 01 05 24 94 00 00 01
0001414637 TX 55 AA 01 04 01 00 00 05
0001414658 TX 55 AA 01 04 21 00 00 00
0001414680 RX 55 AA 01 05 04 94 FF FA FB
0001414682 RX 55 AA 01 05 24 94 00 00 01
0001414825 TX 55 AA 01 01 04
0001414847 RX 55 AA 01 05 04 94 FF FA F3
0001414876 TX 55 AA 01 01 24
0001414898 RX 55 AA 01 05 24 94 00 00 01
0001414927 TX 55 AA 01 04 01 00 00 05
0001414948 TX 55 AA 01 04 21 00 00 00
0001414970 RX 55 AA 01 05 04 94 FF FA EF
0001414972 RX 55 AA 01 05 24 94 00 00 01
0001415115 TX 55 AA 01 01 04
0001415137 RX 55 AA 01 05 04 94 FF FA E8
0001415166 TX 55 AA 01 01 24
0001415188 RX 55 AA 01 05 24 94 00 00 01
0001415217 TX 55 AA 01 04 01 00 00 05
0001415238 TX 55 AA 01 04 21 00 00 00
0001415260 RX 55 AA 01 05 04 94 FF FA E4
0001415262 RX 55 AA 01 05 24 94 00 00 01
0001415405 TX 55 AA 01 01 04
0001415427 RX 55 AA 01 05 04 94 FF FA DD
0001415456 TX 55 AA 01 01 24
0001415478 RX 55 AA 01 05 24 94 00 00 01
0001415507 TX 55 AA 01 04 01 00 00 05
0001415528 TX 55 AA 01 04 21 00 00 00
0001415550 RX 55 AA 01 05 04 94 FF FA D9
0001415552 RX 55 AA 01 05 24 94 00 00 01
0001415695 TX 55 AA 01 01 04
0001415717 RX 55 AA 01 05 04 94 FF FA D2
0001415746 TX 55 AA 01 01 24
0001415768 RX 55 AA 01 05 24 94 00 00 01
0001415797 TX 55 AA 01 04 01 00 00 05
0001415818 TX 55 AA 01 04 21 00 00 00
0001415840 RX 55 AA 01 05 04 94 FF FA CE
0001415842 RX 55 AA 01 05 24 94 00 00 01
0001415985 TX 55 AA 01 01 04
0001416007 RX 55 AA 01 05 04 94 FF FA C5
0001416036 TX 55 AA 01 01 24
0001416058 RX 55 AA 01 05 24 94 00 00 01
0001416087 TX 55 AA 01 04 01 00 00 05
0001416108 TX 55 AA 01 04 21 00 00 00
0001416130 RX 55 AA 01 05 04 94 FF FA C1
0001416132 RX 55 AA 01 05 24 94 00 00 01
0001416275 TX 55 AA 01 01 04
0001416297 RX 55 AA 01 05 04 94 FF FA BA
0001416326 TX 55 AA 01 01 24
0001416348 RX 55 AA 01 05 24 94 00 00 01
0001416377 TX 55 AA 01 04 01 00 00 05
0001416398 TX 55 AA 01 04 21 00 00 00
0001416456 RX 55 AA 01 05 04 94 FF FA B7
0001416459 RX 55 AA 01 05 24 94 00 00 01
0001416565 TX 55 AA 01 01 04
0001416587 RX 55 AA 01 05 04 94 FF FA B0
0001416616 TX 55 AA 01 01 24
0001416638 RX 55 AA 01 05 24 94 00 00 01
0001416667 TX 55 AA 01 04 01 00 00 05
0001416688 TX 55 AA 01 04 21 00 00 00
0001416710 RX 55 AA 01 05 04 94 FF FA AC
0001416712 RX 55 AA 01 05 24 94 00 00 01
0001416855 TX 55 AA 01 01 04
0001416877 RX 55 AA 01 05 04 94 FF FA A6
0001416906 TX 55 AA 01 01 24
0001416928 RX 55 AA 01 05 24 94 00 00 01
0001416957 TX 55 AA 01 04 01 00 00 05
0001416978 TX 55 AA 01 04 21 00 00 00
0001417000 RX 55 AA 01 05 04 94 FF FA A1
0001417002 RX 55 AA 01 05 24 94 00 00 01
0001417145 TX 55 AA 01 01 04
0001417167 RX 55 AA 01 05 04 94 FF FA 99
0001417196 TX 55 AA 01 01 24
0001417218 RX 55 AA 01 05 24 94 00 00 01
0001417247 TX 55 AA 01 04 01 00 00 05
0001417268 TX 55 AA 01 04 21 00 00 00
0001417290 RX 55 AA 01 05 04 94 FF FA 95
0001417292 RX 55 AA 01 05 24 94 00 00 01
0001417435 TX 55 AA 01 01 04
0001417460 RX 55 AA 01 05 04 94 FF FA 8F
0001417489 TX 55 AA 01 01 24
0001417511 RX 55 AA 01 05 24 94 00 00 01
0001417540 TX 55 AA 01 04 01 00 00 05
0001417561 TX 55 AA 01 04 21 00 00 00
0001417583 RX 55 AA 01 05 04 94 FF FA 8A
0001417585 RX 55 AA 01 05 24 94 00 00 01
0001417725 TX 55 AA 01 01 04
0001417747 RX 55 AA 01 05 04 94 FF FA 84
0001417776 TX 55 AA 01 01 24
0001417798 RX 55 AA 01 05 24 94 00 00 01
0001417827 TX 55 AA 01 04 01 00 00 05
0001417848 TX 55 AA 01 04 21 00 00 00
0001417870 RX 55 AA 01 05 04 94 FF FA 80
0001417872 RX 55 AA 01 05 24 94 00 00 01
0001418015 TX 55 AA 01 01 04
0001418037 RX 55 AA 01 05 04 94 FF FA 7A
0001418066 TX 55 AA 01 01 24
0001418088 RX 55 AA 01 05 24 94 00 00 01
0001418117 TX 55 AA 01 04 01 00 00 05
0001418138 TX 55 AA 01 04 21 00 00 00
0001418160 RX 55 AA 01 05 04 94 FF FA 75
0001418162 RX 55 AA 01 05 24 94 00 00 01
0001418305 TX 55 AA 01 01 04
0001418327 RX 55 AA 01 05 04 94 FF FA 6D
0001418356 TX 55 AA 01 01 24
0001418378 RX 55 AA 01 05 24 94 00 00 01
0001418407 TX 55 AA 01 04 01 00 00 05
0001418428 TX 55 AA 01 04 21 00 00 00
0001418450 RX 55 AA 01 05 04 94 FF FA 69
0001418452 RX 55 AA 01 05 24 94 00 00 01
0001418595 TX 55 AA 01 01 04
0001418617 RX 55 AA 01 05 04 94 FF FA 63
0001418646 TX 55 AA 01 01 24
0001418668 RX 55 AA 01 05 24 94 00 00 01
0001418697 TX 55 AA 01 04 01 00 00 05
0001418718 TX 55 AA 01 04 21 00 00 00
0001418740 RX 55 AA 01 05 04 94 FF FA 5F
0001418742 RX 55 AA 01 05 24 94 00 00 01
0001418885 TX 55 AA 01 01 04
0001418906 RX 55 AA 01 05 04 94 FF FA 58
0001418935 TX 55 AA 01 01 24
0001418957 RX 55 AA 01 05 24 94 00 00 01
0001418986 TX 55 AA 01 04 01 00 00 05
0001419007 TX 55 AA 01 04 21 00 00 00
0001419029 RX 55 AA 01 05 04 94 FF FA 55
0001419031 RX 55 AA 01 05 24 94 00 00 01
0001419175 TX 55 AA 01 01 04
0001419196 RX 55 AA 01 05 04 94 FF FA 4F
0001419225 TX 55 AA 01 01 24
0001419247 RX 55 AA 01 05 24 94 00 00 01
0001419276 TX 55 AA 01 04 01 00 00 05
0001419297 TX 55 AA 01 04 21 00 00 00
0001419319 RX 55 AA 01 05 04 94 FF FA 4A
0001419321 RX 55 AA 01 05 24 94 00 00 01
0001419465 TX 55 AA 01 01 04
0001419487 RX 55 AA 01 05 04 94 FF FA 42
0001419516 TX 55 AA 01 01 24
0001419538 RX 55 AA 01 05 24 94 00 00 01
0001419567 TX 55 AA 01 04 01 00 00 05
0001419588 TX 55 AA 01 04 21 00 00 00
0001419610 RX 55 AA 01 05 04 94 FF FA 3F
0001419612 RX 55 AA 01 05 24 94 00 00 01
0001419755 TX 55 AA 01 01 04
0001419776 RX 55 AA 01 05 04 94 FF FA 37
0001419805 TX 55 AA 01 01 24
0001419827 RX 55 AA 01 05 24 94 00 00 01
0001419856 TX 55 AA 01 04 01 00 00 05
0001419877 TX 55 AA 01 04 21 00 00 00
0001419899 RX 55 AA 01 05 04 94 FF FA 33
0001419901 RX 55 AA 01 05 24 94 00 00 01
0001420046 TX 55 AA 01 01 04
0001420067 RX 55 AA 01 05 04 94 FF FA 2C
0001420096 TX 55 AA 01 01 24
0001420118 RX 55 AA 01 05 24 94 00 00 01
0001420147 TX 55 AA 01 04 01 00 00 05
0001420168 TX 55 AA 01 04 21 00 00 00
0001420190 RX 55 AA 01 05 04 94 FF FA 28
0001420192 RX 55 AA 01 05 24 94 00 00 01
0001420335 TX 55 AA 01 01 04
0001420356 RX 55 AA 01 05 04 94 FF FA 21
0001420385 TX 55 AA 01 01 24
0001420409 RX 55 AA 01 05 24 94 00 00 01
0001420438 TX 55 AA 01 04 01 00 00 05
0001420459 TX 55 AA 01 04 21 00 00 00
0001420481 RX 55 AA 01 05 04 94 FF FA 1C
0001420483 RX 55 AA 01 05 24 94 00 00 01
0001420625 TX 55 AA 01 01 04
0001420647 RX 55 AA 01 05 04 94 FF FA 14
0001420676 TX 55 AA 01 01 24
0001420698 RX 55 AA 01 05 24 94 00 00 01
0001420727 TX 55 AA 01 04 01 00 00 05
0001420748 TX 55 AA 01 04 21 00 00 00
0001420770 RX 55 AA 01 05 04 94 FF FA 10
0001420772 RX 55 AA 01 05 24 94 00 00 01
0001420915 TX 55 AA 01 01 04
0001420936 RX 55 AA 01 05 04 94 FF FA 0A
0001420965 TX 55 AA 01 01 24
0001420987 RX 55 AA 01 05 24 94 00 00 01
0001421016 TX 55 AA 01 04 01 00 00 05
0001421037 TX 55 AA 01 04 21 00 00 00
0001421059 RX 55 AA 01 05 04 94 FF FA 06
0001421061 RX 55 AA 01 05 24 94 00 00 01
0001421205 TX 55 AA 01 01 04
0001421227 RX 55 AA 01 05 04 94 FF F9 FF
0001421256 TX 55 AA 01 01 24
0001421278 RX 55 AA 01 05 24 94 00 00 01
0001421307 TX 55 AA 01 04 01 00 00 05
0001421328 TX 55 AA 01 04 21 00 00 00
0001421350 RX 55 AA 01 05 04 94 FF F9 FC
0001421355 RX 55 AA 01 05 24 94 00 00 01
0001421495 TX 55 AA 01 01 04
0001421517 RX 55 AA 01 05 04 94 FF F9 F5
0001421546 TX 55 AA 01 01 24
0001421568 RX 55 AA 01 05 24 94 00 00 01
0001421597 TX 55 AA 01 04 01 00 00 05
0001421618 TX 55 AA 01 04 21 00 00 00
0001421640 RX 55 AA 01 05 04 94 FF F9 F0
0001421642 RX 55 AA 01 05 24 94 00 00 01
0001421785 TX 55 AA 01 01 04
0001421807 RX 55 AA 01 05 04 94 FF F9 E9
0001421836 TX 55 AA 01 01 24
0001421858 RX 55 AA 01 05 24 94 00 00 01
0001421887 TX 55 AA 01 04 01 00 00 05
0001421908 TX 55 AA 01 04 21 00 00 00
0001421930 RX 55 AA 01 05 04 94 FF F9 E5
0001421932 RX 55 AA 01 05 24 94 00 00 01
0001422075 TX 55 AA 01 01 04
0001422097 RX 55 AA 01 05 04 94 FF F9 DE
0001422126 TX 55 AA 01 01 24
0001422148 RX 55 AA 01 05 24 94 00 00 01
0001422177 TX 55 AA 01 04 01 00 00 05
0001422198 TX 55 AA 01 04 21 00 00 00
0001422220 RX 55 AA 01 05 04 94 FF F9 DA
0001422222 RX 55 AA 01 05 24 94 00 00 01
0001422365 TX 55 AA 01 01 04
0001422386 RX 55 AA 01 05 04 94 FF F9 D3
0001422415 TX 55 AA 01 01 24
0001422437 RX 55 AA 01 05 24 94 00 00 01
0001422466 TX 55 AA 01 04 01 00 00 05
0001422487 TX 55 AA 01 04 21 00 00 00
0001422509 RX 55 AA 01 05 04 94 FF F9 CF
0001422511 RX 55 AA 01 05 24 94 00 00 01
0001422655 TX 55 AA 01 01 04
0001422676 RX 55 AA 01 05 04 94 FF F9 C7
0001422705 TX 55 AA 01 01 24
0001422727 RX 55 AA 01 05 24 94 00 00 01
0001422756 TX 55 AA 01 04 01 00 00 05
0001422777 TX 55 AA 01 04 21 00 00 00
0001422799 RX 55 AA 01 05 04 94 FF F9 C2
0001422801 RX 55 AA 01 05 24 94 00 00 01
0001422945 TX 55 AA 01 01 04
0001422966 RX 55 AA 01 05 04 94 FF F9 BB
0001422995 TX 55 AA 01 01 24
0001423017 RX 55 AA 01 05 24 94 00 00 01
0001423046 TX 55 AA 01 04 01 00 00 05
0001423067 TX 55 AA 01 04 21 00 00 00
0001423089 RX 55 AA 01 05 04 94 FF F9 B7
0001423091 RX 55 AA 01 05 24 94 00 00 01
0001423235 TX 55 AA 01 01 04
0001423257 RX 55 AA 01 05 04 94 FF F9 B1
0001423286 TX 55 AA 01 01 24
0001423308 RX 55 AA 01 05 24 94 00 00 01
0001423337 TX 55 AA 01 04 01 00 00 05
0001423358 TX 55 AA 01 04 21 00 00 00
0001423382 RX 55 AA 01 05 04 94 FF F9 AD
0001423384 RX 55 AA 01 05 24 94 00 00 01
0001423525 TX 55 AA 01 01 04
0001423547 RX 55 AA 01 05 04 94 FF F9 A7
0001423576 TX 55 AA 01 01 24
0001423598 RX 55 AA 01 05 24 94 00 00 01
0001423627 TX 55 AA 01 04 01 00 00 05
0001423648 TX 55 AA 01 04 21 00 00 00
0001423670 RX 55 AA 01 05 04 94 FF F9 A3
0001423672 RX 55 AA 01 05 24 94 00 00 01
0001423815 TX 55 AA 01 01 04
0001423837 RX 55 AA 01 05 04 94 FF F9 9D
0001423866 TX 55 AA 01 01 24
0001423888 RX 55 AA 01 05 24 94 00 00 01
0001423917 TX 55 AA 01 04 01 00 00 05
0001423938 TX 55 AA 01 04 21 00 00 00
0001423960 RX 55 AA 01 05 04 94 FF F9 98
0001423962 RX 55 AA 01 05 24 94 00 00 01
0001424105 TX 55 AA 01 01 04
0001424127 RX 55 AA 01 05 04 94 FF F9 92
0001424156 TX 55 AA 01 01 24
0001424178 RX 55 AA 01 05 24 94 00 00 01
0001424207 TX 55 AA 01 04 01 00 00 05
0001424228 TX 55 AA 01 04 21 00 00 00
0001424250 RX 55 AA 01 05 04 94 FF F9 8D
0001424252 RX 55 AA 01 05 24 94 00 00 01
0001424395 TX 55 AA 01 01 04
0001424420 RX 55 AA 01 05 04 94 FF F9 86
0001424449 TX 55 AA 01 01 24
0001424471 RX 55 AA 01 05 24 94 00 00 01
0001424500 TX 55 AA 01 04 01 00 00 05
0001424521 TX 55 AA 01 04 21 00 00 00
0001424543 RX 55 AA 01 05 04 94 FF F9 83
0001424545 RX 55 AA 01 05 24 94 00 00 01
0001424685 TX 55 AA 01 01 04
0001424707 RX 55 AA 01 05 04 94 FF F9 7C
0001424736 TX 55 AA 01 01 24
0001424758 RX 55 AA 01 05 24 94 00 00 01
0001424787 TX 55 AA 01 04 01 00 00 05
0001424808 TX 55 AA 01 04 21 00 00 00
0001424830 RX 55 AA 01 05 04 94 FF F9 79
0001424832 RX 55 AA 01 05 24 94 00 00 01
0001424976 TX 55 AA 01 01 04
0001424997 RX 55 AA 01 05 04 94 FF F9 70
0001425026 TX 55 AA 01 01 24
0001425048 RX 55 AA 01 05 24 94 00 00 01
0001425077 TX 55 AA 01 04 01 00 00 05
0001425098 TX 55 AA 01 04 21 00 00 00
0001425120 RX 55 AA 01 05 04 94 FF F9 6B
0001425122 RX 55 AA 01 05 24 94 00 00 01
0001425265 TX 55 AA 01 01 04
0001425287 RX 55 AA 01 05 04 94 FF F9 64
0001425316 TX 55 AA 01 01 24
0001425338 RX 55 AA 01 05 24 94 00 00 01
0001425367 TX 55 AA 01 04 01 00 00 05
0001425390 TX 55 AA 01 04 21 00 00 00
0001425412 RX 55 AA 01 05 04 94 FF F9 61
0001425414 RX 55 AA 01 05 24 94 00 00 01
0001425556 TX 55 AA 01 01 04
0001425577 RX 55 AA 01 05 04 94 FF F9 5B
0001425606 TX 55 AA 01 01 24
0001425628 RX 55 AA 01 05 24 94 00 00 01
0001425657 TX 55 AA 01 04 01 00 00 05
0001425678 TX 55 AA 01 04 21 00 00 00
0001425700 RX 55 AA 01 05 04 94 FF F9 57
0001425702 RX 55 AA 01 05 24 94 00 00 01
0001425846 TX 55 AA 01 01 04
0001425868 RX 55 AA 01 05 04 94 FF F9 50
0001425897 TX 55 AA 01 01 24
0001425919 RX 55 AA 01 05 24 94 00 00 01
0001425948 TX 55 AA 01 04 01 00 00 05
0001425969 TX 55 AA 01 04 21 00 00 00
0001425991 RX 55 AA 01 05 04 94 FF F9 4C
0001425993 RX 55 AA 01 05 24 94 00 00 01
0001426136 TX 55 AA 01 01 04
0001426157 RX 55 AA 01 05 04 94 FF F9 44
0001426186 TX 55 AA 01 01 24
0001426208 RX 55 AA 01 05 24 94 00 00 01
0001426237 TX 55 AA 01 04 01 00 00 05
0001426258 TX 55 AA 01 04 21 00 00 00
0001426280 RX 55 AA 01 05 04 94 FF F9 3F
0001426282 RX 55 AA 01 05 24 94 00 00 01
0001426426 TX 55 AA 01 01 04
0001426448 RX 55 AA 01 05 04 94 FF F9 39
0001426477 TX 55 AA 01 01 24
0001426499 RX 55 AA 01 05 24 94 00 00 01
0001426528 TX 55 AA 01 04 01 00 00 05
0001426549 TX 55 AA 01 04 21 00 00 00
0001426571 RX 55 AA 01 05 04 94 FF F9 34
0001426573 RX 55 AA 01 05 24 94 00 00 01
0001426716 TX 55 AA 01 01 04
0001426738 RX 55 AA 01 05 04 94 FF F9 2E
0001426767 TX 55 AA 01 01 24
0001426789 RX 55 AA 01 05 24 94 00 00 01
0001426818 TX 55 AA 01 04 01 00 00 05
0001426839 TX 55 AA 01 04 21 00 00 00
0001426861 RX 55 AA 01 05 04 94 FF F9 29
0001426869 RX 55 AA 01 05 24 94 00 00 01
0001427006 TX 55 AA 01 01 04
0001427028 RX 55 AA 01 05 04 94 FF F9 22
0001427057 TX 55 AA 01 01 24
0001427079 RX 55 AA 01 05 24 94 00 00 01
0001427108 TX 55 AA 01 04 01 00 00 05
0001427129 TX 55 AA 01 04 21 00 00 00
0001427151 RX 55 AA 01 05 04 94 FF F9 1E
0001427153 RX 55 AA 01 05 24 94 00 00 01
0001427296 TX 55 AA 01 01 04
0001427317 RX 55 AA 01 05 04 94 FF F9 16
0001427346 TX 55 AA 01 01 24
0001427368 RX 55 AA 01 05 24 94 00 00 01
0001427397 TX 55 AA 01 04 01 00 00 05
0001427418 TX 55 AA 01 04 21 00 00 00
0001427440 RX 55 AA 01 05 04 94 FF F9 11
0001427442 RX 55 AA 01 05 24 94 00 00 01
0001427586 TX 55 AA 01 01 04
0001427608 RX 55 AA 01 05 04 94 FF F9 0B
0001427637 TX 55 AA 01 01 24
0001427659 RX 55 AA 01 05 24 94 00 00 01
0001427688 TX 55 AA 01 04 01 00 00 05
0001427709 TX 55 AA 01 04 21 00 00 00
0001427731 RX 55 AA 01 05 04 94 FF F9 07
0001427733 RX 55 AA 01 05 24 94 00 00 01
0001427876 TX 55 AA 01 01 04
0001427898 RX 55 AA 01 05 04 94 FF F9 00
0001427927 TX 55 AA 01 01 24
0001427949 RX 55 AA 01 05 24 94 00 00 01
0001427978 TX 55 AA 01 04 01 00 00 05
0001427999 TX 55 AA 01 04 21 00 00 00
0001428021 RX 55 AA 01 05 04 94 FF F8 FD
0001428023 RX 55 AA 01 05 24 94 00 00 01
0001428167 TX 55 AA 01 01 04
0001428188 RX 55 AA 01 05 04 94 FF F8 F6
0001428217 TX 55 AA 01 01 24
0001428239 RX 55 AA 01 05 24 94 00 00 01
0001428268 TX 55 AA 01 04 01 00 00 05
0001428289 TX 55 AA 01 04 21 00 00 00
0001428311 RX 55 AA 01 05 04 94 FF F8 F1
0001428317 RX 55 AA 01 05 24 94 00 00 01
0001428456 TX 55 AA 01 01 04
0001428478 RX 55 AA 01 05 04 94 FF F8 E9
0001428507 TX 55 AA 01 01 24
0001428529 RX 55 AA 01 05 24 94 00 00 01
0001428558 TX 55 AA 01 04 01 00 00 05
0001428579 TX 55 AA 01 04 21 00 00 00
0001428601 RX 55 AA 01 05 04 94 FF F8 E6
0001428603 RX 55 AA 01 05 24 94 00 00 01
0001428746 TX 55 AA 01 01 04
0001428768 RX 55 AA 01 05 04 94 FF F8 DF
0001428797 TX 55 AA 01 01 24
0001428819 RX 55 AA 01 05 24 94 00 00 01
0001428848 TX 55 AA 01 04 01 00 00 05
0001428869 TX 55 AA 01 04 21 00 00 00
0001428891 RX 55 AA 01 05 04 94 FF F8 DB
0001428893 RX 55 AA 01 05 24 94 00 00 01
0001429037 TX 55 AA 01 01 04
0001429058 RX 55 AA 01 05 04 94 FF F8 D4
0001429087 TX 55 AA 01 01 24
0001429109 RX 55 AA 01 05 24 94 00 00 01
0001429138 TX 55 AA 01 04 01 00 00 05
0001429159 TX 55 AA 01 04 21 00 00 00
0001429181 RX 55 AA 01 05 04 94 FF F8 D1
0001429183 RX 55 AA 01 05 24 94 00 00 01
0001429326 TX 55 AA 01 01 04
0001429348 RX 55 AA 01 05 04 94 FF F8 CA
0001429377 TX 55 AA 01 01 24
0001429399 RX 55 AA 01 05 24 94 00 00 01
0001429428 TX 55 AA 01 04 01 00 00 05
0001429449 TX 55 AA 01 04 21 00 00 00
0001429471 RX 55 AA 01 05 04 94 FF F8 C5
0001429473 RX 55 AA 01 05 24 94 00 00 01
0001429616 TX 55 AA 01 01 04
0001429638 RX 55 AA 01 05 04 94 FF F8 BD
0001429667 TX 55 AA 01 01 24
0001429689 RX 55 AA 01 05 24 94 00 00 01
0001429718 TX 55 AA 01 04 01 00 00 05
0001429739 TX 55 AA 01 04 21 00 00 00
0001429761 RX 55 AA 01 05 04 94 FF F8 B9
0001429763 RX 55 AA 01 05 24 94 00 00 01
0001429906 TX 55 AA 01 01 04
0001429928 RX 55 AA 01 05 04 94 FF F8 B3
0001429957 TX 55 AA 01 01 24
0001429979 RX 55 AA 01 05 24 94 00 00 01
0001430008 TX 55 AA 01 04 01 00 00 05
0001430029 TX 55 AA 01 04 21 00 00 00
0001430051 RX 55 AA 01 05 04 94 FF F8 B0
0001430053 RX 55 AA 01 05 24 94 00 00 01
0001430197 TX 55 AA 01 01 04
0001430218 RX 55 AA 01 05 04 94 FF F8 A9
0001430247 TX 55 AA 01 01 24
0001430269 RX 55 AA 01 05 24 94 00 00 01
0001430298 TX 55 AA 01 04 01 00 00 05
0001430319 TX 55 AA 01 04 21 00 00 00
0001430343 RX 55 AA 01 05 04 94 FF F8 A5
0001430345 RX 55 AA 01 05 24 94 00 00 01
0001430487 TX 55 AA 01 01 04
0001430509 RX 55 AA 01 05 04 94 FF F8 9F
0001430538 TX 55 AA 01 01 24
0001430560 RX 55 AA 01 05 24 94 00 00 01
0001430589 TX 55 AA 01 04 01 00 00 05
0001430610 TX 55 AA 01 04 21 00 00 00
0001430632 RX 55 AA 01 05 04 94 FF F8 9B
0001430634 RX 55 AA 01 05 24 94 00 00 01
0001430777 TX 55 AA 01 01 04
0001430799 RX 55 AA 01 05 04 94 FF F8 93
0001430828 TX 55 AA 01 01 24
0001430850 RX 55 AA 01 05 24 94 00 00 01
0001430879 TX 55 AA 01 04 01 00 00 05
0001430900 TX 55 AA 01 04 21 00 00 00
0001430922 RX 55 AA 01 05 04 94 FF F8 8F
0001430924 RX 55 AA 01 05 24 94 00 00 01
0001431067 TX 55 AA 01 01 04
0001431089 RX 55 AA 01 05 04 94 FF F8 88
0001431118 TX 55 AA 01 01 24
0001431140 RX 55 AA 01 05 24 94 00 00 01
0001431169 TX 55 AA 01 04 01 00 00 05
0001431190 TX 55 AA 01 04 21 00 00 00
0001431212 RX 55 AA 01 05 04 94 FF F8 84
0001431214 RX 55 AA 01 05 24 94 00 00 01
0001431357 TX 55 AA 01 01 04
0001431382 RX 55 AA 01 05 04 94 FF F8 7D
0001431411 TX 55 AA 01 01 24
0001431433 RX 55 AA 01 05 24 94 00 00 01
0001431462 TX 55 AA 01 04 01 00 00 05
0001431483 TX 55 AA 01 04 21 00 00 00
0001431505 RX 55 AA 01 05 04 94 FF F8 79
0001431507 RX 55 AA 01 05 24 94 00 00 01
0001431647 TX 55 AA 01 01 04
0001431669 RX 55 AA 01 05 04 94 FF F8 71
0001431698 TX 55 AA 01 01 24
0001431720 RX 55 AA 01 05 24 94 00 00 01
0001431749 TX 55 AA 01 04 01 00 00 05
0001431770 TX 55 AA 01 04 21 00 00 00
0001431792 RX 55 AA 01 05 04 94 FF F8 6C
0001431794 RX 55 AA 01 05 24 94 00 00 01
0001431938 TX 55 AA 01 01 04
0001431959 RX 55 AA 01 05 04 94 FF F8 65
0001431988 TX 55 AA 01 01 24
0001432010 RX 55 AA 01 05 24 94 00 00 01
0001432039 TX 55 AA 01 04 01 00 00 05
0001432060 TX 55 AA 01 04 21 00 00 00
0001432082 RX 55 AA 01 05 04 94 FF F8 61
0001432084 RX 55 AA 01 05 24 94 00 00 01
0001432228 TX 55 AA 01 01 04
0001432249 RX 55 AA 01 05 04 94 FF F8 5A
0001432278 TX 55 AA 01 01 24
0001432300 RX 55 AA 01 05 24 94 00 00 01
0001432329 TX 55 AA 01 04 01 00 00 05
0001432354 TX 55 AA 01 04 21 00 00 00
0001432376 RX 55 AA 01 05 04 94 FF F8 57
0001432378 RX 55 AA 01 05 24 94 00 00 01
0001432517 TX 55 AA 01 01 04
0001432538 RX 55 AA 01 05 04 94 FF F8 50
0001432567 TX 55 AA 01 01 24
0001432589 RX 55 AA 01 05 24 94 00 00 01
0001432618 TX 55 AA 01 04 01 00 00 05
0001432639 TX 55 AA 01 04 21 00 00 00
0001432661 RX 55 AA 01 05 04 94 FF F8 4C
0001432663 RX 55 AA 01 05 24 94 00 00 01
0001432807 TX 55 AA 01 01 04
0001432828 RX 55 AA 01 05 04 94 FF F8 45
0001432857 TX 55 AA 01 01 24
0001432879 RX 55 AA 01 05 24 94 00 00 01
0001432908 TX 55 AA 01 04 01 00 00 05
0001432929 TX 55 AA 01 04 21 00 00 00
0001432951 RX 55 AA 01 05 04 94 FF F8 41
0001432953 RX 55 AA 01 05 24 94 00 00 01
0001433098 TX 55 AA 01 01 04
0001433119 RX 55 AA 01 05 04 94 FF F8 39
0001433148 TX 55 AA 01 01 24
0001433170 RX 55 AA 01 05 24 94 00 00 01
0001433199 TX 55 AA 01 04 01 00 00 05
0001433220 TX 55 AA 01 04 21 00 00 00
0001433242 RX 55 AA 01 05 04 94 FF F8 35
0001433244 RX 55 AA 01 05 24 94 00 00 01
0001433387 TX 55 AA 01 01 04
0001433409 RX 55 AA 01 05 04 94 FF F8 2E
0001433438 TX 55 AA 01 01 24
0001433460 RX 55 AA 01 05 24 94 00 00 01
0001433489 TX 55 AA 01 04 01 00 00 05
0001433510 TX 55 AA 01 04 21 00 00 00
0001433532 RX 55 AA 01 05 04 94 FF F8 2A
0001433534 RX 55 AA 01 05 24 94 00 00 01
0001433677 TX 55 AA 01 01 04
0001433699 RX 55 AA 01 05 04 94 FF F8 23
0001433728 TX 55 AA 01 01 24
0001433750 RX 55 AA 01 05 24 94 00 00 01
0001433779 TX 55 AA 01 04 01 00 00 05
0001433800 TX 55 AA 01 04 21 00 00 00
0001433822 RX 55 AA 01 05 04 94 FF F8 20
0001433824 RX 55 AA 01 05 24 94 00 00 01
0001433967 TX 55 AA 01 01 04
0001433988 RX 55 AA 01 05 04 94 FF F8 18
0001434017 TX 55 AA 01 01 24
0001434039 RX 55 AA 01 05 24 94 00 00 01
0001434068 TX 55 AA 01 04 01 00 00 05
0001434089 TX 55 AA 01 04 21 00 00 00
0001434111 RX 55 AA 01 05 04 94 FF F8 13
0001434113 RX 55 AA 01 05 24 94 00 00 01
0001434257 TX 55 AA 01 01 04
0001434279 RX 55 AA 01 05 04 94 FF F8 0B
0001434308 TX 55 AA 01 01 24
0001434330 RX 55 AA 01 05 24 94 00 00 01
0001434359 TX 55 AA 01 04 01 00 00 05
0001434381 TX 55 AA 01 04 21 00 00 00
0001434403 RX 55 AA 01 05 04 94 FF F8 08
0001434405 RX 55 AA 01 05 24 94 00 00 01
0001434548 TX 55 AA 01 01 04
0001434569 RX 55 AA 01 05 04 94 FF F8 02
0001434598 TX 55 AA 01 01 24
0001434620 RX 55 AA 01 05 24 94 00 00 01
0001434649 TX 55 AA 01 04 01 00 00 05
0001434670 TX 55 AA 01 04 21 00 00 00
0001434692 RX 55 AA 01 05 04 94 FF F7 FE
0001434694 RX 55 AA 01 05 24 94 00 00 01
0001434838 TX 55 AA 01 01 04
0001434860 RX 55 AA 01 05 04 94 FF F7 F8
0001434889 TX 55 AA 01 01 24
0001434911 RX 55 AA 01 05 24 94 00 00 01
0001434940 TX 55 AA 01 04 01 00 00 05
0001434961 TX 55 AA 01 04 21 00 00 00
0001434983 RX 55 AA 01 05 04 94 FF F7 F4
0001434985 RX 55 AA 01 05 24 94 00 00 01
0001435128 TX 55 AA 01 01 04
0001435150 RX 55 AA 01 05 04 94 FF F7 ED
0001435179 TX 55 AA 01 01 24
0001435201 RX 55 AA 01 05 24 94 00 00 01
0001435230 TX 55 AA 01 04 01 00 00 05
0001435251 TX 55 AA 01 04 21 00 00 00
0001435273 RX 55 AA 01 05 04 94 FF F7 E8
0001435278 RX 55 AA 01 05 24 94 00 00 01
0001435418 TX 55 AA 01 01 04
0001435440 RX 55 AA 01 05 04 94 FF F7 E2
0001435469 TX 55 AA 01 01 24
0001435491 RX 55 AA 01 05 24 94 00 00 01
0001435520 TX 55 AA 01 04 01 00 00 05
0001435541 TX 55 AA 01 04 21 00 00 00
0001435563 RX 55 AA 01 05 04 94 FF F7 DE
0001435565 RX 55 AA 01 05 24 94 00 00 01
0001435708 TX 55 AA 01 01 04
0001435729 RX 55 AA 01 05 04 94 FF F7 D7
0001435758 TX 55 AA 01 01 24
0001435780 RX 55 AA 01 05 24 94 00 00 01
0001435809 TX 55 AA 01 04 01 00 00 05
0001435830 TX 55 AA 01 04 21 00 00 00
0001435852 RX 55 AA 01 05 04 94 FF F7 D3
0001435854 RX 55 AA 01 05 24 94 00 00 01
0001435999 TX 55 AA 01 01 04
0001436020 RX 55 AA 01 05 04 94 FF F7 CD
0001436049 TX 55 AA 01 01 24
0001436071 RX 55 AA 01 05 24 94 00 00 01
0001436100 TX 55 AA 01 04 01 00 00 05
0001436121 TX 55 AA 01 04 21 00 00 00
0001436143 RX 55 AA 01 05 04 94 FF F7 C9
0001436145 RX 55 AA 01 05 24 94 00 00 01
0001436289 TX 55 AA 01 01 04
0001436311 RX 55 AA 01 05 04 94 FF F7 C0
0001436340 TX 55 AA 01 01 24
0001436362 RX 55 AA 01 05 24 94 00 00 01
0001436391 TX 55 AA 01 04 01 00 00 05
0001436412 TX 55 AA 01 04 21 00 00 00
0001436434 RX 55 AA 01 05 04 94 FF F7 BC
0001436436 RX 55 AA 01 05 24 94 00 00 01
0001436580 TX 55 AA 01 01 04
0001436601 RX 55 AA 01 05 04 94 FF F7 B5
0001436630 TX 55 AA 01 01 24
0001436652 RX 55 AA 01 05 24 94 00 00 01
0001436681 TX 55 AA 01 04 01 00 00 05
0001436702 TX 55 AA 01 04 21 00 00 00
0001436724 RX 55 AA 01 05 04 94 FF F7 B1
0001436726 RX 55 AA 01 05 24 94 00 00 01
0001436869 TX 55 AA 01 01 04
0001436891 RX 55 AA 01 05 04 94 FF F7 AB
0001436920 TX 55 AA 01 01 24
0001436942 RX 55 AA 01 05 24 94 00 00 01
0001436971 TX 55 AA 01 04 01 00 00 05
0001436992 TX 55 AA 01 04 21 00 00 00
0001437014 RX 55 AA 01 05 04 94 FF F7 A7
0001437016 RX 55 AA 01 05 24 94 00 00 01
0001437159 TX 55 AA 01 01 04
0001437180 RX 55 AA 01 05 04 94 FF F7 A0
0001437209 TX 55 AA 01 01 24
0001437231 RX 55 AA 01 05 24 94 00 00 01
0001437260 TX 55 AA 01 04 01 00 00 05
0001437281 TX 55 AA 01 04 21 00 00 00
0001437305 RX 55 AA 01 05 04 94 FF F7 9C
0001437307 RX 55 AA 01 05 24 94 00 00 01
0001437449 TX 55 AA 01 01 04
0001437471 RX 55 AA 01 05 04 94 FF F7 94
0001437500 TX 55 AA 01 01 24
0001437522 RX 55 AA 01 05 24 94 00 00 01
0001437551 TX 55 AA 01 04 01 00 00 05
0001437572 TX 55 AA 01 04 21 00 00 00
0001437594 RX 55 AA 01 05 04 94 FF F7 90
0001437596 RX 55 AA 01 05 24 94 00 00 01
0001437739 TX 55 AA 01 01 04
0001437761 RX 55 AA 01 05 04 94 FF F7 89
0001437790 TX 55 AA 01 01 24
0001437812 RX 55 AA 01 05 24 94 00 00 01
0001437841 TX 55 AA 01 04 01 00 00 05
0001437862 TX 55 AA 01 04 21 00 00 00
0001437884 RX 55 AA 01 05 04 94 FF F7 85
0001437886 RX 55 AA 01 05 24 94 00 00 01
0001438029 TX 55 AA 01 01 04
0001438051 RX 55 AA 01 05 04 94 FF F7 7E
0001438080 TX 55 AA 01 01 24
0001438102 RX 55 AA 01 05 24 94 00 00 01
0001438131 TX 55 AA 01 04 01 00 00 05
0001438152 TX 55 AA 01 04 21 00 00 00
0001438174 RX 55 AA 01 05 04 94 FF F7 7A
0001438176 RX 55 AA 01 05 24 94 00 00 01
0001438320 TX 55 AA 01 01 04
0001438344 RX 55 AA 01 05 04 94 FF F7 73
0001438374 TX 55 AA 01 01 24
0001438395 RX 55 AA 01 05 24 94 00 00 01
0001438424 TX 55 AA 01 04 01 00 00 05
0001438445 TX 55 AA 01 04 21 00 00 00
0001438467 RX 55 AA 01 05 04 94 FF F7 6E
0001438469 RX 55 AA 01 05 24 94 00 00 01
0001438609 TX 55 AA 01 01 04
0001438630 RX 55 AA 01 05 04 94 FF F7 66
0001438659 TX 55 AA 01 01 24
0001438681 RX 55 AA 01 05 24 94 00 00 01
0001438710 TX 55 AA 01 04 01 00 00 05
0001438731 TX 55 AA 01 04 21 00 00 00
0001438753 RX 55 AA 01 05 04 94 FF F7 62
0001438755 RX 55 AA 01 05 24 94 00 00 01
0001438899 TX 55 AA 01 01 04
0001438921 RX 55 AA 01 05 04 94 FF F7 5B
0001438950 TX 55 AA 01 01 24
0001438972 RX 55 AA 01 05 24 94 00 00 01
0001439001 TX 55 AA 01 04 01 00 00 05
0001439022 TX 55 AA 01 04 21 00 00 00
0001439044 RX 55 AA 01 05 04 94 FF F7 57
0001439046 RX 55 AA 01 05 24 94 00 00 01
0001439190 TX 55 AA 01 01 04
0001439211 RX 55 AA 01 05 04 94 FF F7 51
0001439240 TX 55 AA 01 01 24
0001439262 RX 55 AA 01 05 24 94 00 00 01
0001439291 TX 55 AA 01 04 01 00 00 05
0001439314 TX 55 AA 01 04 21 00 00 00
0001439336 RX 55 AA 01 05 04 94 FF F7 4D
0001439338 RX 55 AA 01 05 24 94 00 00 01
0001439479 TX 55 AA 01 01 04
0001439500 RX 55 AA 01 05 04 94 FF F7 46
0001439529 TX 55 AA 01 01 24
0001439551 RX 55 AA 01 05 24 94 00 00 01
0001439580 TX 55 AA 01 04 01 00 00 05
0001439601 TX 55 AA 01 04 21 00 00 00
0001439623 RX 55 AA 01 05 04 94 FF F7 42
0001439625 RX 55 AA 01 05 24 94 00 00 01
0001439769 TX 55 AA 01 01 04
0001439790 RX 55 AA 01 05 04 94 FF F7 3A
0001439819 TX 55 AA 01 01 24
0001439841 RX 55 AA 01 05 24 94 00 00 01
0001439870 TX 55 AA 01 04 01 00 00 05
0001439891 TX 55 AA 01 04 21 00 00 00
0001439913 RX 55 AA 01 05 04 94 FF F7 36
0001439915 RX 55 AA 01 05 24 94 00 00 01
0001440060 TX 55 AA 01 01 04
0001440081 RX 55 AA 01 05 04 94 FF F7 2F
0001440110 TX 55 AA 01 01 24
0001440132 RX 55 AA 01 05 24 94 00 00 01
0001440161 TX 55 AA 01 04 01 00 00 05
0001440182 TX 55 AA 01 04 21 00 00 00
0001440204 RX 55 AA 01 05 04 94 FF F7 2C
0001440206 RX 55 AA 01 05 24 94 00 00 01
0001440350 TX 55 AA 01 01 04
0001440372 RX 55 AA 01 05 04 94 FF F7 25
0001440401 TX 55 AA 01 01 24
0001440423 RX 55 AA 01 05 24 94 00 00 01
0001440452 TX 55 AA 01 04 01 00 00 05
0001440473 TX 55 AA 01 04 21 00 00 00
0001440495 RX 55 AA 01 05 04 94 FF F7 21
0001440497 RX 55 AA 01 05 24 94 00 00 01
0001440640 TX 55 AA 01 01 04
0001440662 RX 55 AA 01 05 04 94 FF F7 1A
0001440691 TX 55 AA 01 01 24
0001440713 RX 55 AA 01 05 24 94 00 00 01
0001440742 TX 55 AA 01 04 01 00 00 05
0001440763 TX 55 AA 01 04 21 00 00 00
0001440785 RX 55 AA 01 05 04 94 FF F7 16
0001440787 RX 55 AA 01 05 24 94 00 00 01
0001440930 TX 55 AA 01 01 04
0001440952 RX 55 AA 01 05 04 94 FF F7 0E
0001440981 TX 55 AA 01 01 24
0001441003 RX 55 AA 01 05 24 94 00 00 01
0001441032 TX 55 AA 01 04 01 00 00 05
0001441053 TX 55 AA 01 04 21 00 00 00
0001441075 RX 55 AA 01 05 04 94 FF F7 0A
0001441077 RX 55 AA 01 05 24 94 00 00 01
0001441220 TX 55 AA 01 01 04
0001441242 RX 55 AA 01 05 04 94 FF F7 03
0001441271 TX 55 AA 01 01 24
0001441293 RX 55 AA 01 05 24 94 00 00 01
0001441322 TX 55 AA 01 04 01 00 00 05
0001441344 TX 55 AA 01 04 21 00 00 00
0001441366 RX 55 AA 01 05 04 94 FF F7 00
0001441368 RX 55 AA 01 05 24 94 00 00 01
0001441510 TX 55 AA 01 01 04
0001441531 RX 55 AA 01 05 04 94 FF F6 F9
0001441560 TX 55 AA 01 01 24
0001441582 RX 55 AA 01 05 24 94 00 00 01
0001441611 TX 55 AA 01 04 01 00 00 05
0001441632 TX 55 AA 01 04 21 00 00 00
0001441654 RX 55 AA 01 05 04 94 FF F6 F5
0001441656 RX 55 AA 01 05 24 94 00 00 01
0001441800 TX 55 AA 01 01 04
0001441822 RX 55 AA 01 05 04 94 FF F6 EF
0001441851 TX 55 AA 01 01 24
0001441873 RX 55 AA 01 05 24 94 00 00 01
0001441902 TX 55 AA 01 04 01 00 00 05
0001441923 TX 55 AA 01 04 21 00 00 00
0001441945 RX 55 AA 01 05 04 94 FF F6 EB
0001441947 RX 55 AA 01 05 24 94 00 00 01
0001442090 TX 55 AA 01 01 04
0001442112 RX 55 AA 01 05 04 94 FF F6 E3
0001442141 TX 55 AA 01 01 24
0001442163 RX 55 AA 01 05 24 94 00 00 01
0001442192 TX 55 AA 01 04 01 00 00 05
0001442213 TX 55 AA 01 04 21 00 00 00
0001442235 RX 55 AA 01 05 04 94 FF F6 DF
0001442240 RX 55 AA 01 05 24 94 00 00 01
0001442380 TX 55 AA 01 01 04
0001442402 RX 55 AA 01 05 04 94 FF F6 D8
0001442431 TX 55 AA 01 01 24
0001442453 RX 55 AA 01 05 24 94 00 00 01
0001442482 TX 55 AA 01 04 01 00 00 05
0001442503 TX 55 AA 01 04 21 00 00 00
0001442525 RX 55 AA 01 05 04 94 FF F6 D4
0001442527 RX 55 AA 01 05 24 94 00 00 01
0001442670 TX 55 AA 01 01 04
0001442691 RX 55 AA 01 05 04 94 FF F6 CD
0001442720 TX 55 AA 01 01 24
0001442742 RX 55 AA 01 05 24 94 00 00 01
0001442771 TX 55 AA 01 04 01 00 00 05
0001442792 TX 55 AA 01 04 21 00 00 00
0001442814 RX 55 AA 01 05 04 94 FF F6 C9
0001442816 RX 55 AA 01 05 24 94 00 00 01
0001442960 TX 55 AA 01 01 04
0001442982 RX 55 AA 01 05 04 94 FF F6 C2
0001443011 TX 55 AA 01 01 24
0001443033 RX 55 AA 01 05 24 94 00 00 01
0001443062 TX 55 AA 01 04 01 00 00 05
0001443083 TX 55 AA 01 04 21 00 00 00
0001443105 RX 55 AA 01 05 04 94 FF F6 BD
0001443107 RX 55 AA 01 05 24 94 00 00 01
0001443251 TX 55 AA 01 01 04
0001443272 RX 55 AA 01 05 04 94 FF F6 B5
0001443302 TX 55 AA 01 01 24
0001443324 RX 55 AA 01 05 24 94 00 00 01
0001443353 TX 55 AA 01 04 01 00 00 05
0001443374 TX 55 AA 01 04 21 00 00 00
0001443396 RX 55 AA 01 05 04 94 FF F6 B1
0001443398 RX 55 AA 01 05 24 94 00 00 01
0001443540 TX 55 AA 01 01 04
0001443562 RX 55 AA 01 05 04 94 FF F6 AB
0001443591 TX 55 AA 01 01 24
0001443613 RX 55 AA 01 05 24 94 00 00 01
0001443642 TX 55 AA 01 04 01 00 00 05
0001443663 TX 55 AA 01 04 21 00 00 00
0001443685 RX 55 AA 01 05 04 94 FF F6 A7
0001443687 RX 55 AA 01 05 24 94 00 00 01
0001443830 TX 55 AA 01 01 04
0001443852 RX 55 AA 01 05 04 94 FF F6 A0
0001443881 TX 55 AA 01 01 24
0001443903 RX 55 AA 01 05 24 94 00 00 01
0001443932 TX 55 AA 01 04 01 00 00 05
0001443953 TX 55 AA 01 04 21 00 00 00
0001443975 RX 55 AA 01 05 04 94 FF F6 9D
0001443977 RX 55 AA 01 05 24 94 00 00 01
0001444120 TX 55 AA 01 01 04
0001444142 RX 55 AA 01 05 04 94 FF F6 95
0001444171 TX 55 AA 01 01 24
0001444193 RX 55 AA 01 05 24 94 00 00 01
0001444222 TX 55 AA 01 04 01 00 00 05
0001444243 TX 55 AA 01 04 21 00 00 00
0001444269 RX 55 AA 01 05 04 94 FF F6 91
0001444272 RX 55 AA 01 05 24 94 00 00 01
0001444410 TX 55 AA 01 01 04
0001444432 RX 55 AA 01 05 04 94 FF F6 89
0001444461 TX 55 AA 01 01 24
0001444483 RX 55 AA 01 05 24 94 00 00 01
0001444512 TX 55 AA 01 04 01 00 00 05
0001444533 TX 55 AA 01 04 21 00 00 00
0001444555 RX 55 AA 01 05 04 94 FF F6 86
0001444557 RX 55 AA 01 05 24 94 00 00 01
0001444700 TX 55 AA 01 01 04
0001444722 RX 55 AA 01 05 04 94 FF F6 7F
0001444751 TX 55 AA 01 01 24
0001444773 RX 55 AA 01 05 24 94 00 00 01
0001444802 TX 55 AA 01 04 01 00 00 05
0001444823 TX 55 AA 01 04 21 00 00 00
0001444845 RX 55 AA 01 05 04 94 FF F6 7B
0001444847 RX 55 AA 01 05 24 94 00 00 01
0001444991 TX 55 AA 01 01 04
0001445012 RX 55 AA 01 05 04 94 FF F6 74
0001445041 TX 55 AA 01 01 24
0001445063 RX 55 AA 01 05 24 94 00 00 01
0001445092 TX 55 AA 01 04 01 00 00 05
0001445113 TX 55 AA 01 04 21 00 00 00
0001445135 RX 55 AA 01 05 04 94 FF F6 70
0001445137 RX 55 AA 01 05 24 94 00 00 01
0001445280 TX 55 AA 01 01 04
0001445304 RX 55 AA 01 05 04 94 FF F6 68
0001445333 TX 55 AA 01 01 24
0001445355 RX 55 AA 01 05 24 94 00 00 01
0001445384 TX 55 AA 01 04 01 00 00 05
0001445405 TX 55 AA 01 04 21 00 00 00
0001445427 RX 55 AA 01 05 04 94 FF F6 63
0001445429 RX 55 AA 01 05 24 94 00 00 01
0001445571 TX 55 AA 01 01 04
0001445592 RX 55 AA 01 05 04 94 FF F6 5C
0001445621 TX 55 AA 01 01 24
0001445643 RX 55 AA 01 05 24 94 00 00 01
0001445672 TX 55 AA 01 04 01 00 00 05
0001445693 TX 55 AA 01 04 21 00 00 00
0001445715 RX 55 AA 01 05 04 94 FF F6 58
0001445717 RX 55 AA 01 05 24 94 00 00 01
0001445861 TX 55 AA 01 01 04
0001445882 RX 55 AA 01 05 04 94 FF F6 52
0001445911 TX 55 AA 01 01 24
0001445933 RX 55 AA 01 05 24 94 00 00 01
0001445962 TX 55 AA 01 04 01 00 00 05
0001445983 TX 55 AA 01 04 21 00 00 00
0001446005 RX 55 AA 01 05 04 94 FF F6 4E
0001446007 RX 55 AA 01 05 24 94 00 00 01
0001446151 TX 55 AA 01 01 04
0001446173 RX 55 AA 01 05 04 94 FF F6 48
0001446202 TX 55 AA 01 01 24
0001446224 RX 55 AA 01 05 24 94 00 00 01
0001446253 TX 55 AA 01 04 01 00 00 05
0001446276 TX 55 AA 01 04 21 00 00 00
0001446298 RX 55 AA 01 05 04 94 FF F6 44
0001446300 RX 55 AA 01 05 24 94 00 00 01
0001446441 TX 55 AA 01 01 04
0001446463 RX 55 AA 01 05 04 94 FF F6 3D
0001446492 TX 55 AA 01 01 24
0001446514 RX 55 AA 01 05 24 94 00 00 01
0001446543 TX 55 AA 01 04 01 00 00 05
0001446564 TX 55 AA 01 04 21 00 00 00
0001446586 RX 55 AA 01 05 04 94 FF F6 39
0001446588 RX 55 AA 01 05 24 94 00 00 01
0001446732 TX 55 AA 01 01 04
0001446753 RX 55 AA 01 05 04 94 FF F6 32
0001446782 TX 55 AA 01 01 24
0001446804 RX 55 AA 01 05 24 94 00 00 01
0001446833 TX 55 AA 01 04 01 00 00 05
0001446854 TX 55 AA 01 04 21 00 00 00
0001446876 RX 55 AA 01 05 04 94 FF F6 2E
0001446878 RX 55 AA 01 05 24 94 00 00 01
0001447021 TX 55 AA 01 01 04
0001447042 RX 55 AA 01 05 04 94 FF F6 27
0001447071 TX 55 AA 01 01 24
0001447093 RX 55 AA 01 05 24 94 00 00 01
0001447122 TX 55 AA 01 04 01 00 00 05
0001447143 TX 55 AA 01 04 21 00 00 00
0001447165 RX 55 AA 01 05 04 94 FF F6 24
0001447167 RX 55 AA 01 05 24 94 00 00 01
0001447311 TX 55 AA 01 01 04
0001447333 RX 55 AA 01 05 04 94 FF F6 1D
0001447362 TX 55 AA 01 01 24
0001447384 RX 55 AA 01 05 24 94 00 00 01
0001447413 TX 55 AA 01 04 01 00 00 05
0001447434 TX 55 AA 01 04 21 00 00 00
0001447456 RX 55 AA 01 05 04 94 FF F6 19
0001447458 RX 55 AA 01 05 24 94 00 00 01
0001447601 TX 55 AA 01 01 04
0001447622 RX 55 AA 01 05 04 94 FF F6 11
0001447651 TX 55 AA 01 01 24
0001447673 RX 55 AA 01 05 24 94 00 00 01
0001447702 TX 55 AA 01 04 01 00 00 05
0001447723 TX 55 AA 01 04 21 00 00 00
0001447745 RX 55 AA 01 05 04 94 FF F6 0D
0001447747 RX 55 AA 01 05 24 94 00 00 01
0001447891 TX 55 AA 01 01 04
0001447913 RX 55 AA 01 05 04 94 FF F6 05
0001447942 TX 55 AA 01 01 24
0001447964 RX 55 AA 01 05 24 94 00 00 01
0001447993 TX 55 AA 01 04 01 00 00 05
0001448014 TX 55 AA 01 04 21 00 00 00
0001448036 RX 55 AA 01 05 04 94 FF F6 01
0001448038 RX 55 AA 01 05 24 94 00 00 01
0001448181 TX 55 AA 01 01 04
0001448202 RX 55 AA 01 05 04 94 FF F5 FB
0001448231 TX 55 AA 01 01 24
0001448253 RX 55 AA 01 05 24 94 00 00 01
0001448282 TX 55 AA 01 04 01 00 00 05
0001448303 TX 55 AA 01 04 21 00 00 00
0001448325 RX 55 AA 01 05 04 94 FF F5 F7
0001448327 RX 55 AA 01 05 24 94 00 00 01
0001448471 TX 55 AA 01 01 04
0001448492 RX 55 AA 01 05 04 94 FF F5 F0
0001448521 TX 55 AA 01 01 24
0001448543 RX 55 AA 01 05 24 94 00 00 01
0001448572 TX 55 AA 01 04 01 00 00 05
0001448593 TX 55 AA 01 04 21 00 00 00
0001448615 RX 55 AA 01 05 04 94 FF F5 ED
0001448617 RX 55 AA 01 05 24 94 00 00 01
0001448761 TX 55 AA 01 01 04
0001448783 RX 55 AA 01 05 04 94 FF F5 E4
0001448812 TX 55 AA 01 01 24
0001448834 RX 55 AA 01 05 24 94 00 00 01
0001448863 TX 55 AA 01 04 01 00 00 05
0001448884 TX 55 AA 01 04 21 00 00 00
0001448906 RX 55 AA 01 05 04 94 FF F5 E0
0001448908 RX 55 AA 01 05 24 94 00 00 01
0001449052 TX 55 AA 01 01 04
0001449073 RX 55 AA 01 05 04 94 FF F5 D9
0001449102 TX 55 AA 01 01 24
0001449124 RX 55 AA 01 05 24 94 00 00 01
0001449153 TX 55 AA 01 04 01 00 00 05
0001449174 TX 55 AA 01 04 21 00 00 00
0001449196 RX 55 AA 01 05 04 94 FF F5 D5
0001449201 RX 55 AA 01 05 24 94 00 00 01
0001449342 TX 55 AA 01 01 04
0001449364 RX 55 AA 01 05 04 94 FF F5 CE
0001449393 TX 55 AA 01 01 24
0001449415 RX 55 AA 01 05 24 94 00 00 01
0001449444 TX 55 AA 01 04 01 00 00 05
0001449465 TX 55 AA 01 04 21 00 00 00
0001449487 RX 55 AA 01 05 04 94 FF F5 CA
0001449489 RX 55 AA 01 05 24 94 00 00 01
0001449632 TX 55 AA 01 01 04
0001449654 RX 55 AA 01 05 04 94 FF F5 C3
0001449683 TX 55 AA 01 01 24
0001449705 RX 55 AA 01 05 24 94 00 00 01
0001449734 TX 55 AA 01 04 01 00 00 05
0001449755 TX 55 AA 01 04 21 00 00 00
0001449777 RX 55 AA 01 05 04 94 FF F5 BF
0001449779 RX 55 AA 01 05 24 94 00 00 01
0001449922 TX 55 AA 01 01 04
0001449943 RX 55 AA 01 05 04 94 FF F5 B7
0001449972 TX 55 AA 01 01 24
0001449994 RX 55 AA 01 05 24 94 00 00 01
0001450023 TX 55 AA 01 04 01 00 00 05
0001450044 TX 55 AA 01 04 21 00 00 00
0001450066 RX 55 AA 01 05 04 94 FF F5 B2
0001450068 RX 55 AA 01 05 24 94 00 00 01
0001450212 TX 55 AA 01 01 04
0001450234 RX 55 AA 01 05 04 94 FF F5 AB
0001450264 TX 55 AA 01 01 24
0001450292 RX 55 AA 01 05 24 94 00 00 01
0001450315 TX 55 AA 01 04 01 00 00 05
0001450336 TX 55 AA 01 04 21 00 00 00
0001450358 RX 55 AA 01 05 04 94 FF F5 A8
0001450360 RX 55 AA 01 05 24 94 00 00 01
0001450502 TX 55 AA 01 01 04
0001450524 RX 55 AA 01 05 04 94 FF F5 A1
0001450553 TX 55 AA 01 01 24
0001450575 RX 55 AA 01 05 24 94 00 00 01
0001450604 TX 55 AA 01 04 01 00 00 05
0001450625 TX 55 AA 01 04 21 00 00 00
0001450647 RX 55 AA 01 05 04 94 FF F5 9D
0001450649 RX 55 AA 01 05 24 94 00 00 01
0001450793 TX 55 AA 01 01 04
0001450814 RX 55 AA 01 05 04 94 FF F5 97
0001450843 TX 55 AA 01 01 24
0001450865 RX 55 AA 01 05 24 94 00 00 01
0001450894 TX 55 AA 01 04 01 00 00 05
0001450915 TX 55 AA 01 04 21 00 00 00
0001450937 RX 55 AA 01 05 04 94 FF F5 92
0001450939 RX 55 AA 01 05 24 94 00 00 01
0001451082 TX 55 AA 01 01 04
0001451104 RX 55 AA 01 05 04 94 FF F5 8B
0001451133 TX 55 AA 01 01 24
0001451155 RX 55 AA 01 05 24 94 00 00 01
0001451184 TX 55 AA 01 04 01 00 00 05
0001451205 TX 55 AA 01 04 21 00 00 00
0001451229 RX 55 AA 01 05 04 94 FF F5 86
0001451231 RX 55 AA 01 05 24 94 00 00 01
0001451372 TX 55 AA 01 01 04
0001451394 RX 55 AA 01 05 04 94 FF F5 80
0001451423 TX 55 AA 01 01 24
0001451445 RX 55 AA 01 05 24 94 00 00 01
0001451474 TX 55 AA 01 04 01 00 00 05
0001451495 TX 55 AA 01 04 21 00 00 00
0001451517 RX 55 AA 01 05 04 94 FF F5 7C
0001451519 RX 55 AA 01 05 24 94 00 00 01
0001451663 TX 55 AA 01 01 04
0001451684 RX 55 AA 01 05 04 94 FF F5 75
0001451713 TX 55 AA 01 01 24
0001451735 RX 55 AA 01 05 24 94 00 00 01
0001451764 TX 55 AA 01 04 01 00 00 05
0001451785 TX 55 AA 01 04 21 00 00 00
0001451807 RX 55 AA 01 05 04 94 FF F5 71
0001451809 RX 55 AA 01 05 24 94 00 00 01
0001451952 TX 55 AA 01 01 04
0001451973 RX 55 AA 01 05 04 94 FF F5 6B
0001452002 TX 55 AA 01 01 24
0001452024 RX 55 AA 01 05 24 94 00 00 01
0001452053 TX 55 AA 01 04 01 00 00 05
0001452074 TX 55 AA 01 04 21 00 00 00
0001452096 RX 55 AA 01 05 04 94 FF F5 66
0001452098 RX 55 AA 01 05 24 94 00 00 01
0001452243 TX 55 AA 01 01 04
0001452268 RX 55 AA 01 05 04 94 FF F5 5E
0001452298 TX 55 AA 01 01 24
0001452319 RX 55 AA 01 05 24 94 00 00 01
0001452348 TX 55 AA 01 04 01 00 00 05
0001452369 TX 55 AA 01 04 21 00 00 00
0001452391 RX 55 AA 01 05 04 94 FF F5 5A
0001452393 RX 55 AA 01 05 24 94 00 00 01
0001452534 TX 55 AA 01 01 04
0001452555 RX 55 AA 01 05 04 94 FF F5 54
0001452584 TX 55 AA 01 01 24
0001452606 RX 55 AA 01 05 24 94 00 00 01
0001452635 TX 55 AA 01 04 01 00 00 05
0001452656 TX 55 AA 01 04 21 00 00 00
0001452678 RX 55 AA 01 05 04 94 FF F5 50
0001452680 RX 55 AA 01 05 24 94 00 00 01
0001452824 TX 55 AA 01 01 04
0001452846 RX 55 AA 01 05 04 94 FF F5 4A
0001452875 TX 55 AA 01 01 24
0001452897 RX 55 AA 01 05 24 94 00 00 01
0001452926 TX 55 AA 01 04 01 00 00 05
0001452947 TX 55 AA 01 04 21 00 00 00
0001452969 RX 55 AA 01 05 04 94 FF F5 46
0001452971 RX 55 AA 01 05 24 94 00 00 01
0001453114 TX 55 AA 01 01 04
0001453136 RX 55 AA 01 05 04 94 FF F5 3F
0001453165 TX 55 AA 01 01 24
0001453187 RX 55 AA 01 05 24 94 00 00 01
0001453216 TX 55 AA 01 04 01 00 00 05
0001453239 TX 55 AA 01 04 21 00 00 00
0001453261 RX 55 AA 01 05 04 94 FF F5 3B
0001453263 RX 55 AA 01 05 24 94 00 00 01
0001453405 TX 55 AA 01 01 04
0001453426 RX 55 AA 01 05 04 94 FF F5 33
0001453455 TX 55 AA 01 01 24
0001453477 RX 55 AA 01 05 24 94 00 00 01
0001453506 TX 55 AA 01 04 01 00 00 05
0001453527 TX 55 AA 01 04 21 00 00 00
0001453549 RX 55 AA 01 05 04 94 FF F5 2F
0001453551 RX 55 AA 01 05 24 94 00 00 01
0001453695 TX 55 AA 01 01 04
0001453717 RX 55 AA 01 05 04 94 FF F5 28
0001453746 TX 55 AA 01 01 24
0001453768 RX 55 AA 01 05 24 94 00 00 01
0001453797 TX 55 AA 01 04 01 00 00 05
0001453818 TX 55 AA 01 04 21 00 00 00
0001453840 RX 55 AA 01 05 04 94 FF F5 24
0001453842 RX 55 AA 01 05 24 94 00 00 01
0001453985 TX 55 AA 01 01 04
0001454007 RX 55 AA 01 05 04 94 FF F5 1D
0001454036 TX 55 AA 01 01 24
0001454058 RX 55 AA 01 05 24 94 00 00 01
0001454087 TX 55 AA 01 04 01 00 00 05
0001454108 TX 55 AA 01 04 21 00 00 00
0001454130 RX 55 AA 01 05 04 94 FF F5 19
0001454132 RX 55 AA 01 05 24 94 00 00 01
0001454275 TX 55 AA 01 01 04
0001454297 RX 55 AA 01 05 04 94 FF F5 12
0001454326 TX 55 AA 01 01 24
0001454348 RX 55 AA 01 05 24 94 00 00 01
0001454377 TX 55 AA 01 04 01 00 00 05
0001454398 TX 55 AA 01 04 21 00 00 00
0001454420 RX 55 AA 01 05 04 94 FF F5 0D
0001454422 RX 55 AA 01 05 24 94 00 00 01
0001454565 TX 55 AA 01 01 04
0001454587 RX 55 AA 01 05 04 94 FF F5 05
0001454616 TX 55 AA 01 01 24
0001454638 RX 55 AA 01 05 24 94 00 00 01
0001454667 TX 55 AA 01 04 01 00 00 05
0001454688 TX 55 AA 01 04 21 00 00 00
0001454710 RX 55 AA 01 05 04 94 FF F5 01
0001454712 RX 55 AA 01 05 24 94 00 00 01
0001454855 TX 55 AA 01 01 04
0001454877 RX 55 AA 01 05 04 94 FF F4 FB
0001454906 TX 55 AA 01 01 24
0001454928 RX 55 AA 01 05 24 94 00 00 01
0001454957 TX 55 AA 01 04 01 00 00 05
0001454978 TX 55 AA 01 04 21 00 00 00
0001455000 RX 55 AA 01 05 04 94 FF F4 F7
0001455002 RX 55 AA 01 05 24 94 00 00 01
0001455145 TX 55 AA 01 01 04
0001455167 RX 55 AA 01 05 04 94 FF F4 F1
0001455196 TX 55 AA 01 01 24
0001455218 RX 55 AA 01 05 24 94 00 00 01
0001455247 TX 55 AA 01 04 01 00 00 05
0001455269 TX 55 AA 01 04 21 00 00 00
0001455291 RX 55 AA 01 05 04 94 FF F4 ED
0001455293 RX 55 AA 01 05 24 94 00 00 01
0001455436 TX 55 AA 01 01 04
0001455457 RX 55 AA 01 05 04 94 FF F4 E6
0001455486 TX 55 AA 01 01 24
0001455508 RX 55 AA 01 05 24 94 00 00 01
0001455537 TX 55 AA 01 04 01 00 00 05
0001455558 TX 55 AA 01 04 21 00 00 00
0001455580 RX 55 AA 01 05 04 94 FF F4 E1
0001455582 RX 55 AA 01 05 24 94 00 00 01
0001455726 TX 55 AA 01 01 04
0001455747 RX 55 AA 01 05 04 94 FF F4 DA
0001455776 TX 55 AA 01 01 24
0001455798 RX 55 AA 01 05 24 94 00 00 01
0001455827 TX 55 AA 01 04 01 00 00 05
0001455848 TX 55 AA 01 04 21 00 00 00
0001455870 RX 55 AA 01 05 04 94 FF F4 D6
0001455872 RX 55 AA 01 05 24 94 00 00 01
0001456015 TX 55 AA 01 01 04
0001456037 RX 55 AA 01 05 04 94 FF F4 CF
0001456066 TX 55 AA 01 01 24
0001456088 RX 55 AA 01 05 24 94 00 00 01
0001456117 TX 55 AA 01 04 01 00 00 05
0001456138 TX 55 AA 01 04 21 00 00 00
0001456160 RX 55 AA 01 05 04 94 FF F4 CB
0001456166 RX 55 AA 01 05 24 94 00 00 01
0001456305 TX 55 AA 01 01 04
0001456327 RX 55 AA 01 05 04 94 FF F4 C4
0001456356 TX 55 AA 01 01 24
0001456378 RX 55 AA 01 05 24 94 00 00 01
0001456407 TX 55 AA 01 04 01 00 00 05
0001456428 TX 55 AA 01 04 21 00 00 00
0001456450 RX 55 AA 01 05 04 94 FF F4 C0
0001456452 RX 55 AA 01 05 24 94 00 00 01
0001456595 TX 55 AA 01 01 04
0001456616 RX 55 AA 01 05 04 94 FF F4 B8
0001456645 TX 55 AA 01 01 24
0001456667 RX 55 AA 01 05 24 94 00 00 01
0001456696 TX 55 AA 01 04 01 00 00 05
0001456717 TX 55 AA 01 04 21 00 00 00
0001456739 RX 55 AA 01 05 04 94 FF F4 B4
0001456741 RX 55 AA 01 05 24 94 00 00 01
0001456885 TX 55 AA 01 01 04
0001456907 RX 55 AA 01 05 04 94 FF F4 AC
0001456936 TX 55 AA 01 01 24
0001456958 RX 55 AA 01 05 24 94 00 00 01
0001456987 TX 55 AA 01 04 01 00 00 05
0001457008 TX 55 AA 01 04 21 00 00 00
0001457030 RX 55 AA 01 05 04 94 FF F4 A8
0001457032 RX 55 AA 01 05 24 94 00 00 01
0001457175 TX 55 AA 01 01 04
0001457196 RX 55 AA 01 05 04 94 FF F4 A2
0001457225 TX 55 AA 01 01 24
0001457247 RX 55 AA 01 05 24 94 00 00 01
0001457276 TX 55 AA 01 04 01 00 00 05
0001457297 TX 55 AA 01 04 21 00 00 00
0001457319 RX 55 AA 01 05 04 94 FF F4 9F
0001457321 RX 55 AA 01 05 24 94 00 00 01
0001457465 TX 55 AA 01 01 04
0001457487 RX 55 AA 01 05 04 94 FF F4 98
0001457516 TX 55 AA 01 01 24
0001457538 RX 55 AA 01 05 24 94 00 00 01
0001457567 TX 55 AA 01 04 01 00 00 05
0001457588 TX 55 AA 01 04 21 00 00 00
0001457610 RX 55 AA 01 05 04 94 FF F4 94
0001457612 RX 55 AA 01 05 24 94 00 00 01
0001457755 TX 55 AA 01 01 04
0001457776 RX 55 AA 01 05 04 94 FF F4 8E
0001457805 TX 55 AA 01 01 24
0001457827 RX 55 AA 01 05 24 94 00 00 01
0001457856 TX 55 AA 01 04 01 00 00 05
0001457877 TX 55 AA 01 04 21 00 00 00
0001457899 RX 55 AA 01 05 04 94 FF F4 89
0001457901 RX 55 AA 01 05 24 94 00 00 01
0001458045 TX 55 AA 01 01 04
0001458066 RX 55 AA 01 05 04 94 FF F4 82
0001458095 TX 55 AA 01 01 24
0001458117 RX 55 AA 01 05 24 94 00 00 01
0001458146 TX 55 AA 01 04 01 00 00 05
0001458167 TX 55 AA 01 04 21 00 00 00
0001458191 RX 55 AA 01 05 04 94 FF F4 7E
0001458193 RX 55 AA 01 05 24 94 00 00 01
0001458335 TX 55 AA 01 01 04
0001458357 RX 55 AA 01 05 04 94 FF F4 78
0001458386 TX 55 AA 01 01 24
0001458408 RX 55 AA 01 05 24 94 00 00 01
0001458437 TX 55 AA 01 04 01 00 00 05
0001458458 TX 55 AA 01 04 21 00 00 00
0001458480 RX 55 AA 01 05 04 94 FF F4 74
0001458482 RX 55 AA 01 05 24 94 00 00 01
0001458626 TX 55 AA 01 01 04
0001458647 RX 55 AA 01 05 04 94 FF F4 6D
0001458676 TX 55 AA 01 01 24
0001458698 RX 55 AA 01 05 24 94 00 00 01
0001458727 TX 55 AA 01 04 01 00 00 05
0001458748 TX 55 AA 01 04 21 00 00 00
0001458770 RX 55 AA 01 05 04 94 FF F4 69
0001458772 RX 55 AA 01 05 24 94 00 00 01
0001458915 TX 55 AA 01 01 04
0001458937 RX 55 AA 01 05 04 94 FF F4 61
0001458966 TX 55 AA 01 01 24
0001458988 RX 55 AA 01 05 24 94 00 00 01
0001459017 TX 55 AA 01 04 01 00 00 05
0001459038 TX 55 AA 01 04 21 00 00 00
0001459060 RX 55 AA 01 05 04 94 FF F4 5D
0001459062 RX 55 AA 01 05 24 94 00 00 01
0001459205 TX 55 AA 01 01 04
0001459229 RX 55 AA 01 05 04 94 FF F4 56
0001459258 TX 55 AA 01 01 24
0001459280 RX 55 AA 01 05 24 94 00 00 01
0001459309 TX 55 AA 01 04 01 00 00 05
0001459330 TX 55 AA 01 04 21 00 00 00
0001459352 RX 55 AA 01 05 04 94 FF F4 51
0001459354 RX 55 AA 01 05 24 94 00 00 01
0001459495 TX 55 AA 01 01 04
0001459517 RX 55 AA 01 05 04 94 FF F4 4C
0001459546 TX 55 AA 01 01 24
0001459568 RX 55 AA 01 05 24 94 00 00 01
0001459597 TX 55 AA 01 04 01 00 00 05
0001459618 TX 55 AA 01 04 21 00 00 00
0001459640 RX 55 AA 01 05 04 94 FF F4 48
0001459642 RX 55 AA 01 05 24 94 00 00 01
0001459785 TX 55 AA 01 01 04
0001459807 RX 55 AA 01 05 04 94 FF F4 41
0001459836 TX 55 AA 01 01 24
0001459858 RX 55 AA 01 05 24 94 00 00 01
0001459887 TX 55 AA 01 04 01 00 00 05
0001459908 TX 55 AA 01 04 21 00 00 00
0001459930 RX 55 AA 01 05 04 94 FF F4 3D
0001459932 RX 55 AA 01 05 24 94 00 00 01
0001460076 TX 55 AA 01 01 04
0001460097 RX 55 AA 01 05 04 94 FF F4 35
0001460126 TX 55 AA 01 01 24
0001460148 RX 55 AA 01 05 24 94 00 00 01
0001460177 TX 55 AA 01 04 01 00 00 05
0001460202 TX 55 AA 01 04 21 00 00 00
0001460224 RX 55 AA 01 05 04 94 FF F4 31
0001460226 RX 55 AA 01 05 24 94 00 00 01
0001460365 TX 55 AA 01 01 04
0001460387 RX 55 AA 01 05 04 94 FF F4 2A
0001460416 TX 55 AA 01 01 24
0001460438 RX 55 AA 01 05 24 94 00 00 01
0001460467 TX 55 AA 01 04 01 00 00 05
0001460488 TX 55 AA 01 04 21 00 00 00
0001460510 RX 55 AA 01 05 04 94 FF F4 25
0001460512 RX 55 AA 01 05 24 94 00 00 01
0001460656 TX 55 AA 01 01 04
0001460677 RX 55 AA 01 05 04 94 FF F4 1F
0001460706 TX 55 AA 01 01 24
0001460728 RX 55 AA 01 05 24 94 00 00 01
0001460757 TX 55 AA 01 04 01 00 00 05
0001460778 TX 55 AA 01 04 21 00 00 00
0001460800 RX 55 AA 01 05 04 94 FF F4 1B
0001460802 RX 55 AA 01 05 24 94 00 00 01
0001460945 TX 55 AA 01 01 04
0001460967 RX 55 AA 01 05 04 94 FF F4 14
0001460996 TX 55 AA 01 01 24
0001461018 RX 55 AA 01 05 24 94 00 00 01
0001461047 TX 55 AA 01 04 01 00 00 05
0001461068 TX 55 AA 01 04 21 00 00 00
0001461090 RX 55 AA 01 05 04 94 FF F4 0F
0001461092 RX 55 AA 01 05 24 94 00 00 01
0001461235 TX 55 AA 01 01 04
0001461257 RX 55 AA 01 05 04 94 FF F4 07
0001461286 TX 55 AA 01 01 24
0001461308 RX 55 AA 01 05 24 94 00 00 01
0001461337 TX 55 AA 01 04 01 00 00 05
0001461358 TX 55 AA 01 04 21 00 00 00
0001461380 RX 55 AA 01 05 04 94 FF F4 02
0001461382 RX 55 AA 01 05 24 94 00 00 01
0001461525 TX 55 AA 01 01 04
0001461547 RX 55 AA 01 05 04 94 FF F3 FC
0001461576 TX 55 AA 01 01 24
0001461598 RX 55 AA 01 05 24 94 00 00 01
0001461627 TX 55 AA 01 04 01 00 00 05
0001461648 TX 55 AA 01 04 21 00 00 00
0001461670 RX 55 AA 01 05 04 94 FF F3 F8
0001461672 RX 55 AA 01 05 24 94 00 00 01
0001461815 TX 55 AA 01 01 04
0001461836 RX 55 AA 01 05 04 94 FF F3 F2
0001461865 TX 55 AA 01 01 24
0001461887 RX 55 AA 01 05 24 94 00 00 01
0001461916 TX 55 AA 01 04 01 00 00 05
0001461937 TX 55 AA 01 04 21 00 00 00
0001461959 RX 55 AA 01 05 04 94 FF F3 EE
0001461961 RX 55 AA 01 05 24 94 00 00 01
0001462106 TX 55 AA 01 01 04
0001462127 RX 55 AA 01 05 04 94 FF F3 E7
0001462156 TX 55 AA 01 01 24
0001462178 RX 55 AA 01 05 24 94 00 00 01
0001462207 TX 55 AA 01 04 01 00 00 05
0001462229 TX 55 AA 01 04 21 00 00 00
0001462251 RX 55 AA 01 05 04 94 FF F3 E3
0001462253 RX 55 AA 01 05 24 94 00 00 01
0001462397 TX 55 AA 01 01 04
0001462418 RX 55 AA 01 05 04 94 FF F3 DB
0001462447 TX 55 AA 01 01 24
0001462469 RX 55 AA 01 05 24 94 00 00 01
0001462498 TX 55 AA 01 04 01 00 00 05
0001462519 TX 55 AA 01 04 21 00 00 00
0001462541 RX 55 AA 01 05 04 94 FF F3 D7
0001462543 RX 55 AA 01 05 24 94 00 00 01
0001462687 TX 55 AA 01 01 04
0001462709 RX 55 AA 01 05 04 94 FF F3 D0
0001462738 TX 55 AA 01 01 24
0001462760 RX 55 AA 01 05 24 94 00 00 01
0001462789 TX 55 AA 01 04 01 00 00 05
0001462810 TX 55 AA 01 04 21 00 00 00
0001462832 RX 55 AA 01 05 04 94 FF F3 CC
0001462834 RX 55 AA 01 05 24 94 00 00 01
0001462977 TX 55 AA 01 01 04
0001462999 RX 55 AA 01 05 04 94 FF F3 C5
0001463028 TX 55 AA 01 01 24
0001463050 RX 55 AA 01 05 24 94 00 00 01
0001463079 TX 55 AA 01 04 01 00 00 05
0001463100 TX 55 AA 01 04 21 00 00 00
0001463122 RX 55 AA 01 05 04 94 FF F3 C2
0001463127 RX 55 AA 01 05 24 94 00 00 01
0001463267 TX 55 AA 01 01 04
0001463289 RX 55 AA 01 05 04 94 FF F3 BB
0001463318 TX 55 AA 01 01 24
0001463340 RX 55 AA 01 05 24 94 00 00 01
0001463369 TX 55 AA 01 04 01 00 00 05
0001463390 TX 55 AA 01 04 21 00 00 00
0001463412 RX 55 AA 01 05 04 94 FF F3 B7
0001463414 RX 55 AA 01 05 24 94 00 00 01
0001463558 TX 55 AA 01 01 04
0001463579 RX 55 AA 01 05 04 94 FF F3 AF
0001463608 TX 55 AA 01 01 24
0001463630 RX 55 AA 01 05 24 94 00 00 01
0001463659 TX 55 AA 01 04 01 00 00 05
0001463680 TX 55 AA 01 04 21 00 00 00
0001463702 RX 55 AA 01 05 04 94 FF F3 AB
0001463704 RX 55 AA 01 05 24 94 00 00 01
0001463848 TX 55 AA 01 01 04
0001463870 RX 55 AA 01 05 04 94 FF F3 A4
0001463899 TX 55 AA 01 01 24
0001463921 RX 55 AA 01 05 24 94 00 00 01
0001463950 TX 55 AA 01 04 01 00 00 05
0001463971 TX 55 AA 01 04 21 00 00 00
0001463993 RX 55 AA 01 05 04 94 FF F3 A1
0001463995 RX 55 AA 01 05 24 94 00 00 01
0001464138 TX 55 AA 01 01 04
0001464159 RX 55 AA 01 05 04 94 FF F3 9A
0001464188 TX 55 AA 01 01 24
0001464210 RX 55 AA 01 05 24 94 00 00 01
0001464239 TX 55 AA 01 04 01 00 00 05
0001464260 TX 55 AA 01 04 21 00 00 00
0001464282 RX 55 AA 01 05 04 94 FF F3 97
0001464284 RX 55 AA 01 05 24 94 00 00 01
0001464428 TX 55 AA 01 01 04
0001464450 RX 55 AA 01 05 04 94 FF F3 90
0001464479 TX 55 AA 01 01 24
0001464501 RX 55 AA 01 05 24 94 00 00 01
0001464530 TX 55 AA 01 04 01 00 00 05
0001464551 TX 55 AA 01 04 21 00 00 00
0001464573 RX 55 AA 01 05 04 94 FF F3 8B
0001464575 RX 55 AA 01 05 24 94 00 00 01
0001464718 TX 55 AA 01 01 04
0001464740 RX 55 AA 01 05 04 94 FF F3 84
0001464769 TX 55 AA 01 01 24
0001464791 RX 55 AA 01 05 24 94 00 00 01
0001464820 TX 55 AA 01 04 01 00 00 05
0001464841 TX 55 AA 01 04 21 00 00 00
0001464863 RX 55 AA 01 05 04 94 FF F3 80
0001464865 RX 55 AA 01 05 24 94 00 00 01
0001465009 TX 55 AA 01 01 04
0001465030 RX 55 AA 01 05 04 94 FF F3 79
0001465059 TX 55 AA 01 01 24
0001465081 RX 55 AA 01 05 24 94 00 00 01
0001465110 TX 55 AA 01 04 01 00 00 05
0001465131 TX 55 AA 01 04 21 00 00 00
0001465155 RX 55 AA 01 05 04 94 FF F3 75
0001465157 RX 55 AA 01 05 24 94 00 00 01
0001465299 TX 55 AA 01 01 04
0001465321 RX 55 AA 01 05 04 94 FF F3 6E
0001465350 TX 55 AA 01 01 24
0001465372 RX 55 AA 01 05 24 94 00 00 01
0001465401 TX 55 AA 01 04 01 00 00 05
0001465422 TX 55 AA 01 04 21 00 00 00
0001465444 RX 55 AA 01 05 04 94 FF F3 6A
0001465446 RX 55 AA 01 05 24 94 00 00 01
0001465589 TX 55 AA 01 01 04
0001465611 RX 55 AA 01 05 04 94 FF F3 63
0001465640 TX 55 AA 01 01 24
0001465662 RX 55 AA 01 05 24 94 00 00 01
0001465691 TX 55 AA 01 04 01 00 00 05
0001465712 TX 55 AA 01 04 21 00 00 00
0001465734 RX 55 AA 01 05 04 94 FF F3 5E
0001465736 RX 55 AA 01 05 24 94 00 00 01
0001465879 TX 55 AA 01 01 04
0001465901 RX 55 AA 01 05 04 94 FF F3 56
0001465930 TX 55 AA 01 01 24
0001465952 RX 55 AA 01 05 24 94 00 00 01
0001465981 TX 55 AA 01 04 01 00 00 05
0001466002 TX 55 AA 01 04 21 00 00 00
0001466024 RX 55 AA 01 05 04 94 FF F3 51
0001466026 RX 55 AA 01 05 24 94 00 00 01
0001466170 TX 55 AA 01 01 04
0001466194 RX 55 AA 01 05 04 94 FF F3 4B
0001466223 TX 55 AA 01 01 24
0001466245 RX 55 AA 01 05 24 94 00 00 01
0001466274 TX 55 AA 01 04 01 00 00 05
0001466295 TX 55 AA 01 04 21 00 00 00
0001466317 RX 55 AA 01 05 04 94 FF F3 48
0001466319 RX 55 AA 01 05 24 94 00 00 01
0001466461 TX 55 AA 01 01 04
0001466482 RX 55 AA 01 05 04 94 FF F3 41
0001466511 TX 55 AA 01 01 24
0001466533 RX 55 AA 01 05 24 94 00 00 01
0001466562 TX 55 AA 01 04 01 00 00 05
0001466583 TX 55 AA 01 04 21 00 00 00
0001466605 RX 55 AA 01 05 04 94 FF F3 3D
0001466607 RX 55 AA 01 05 24 94 00 00 01
0001466750 TX 55 AA 01 01 04
0001466771 RX 55 AA 01 05 04 94 FF F3 36
0001466800 TX 55 AA 01 01 24
0001466822 RX 55 AA 01 05 24 94 00 00 01
0001466851 TX 55 AA 01 04 01 00 00 05
0001466872 TX 55 AA 01 04 21 00 00 00
0001466894 RX 55 AA 01 05 04 94 FF F3 32
0001466896 RX 55 AA 01 05 24 94 00 00 01
0001467040 TX 55 AA 01 01 04
0001467061 RX 55 AA 01 05 04 94 FF F3 2A
0001467090 TX 55 AA 01 01 24
0001467112 RX 55 AA 01 05 24 94 00 00 01
0001467141 TX 55 AA 01 04 01 00 00 05
0001467164 TX 55 AA 01 04 21 00 00 00
0001467186 RX 55 AA 01 05 04 94 FF F3 26
0001467188 RX 55 AA 01 05 24 94 00 00 01
0001467331 TX 55 AA 01 01 04
0001467352 RX 55 AA 01 05 04 94 FF F3 1F
0001467381 TX 55 AA 01 01 24
0001467403 RX 55 AA 01 05 24 94 00 00 01
0001467432 TX 55 AA 01 04 01 00 00 05
0001467453 TX 55 AA 01 04 21 00 00 00
0001467475 RX 55 AA 01 05 04 94 FF F3 1B
0001467477 RX 55 AA 01 05 24 94 00 00 01
0001467622 TX 55 AA 01 01 04
0001467643 RX 55 AA 01 05 04 94 FF F3 14
0001467672 TX 55 AA 01 01 24
0001467694 RX 55 AA 01 05 24 94 00 00 01
0001467723 TX 55 AA 01 04 01 00 00 05
0001467744 TX 55 AA 01 04 21 00 00 00
0001467766 RX 55 AA 01 05 04 94 FF F3 11
0001467768 RX 55 AA 01 05 24 94 00 00 01
0001467911 TX 55 AA 01 01 04
0001467932 RX 55 AA 01 05 04 94 FF F3 09
0001467961 TX 55 AA 01 01 24
0001467983 RX 55 AA 01 05 24 94 00 00 01
0001468012 TX 55 AA 01 04 01 00 00 05
0001468033 TX 55 AA 01 04 21 00 00 00
0001468055 RX 55 AA 01 05 04 94 FF F3 04
0001468057 RX 55 AA 01 05 24 94 00 00 01
0001468202 TX 55 AA 01 01 04
0001468224 RX 55 AA 01 05 04 94 FF F2 FC
0001468253 TX 55 AA 01 01 24
0001468275 RX 55 AA 01 05 24 94 00 00 01
0001468304 TX 55 AA 01 04 01 00 00 05
0001468325 TX 55 AA 01 04 21 00 00 00
0001468347 RX 55 AA 01 05 04 94 FF F2 F9
0001468349 RX 55 AA 01 05 24 94 00 00 01
0001468492 TX 55 AA 01 01 04
0001468513 RX 55 AA 01 05 04 94 FF F2 F2
0001468542 TX 55 AA 01 01 24
0001468564 RX 55 AA 01 05 24 94 00 00 01
0001468593 TX 55 AA 01 04 01 00 00 05
0001468614 TX 55 AA 01 04 21 00 00 00
0001468636 RX 55 AA 01 05 04 94 FF F2 EF
0001468638 RX 55 AA 01 05 24 94 00 00 01
0001468782 TX 55 AA 01 01 04
0001468803 RX 55 AA 01 05 04 94 FF F2 E9
0001468832 TX 55 AA 01 01 24
0001468854 RX 55 AA 01 05 24 94 00 00 01
0001468883 TX 55 AA 01 04 01 00 00 05
0001468904 TX 55 AA 01 04 21 00 00 00
0001468926 RX 55 AA 01 05 04 94 FF F2 E5
0001468928 RX 55 AA 01 05 24 94 00 00 01
0001469072 TX 55 AA 01 01 04
0001469094 RX 55 AA 01 05 04 94 FF F2 DE
0001469123 TX 55 AA 01 01 24
0001469145 RX 55 AA 01 05 24 94 00 00 01
0001469174 TX 55 AA 01 04 01 00 00 05
0001469196 TX 55 AA 01 04 21 00 00 00
0001469218 RX 55 AA 01 05 04 94 FF F2 DA
0001469220 RX 55 AA 01 05 24 94 00 00 01
0001469363 TX 55 AA 01 01 04
0001469384 RX 55 AA 01 05 04 94 FF F2 D3
0001469413 TX 55 AA 01 01 24
0001469435 RX 55 AA 01 05 24 94 00 00 01
0001469464 TX 55 AA 01 04 01 00 00 05
0001469485 TX 55 AA 01 04 21 00 00 00
0001469507 RX 55 AA 01 05 04 94 FF F2 CF
0001469509 RX 55 AA 01 05 24 94 00 00 01
0001469653 TX 55 AA 01 01 04
0001469675 RX 55 AA 01 05 04 94 FF F2 C8
0001469704 TX 55 AA 01 01 24
0001469726 RX 55 AA 01 05 24 94 00 00 01
0001469755 TX 55 AA 01 04 01 00 00 05
0001469776 TX 55 AA 01 04 21 00 00 00
0001469798 RX 55 AA 01 05 04 94 FF F2 C5
0001469800 RX 55 AA 01 05 24 94 00 00 01
0001469944 TX 55 AA 01 01 04
0001469965 RX 55 AA 01 05 04 94 FF F2 BE
0001469994 TX 55 AA 01 01 24
0001470016 RX 55 AA 01 05 24 94 00 00 01
0001470045 TX 55 AA 01 04 01 00 00 05
0001470066 TX 55 AA 01 04 21 00 00 00
0001470088 RX 55 AA 01 05 04 94 FF F2 B9
0001470093 RX 55 AA 01 05 24 94 00 00 01
0001470234 TX 55 AA 01 01 04
0001470256 RX 55 AA 01 05 04 94 FF F2 B1
0001470285 TX 55 AA 01 01 24
0001470307 RX 55 AA 01 05 24 94 00 00 01
0001470336 TX 55 AA 01 04 01 00 00 05
0001470357 TX 55 AA 01 04 21 00 00 00
0001470379 RX 55 AA 01 05 04 94 FF F2 AD
0001470381 RX 55 AA 01 05 24 94 00 00 01
0001470524 TX 55 AA 01 01 04
0001470546 RX 55 AA 01 05 04 94 FF F2 A6
0001470575 TX 55 AA 01 01 24
0001470597 RX 55 AA 01 05 24 94 00 00 01
0001470626 TX 55 AA 01 04 01 00 00 05
0001470647 TX 55 AA 01 04 21 00 00 00
0001470669 RX 55 AA 01 05 04 94 FF F2 A2
0001470671 RX 55 AA 01 05 24 94 00 00 01
0001470815 TX 55 AA 01 01 04
0001470836 RX 55 AA 01 05 04 94 FF F2 9C
0001470865 TX 55 AA 01 01 24
0001470887 RX 55 AA 01 05 24 94 00 00 01
0001470916 TX 55 AA 01 04 01 00 00 05
0001470937 TX 55 AA 01 04 21 00 00 00
0001470959 RX 55 AA 01 05 04 94 FF F2 98
0001470961 RX 55 AA 01 05 24 94 00 00 01
0001471104 TX 55 AA 01 01 04
0001471126 RX 55 AA 01 05 04 94 FF F2 91
0001471155 TX 55 AA 01 01 24
0001471179 RX 55 AA 01 05 24 94 00 00 01
0001471208 TX 55 AA 01 04 01 00 00 05
0001471229 TX 55 AA 01 04 21 00 00 00
0001471251 RX 55 AA 01 05 04 94 FF F2 8C
0001471253 RX 55 AA 01 05 24 94 00 00 01
0001471394 TX 55 AA 01 01 04
0001471416 RX 55 AA 01 05 04 94 FF F2 85
0001471445 TX 55 AA 01 01 24
0001471467 RX 55 AA 01 05 24 94 00 00 01
0001471496 TX 55 AA 01 04 01 00 00 05
0001471517 TX 55 AA 01 04 21 00 00 00
0001471539 RX 55 AA 01 05 04 94 FF F2 80
0001471541 RX 55 AA 01 05 24 94 00 00 01
0001471684 TX 55 AA 01 01 04
0001471706 RX 55 AA 01 05 04 94 FF F2 7A
0001471735 TX 55 AA 01 01 24
0001471757 RX 55 AA 01 05 24 94 00 00 01
0001471786 TX 55 AA 01 04 01 00 00 05
0001471807 TX 55 AA 01 04 21 00 00 00
0001471829 RX 55 AA 01 05 04 94 FF F2 76
0001471831 RX 55 AA 01 05 24 94 00 00 01
0001471974 TX 55 AA 01 01 04
0001471996 RX 55 AA 01 05 04 94 FF F2 6F
0001472025 TX 55 AA 01 01 24
0001472047 RX 55 AA 01 05 24 94 00 00 01
0001472076 TX 55 AA 01 04 01 00 00 05
0001472097 TX 55 AA 01 04 21 00 00 00
0001472123 RX 55 AA 01 05 04 94 FF F2 6B
0001472125 RX 55 AA 01 05 24 94 00 00 01
0001472264 TX 55 AA 01 01 04
0001472286 RX 55 AA 01 05 04 94 FF F2 64
0001472315 TX 55 AA 01 01 24
0001472337 RX 55 AA 01 05 24 94 00 00 01
0001472366 TX 55 AA 01 04 01 00 00 05
0001472387 TX 55 AA 01 04 21 00 00 00
0001472409 RX 55 AA 01 05 04 94 FF F2 5F
0001472411 RX 55 AA 01 05 24 94 00 00 01
0001472554 TX 55 AA 01 01 04
0001472576 RX 55 AA 01 05 04 94 FF F2 57
0001472605 TX 55 AA 01 01 24
0001472627 RX 55 AA 01 05 24 94 00 00 01
0001472656 TX 55 AA 01 04 01 00 00 05
0001472677 TX 55 AA 01 04 21 00 00 00
0001472699 RX 55 AA 01 05 04 94 FF F2 53
0001472701 RX 55 AA 01 05 24 94 00 00 01
0001472845 TX 55 AA 01 01 04
0001472866 RX 55 AA 01 05 04 94 FF F2 4C
0001472895 TX 55 AA 01 01 24
0001472917 RX 55 AA 01 05 24 94 00 00 01
0001472946 TX 55 AA 01 04 01 00 00 05
0001472967 TX 55 AA 01 04 21 00 00 00
0001472989 RX 55 AA 01 05 04 94 FF F2 49
0001472991 RX 55 AA 01 05 24 94 00 00 01
0001473134 TX 55 AA 01 01 04
0001473156 RX 55 AA 01 05 04 94 FF F2 42
0001473185 TX 55 AA 01 01 24
0001473207 RX 55 AA 01 05 24 94 00 00 01
0001473236 TX 55 AA 01 04 01 00 00 05
0001473257 TX 55 AA 01 04 21 00 00 00
0001473279 RX 55 AA 01 05 04 94 FF F2 3E
0001473281 RX 55 AA 01 05 24 94 00 00 01
0001473424 TX 55 AA 01 01 04
0001473446 RX 55 AA 01 05 04 94 FF F2 37
0001473475 TX 55 AA 01 01 24
0001473497 RX 55 AA 01 05 24 94 00 00 01
0001473526 TX 55 AA 01 04 01 00 00 05
0001473547 TX 55 AA 01 04 21 00 00 00
0001473569 RX 55 AA 01 05 04 94 FF F2 33
0001473577 RX 55 AA 01 05 24 94 00 00 01
0001473715 TX 55 AA 01 01 04
0001473736 RX 55 AA 01 05 04 94 FF F2 2B
0001473765 TX 55 AA 01 01 24
0001473787 RX 55 AA 01 05 24 94 00 00 01
0001473816 TX 55 AA 01 04 01 00 00 05
0001473837 TX 55 AA 01 04 21 00 00 00
0001473859 RX 55 AA 01 05 04 94 FF F2 27
0001473861 RX 55 AA 01 05 24 94 00 00 01
0001474005 TX 55 AA 01 01 04
0001474026 RX 55 AA 01 05 04 94 FF F2 20
0001474055 TX 55 AA 01 01 24
0001474077 RX 55 AA 01 05 24 94 00 00 01
0001474106 TX 55 AA 01 04 01 00 00 05
0001474129 TX 55 AA 01 04 21 00 00 00
0001474151 RX 55 AA 01 05 04 94 FF F2 1D
0001474153 RX 55 AA 01 05 24 94 00 00 01
0001474294 TX 55 AA 01 01 04
0001474316 RX 55 AA 01 05 04 94 FF F2 16
0001474345 TX 55 AA 01 01 24
0001474367 RX 55 AA 01 05 24 94 00 00 01
0001474396 TX 55 AA 01 04 01 00 00 05
0001474417 TX 55 AA 01 04 21 00 00 00
0001474439 RX 55 AA 01 05 04 94 FF F2 12
0001474441 RX 55 AA 01 05 24 94 00 00 01
0001474585 TX 55 AA 01 01 04
0001474606 RX 55 AA 01 05 04 94 FF F2 0B
0001474635 TX 55 AA 01 01 24
0001474657 RX 55 AA 01 05 24 94 00 00 01
0001474686 TX 55 AA 01 04 01 00 00 05
0001474707 TX 55 AA 01 04 21 00 00 00
0001474729 RX 55 AA 01 05 04 94 FF F2 07
0001474731 RX 55 AA 01 05 24 94 00 00 01
0001474876 TX 55 AA 01 01 04
0001474897 RX 55 AA 01 05 04 94 FF F1 FF
0001474926 TX 55 AA 01 01 24
0001474948 RX 55 AA 01 05 24 94 00 00 01
0001474977 TX 55 AA 01 04 01 00 00 05
0001474998 TX 55 AA 01 04 21 00 00 00
0001475020 RX 55 AA 01 05 04 94 FF F1 FB
0001475022 RX 55 AA 01 05 24 94 00 00 01
0001475166 TX 55 AA 01 01 04
0001475188 RX 55 AA 01 05 04 94 FF F1 F4
0001475217 TX 55 AA 01 01 24
0001475239 RX 55 AA 01 05 24 94 00 00 01
0001475268 TX 55 AA 01 04 01 00 00 05
0001475289 TX 55 AA 01 04 21 00 00 00
0001475311 RX 55 AA 01 05 04 94 FF F1 F1
0001475313 RX 55 AA 01 05 24 94 00 00 01
0001475457 TX 55 AA 01 01 04
0001475478 RX 55 AA 01 05 04 94 FF F1 EA
0001475507 TX 55 AA 01 01 24
0001475529 RX 55 AA 01 05 24 94 00 00 01
0001475558 TX 55 AA 01 04 01 00 00 05
0001475579 TX 55 AA 01 04 21 00 00 00
0001475601 RX 55 AA 01 05 04 94 FF F1 E7
0001475603 RX 55 AA 01 05 24 94 00 00 01
0001475748 TX 55 AA 01 01 04
0001475769 RX 55 AA 01 05 04 94 FF F1 E0
0001475798 TX 55 AA 01 01 24
0001475820 RX 55 AA 01 05 24 94 00 00 01
0001475849 TX 55 AA 01 04 01 00 00 05
0001475870 TX 55 AA 01 04 21 00 00 00
0001475892 RX 55 AA 01 05 04 94 FF F1 DB
0001475894 RX 55 AA 01 05 24 94 00 00 01
0001476038 TX 55 AA 01 01 04
0001476059 RX 55 AA 01 05 04 94 FF F1 D4
0001476088 TX 55 AA 01 01 24
0001476110 RX 55 AA 01 05 24 94 00 00 01
0001476139 TX 55 AA 01 04 01 00 00 05
0001476160 TX 55 AA 01 04 21 00 00 00
0001476182 RX 55 AA 01 05 04 94 FF F1 D0
0001476184 RX 55 AA 01 05 24 94 00 00 01
0001476328 TX 55 AA 01 01 04
0001476349 RX 55 AA 01 05 04 94 FF F1 C9
0001476378 TX 55 AA 01 01 24
0001476400 RX 55 AA 01 05 24 94 00 00 01
0001476429 TX 55 AA 01 04 01 00 00 05
0001476450 TX 55 AA 01 04 21 00 00 00
0001476472 RX 55 AA 01 05 04 94 FF F1 C5
0001476474 RX 55 AA 01 05 24 94 00 00 01
0001476618 TX 55 AA 01 01 04
0001476640 RX 55 AA 01 05 04 94 FF F1 BE
0001476669 TX 55 AA 01 01 24
0001476691 RX 55 AA 01 05 24 94 00 00 01
0001476720 TX 55 AA 01 04 01 00 00 05
0001476741 TX 55 AA 01 04 21 00 00 00
0001476763 RX 55 AA 01 05 04 94 FF F1 BA
0001476765 RX 55 AA 01 05 24 94 00 00 01
0001476908 TX 55 AA 01 01 04
0001476929 RX 55 AA 01 05 04 94 FF F1 B2
0001476958 TX 55 AA 01 01 24
0001476980 RX 55 AA 01 05 24 94 00 00 01
0001477009 TX 55 AA 01 04 01 00 00 05
0001477030 TX 55 AA 01 04 21 00 00 00
0001477052 RX 55 AA 01 05 04 94 FF F1 AE
0001477057 RX 55 AA 01 05 24 94 00 00 01
0001477198 TX 55 AA 01 01 04
0001477220 RX 55 AA 01 05 04 94 FF F1 A6
0001477249 TX 55 AA 01 01 24
0001477271 RX 55 AA 01 05 24 94 00 00 01
0001477300 TX 55 AA 01 04 01 00 00 05
0001477321 TX 55 AA 01 04 21 00 00 00
0001477343 RX 55 AA 01 05 04 94 FF F1 A2
0001477345 RX 55 AA 01 05 24 94 00 00 01
0001477489 TX 55 AA 01 01 04
0001477510 RX 55 AA 01 05 04 94 FF F1 9C
0001477539 TX 55 AA 01 01 24
0001477561 RX 55 AA 01 05 24 94 00 00 01
0001477590 TX 55 AA 01 04 01 00 00 05
0001477611 TX 55 AA 01 04 21 00 00 00
0001477633 RX 55 AA 01 05 04 94 FF F1 98
0001477635 RX 55 AA 01 05 24 94 00 00 01
0001477778 TX 55 AA 01 01 04
0001477800 RX 55 AA 01 05 04 94 FF F1 92
0001477829 TX 55 AA 01 01 24
0001477851 RX 55 AA 01 05 24 94 00 00 01
0001477880 TX 55 AA 01 04 01 00 00 05
0001477901 TX 55 AA 01 04 21 00 00 00
0001477923 RX 55 AA 01 05 04 94 FF F1 8E
0001477925 RX 55 AA 01 05 24 94 00 00 01
0001478069 TX 55 AA 01 01 04
0001478090 RX 55 AA 01 05 04 94 FF F1 86
0001478119 TX 55 AA 01 01 24
0001478141 RX 55 AA 01 05 24 94 00 00 01
0001478170 TX 55 AA 01 04 01 00 00 05
0001478191 TX 55 AA 01 04 21 00 00 00
0001478213 RX 55 AA 01 05 04 94 FF F1 82
0001478215 RX 55 AA 01 05 24 94 00 00 01
0001478360 TX 55 AA 01 01 04
0001478381 RX 55 AA 01 05 04 94 FF F1 7A
0001478410 TX 55 AA 01 01 24
0001478432 RX 55 AA 01 05 24 94 00 00 01
0001478461 TX 55 AA 01 04 01 00 00 05
0001478482 TX 55 AA 01 04 21 00 00 00
0001478504 RX 55 AA 01 05 04 94 FF F1 77
0001478506 RX 55 AA 01 05 24 94 00 00 01
0001478650 TX 55 AA 01 01 04
0001478672 RX 55 AA 01 05 04 94 FF F1 70
0001478701 TX 55 AA 01 01 24
0001478723 RX 55 AA 01 05 24 94 00 00 01
0001478752 TX 55 AA 01 04 01 00 00 05
0001478773 TX 55 AA 01 04 21 00 00 00
0001478795 RX 55 AA 01 05 04 94 FF F1 6C
0001478797 RX 55 AA 01 05 24 94 00 00 01
0001478940 TX 55 AA 01 01 04
0001478961 RX 55 AA 01 05 04 94 FF F1 65
0001478990 TX 55 AA 01 01 24
0001479012 RX 55 AA 01 05 24 94 00 00 01
0001479041 TX 55 AA 01 04 01 00 00 05
0001479062 TX 55 AA 01 04 21 00 00 00
0001479086 RX 55 AA 01 05 04 94 FF F1 60
0001479088 RX 55 AA 01 05 24 94 00 00 01
0001479230 TX 55 AA 01 01 04
0001479252 RX 55 AA 01 05 04 94 FF F1 58
0001479281 TX 55 AA 01 01 24
0001479303 RX 55 AA 01 05 24 94 00 00 01
0001479332 TX 55 AA 01 04 01 00 00 05
0001479353 TX 55 AA 01 04 21 00 00 00
0001479375 RX 55 AA 01 05 04 94 FF F1 54
0001479377 RX 55 AA 01 05 24 94 00 00 01
0001479520 TX 55 AA 01 01 04
0001479542 RX 55 AA 01 05 04 94 FF F1 4D
0001479571 TX 55 AA 01 01 24
0001479593 RX 55 AA 01 05 24 94 00 00 01
0001479622 TX 55 AA 01 04 01 00 00 05
0001479643 TX 55 AA 01 04 21 00 00 00
0001479665 RX 55 AA 01 05 04 94 FF F1 49
0001479667 RX 55 AA 01 05 24 94 00 00 01
0001479811 TX 55 AA 01 01 04
0001479832 RX 55 AA 01 05 04 94 FF F1 43
0001479861 TX 55 AA 01 01 24
0001479883 RX 55 AA 01 05 24 94 00 00 01
0001479912 TX 55 AA 01 04 01 00 00 05
0001479933 TX 55 AA 01 04 21 00 00 00
0001479955 RX 55 AA 01 05 04 94 FF F1 3F
0001479957 RX 55 AA 01 05 24 94 00 00 01
0001480100 TX 55 AA 01 01 04
0001480122 RX 55 AA 01 05 04 94 FF F1 39
0001480151 TX 55 AA 01 01 24
0001480173 RX 55 AA 01 05 24 94 00 00 01
0001480202 TX 55 AA 01 04 01 00 00 05
0001480223 TX 55 AA 01 04 21 00 00 00
0001480245 RX 55 AA 01 05 04 94 FF F1 35
0001480247 RX 55 AA 01 05 24 94 00 00 01
0001480390 TX 55 AA 01 01 04
0001480412 RX 55 AA 01 05 04 94 FF F1 2E
0001480441 TX 55 AA 01 01 24
0001480463 RX 55 AA 01 05 24 94 00 00 01
0001480492 TX 55 AA 01 04 01 00 00 05
0001480513 TX 55 AA 01 04 21 00 00 00
0001480535 RX 55 AA 01 05 04 94 FF F1 2A
0001480537 RX 55 AA 01 05 24 94 00 00 01
0001480681 TX 55 AA 01 01 04
0001480702 RX 55 AA 01 05 04 94 FF F1 23
0001480731 TX 55 AA 01 01 24
0001480753 RX 55 AA 01 05 24 94 00 00 01
0001480782 TX 55 AA 01 04 01 00 00 05
0001480803 TX 55 AA 01 04 21 00 00 00
0001480825 RX 55 AA 01 05 04 94 FF F1 1F
0001480827 RX 55 AA 01 05 24 94 00 00 01
0001480970 TX 55 AA 01 01 04
0001480992 RX 55 AA 01 05 04 94 FF F1 18
0001481021 TX 55 AA 01 01 24
0001481043 RX 55 AA 01 05 24 94 00 00 01
0001481072 TX 55 AA 01 04 01 00 00 05
0001481095 TX 55 AA 01 04 21 00 00 00
0001481117 RX 55 AA 01 05 04 94 FF F1 15
0001481119 RX 55 AA 01 05 24 94 00 00 01
0001481261 TX 55 AA 01 01 04
0001481282 RX 55 AA 01 05 04 94 FF F1 0E
0001481311 TX 55 AA 01 01 24
0001481333 RX 55 AA 01 05 24 94 00 00 01
0001481362 TX 55 AA 01 04 01 00 00 05
0001481383 TX 55 AA 01 04 21 00 00 00
0001481405 RX 55 AA 01 05 04 94 FF F1 0A
0001481407 RX 55 AA 01 05 24 94 00 00 01
0001481551 TX 55 AA 01 01 04
0001481573 RX 55 AA 01 05 04 94 FF F1 01
0001481602 TX 55 AA 01 01 24
0001481624 RX 55 AA 01 05 24 94 00 00 01
0001481653 TX 55 AA 01 04 01 00 00 05
0001481674 TX 55 AA 01 04 21 00 00 00
0001481696 RX 55 AA 01 05 04 94 FF F0 FD
0001481698 RX 55 AA 01 05 24 94 00 00 01
0001481841 TX 55 AA 01 01 04
0001481863 RX 55 AA 01 05 04 94 FF F0 F6
0001481892 TX 55 AA 01 01 24
0001481914 RX 55 AA 01 05 24 94 00 00 01
0001481943 TX 55 AA 01 04 01 00 00 05
0001481964 TX 55 AA 01 04 21 00 00 00
0001481986 RX 55 AA 01 05 04 94 FF F0 F2
0001481988 RX 55 AA 01 05 24 94 00 00 01
0001482131 TX 55 AA 01 01 04
0001482153 RX 55 AA 01 05 04 94 FF F0 EC
0001482182 TX 55 AA 01 01 24
0001482204 RX 55 AA 01 05 24 94 00 00 01
0001482233 TX 55 AA 01 04 01 00 00 05
0001482254 TX 55 AA 01 04 21 00 00 00
0001482276 RX 55 AA 01 05 04 94 FF F0 E8
0001482278 RX 55 AA 01 05 24 94 00 00 01
0001482421 TX 55 AA 01 01 04
0001482443 RX 55 AA 01 05 04 94 FF F0 E1
0001482472 TX 55 AA 01 01 24
0001482494 RX 55 AA 01 05 24 94 00 00 01
0001482523 TX 55 AA 01 04 01 00 00 05
0001482544 TX 55 AA 01 04 21 00 00 00
0001482566 RX 55 AA 01 05 04 94 FF F0 DD
0001482568 RX 55 AA 01 05 24 94 00 00 01
0001482712 TX 55 AA 01 01 04
0001482733 RX 55 AA 01 05 04 94 FF F0 D5
0001482762 TX 55 AA 01 01 24
0001482784 RX 55 AA 01 05 24 94 00 00 01
0001482813 TX 55 AA 01 04 01 00 00 05
0001482834 TX 55 AA 01 04 21 00 00 00
0001482856 RX 55 AA 01 05 04 94 FF F0 D1
0001482858 RX 55 AA 01 05 24 94 00 00 01
0001483002 TX 55 AA 01 01 04
0001483024 RX 55 AA 01 05 04 94 FF F0 CA
0001483053 TX 55 AA 01 01 24
0001483075 RX 55 AA 01 05 24 94 00 00 01
0001483104 TX 55 AA 01 04 01 00 00 05
0001483125 TX 55 AA 01 04 21 00 00 00
0001483147 RX 55 AA 01 05 04 94 FF F0 C6
0001483149 RX 55 AA 01 05 24 94 00 00 01
0001483292 TX 55 AA 01 01 04
0001483314 RX 55 AA 01 05 04 94 FF F0 BF
0001483343 TX 55 AA 01 01 24
0001483365 RX 55 AA 01 05 24 94 00 00 01
0001483394 TX 55 AA 01 04 01 00 00 05
0001483415 TX 55 AA 01 04 21 00 00 00
0001483437 RX 55 AA 01 05 04 94 FF F0 BB
0001483439 RX 55 AA 01 05 24 94 00 00 01
0001483583 TX 55 AA 01 01 04
0001483604 RX 55 AA 01 05 04 94 FF F0 B4
0001483633 TX 55 AA 01 01 24
0001483655 RX 55 AA 01 05 24 94 00 00 01
0001483684 TX 55 AA 01 04 01 00 00 05
0001483705 TX 55 AA 01 04 21 00 00 00
0001483727 RX 55 AA 01 05 04 94 FF F0 AF
0001483729 RX 55 AA 01 05 24 94 00 00 01
0001483872 TX 55 AA 01 01 04
0001483893 RX 55 AA 01 05 04 94 FF F0 A7
0001483922 TX 55 AA 01 01 24
0001483944 RX 55 AA 01 05 24 94 00 00 01
0001483973 TX 55 AA 01 04 01 00 00 05
0001483994 TX 55 AA 01 04 21 00 00 00
0001484016 RX 55 AA 01 05 04 94 FF F0 A3
0001484022 RX 55 AA 01 05 24 94 00 00 01
0001484162 TX 55 AA 01 01 04
0001484184 RX 55 AA 01 05 04 94 FF F0 9C
0001484213 TX 55 AA 01 01 24
0001484235 RX 55 AA 01 05 24 94 00 00 01
0001484264 TX 55 AA 01 04 01 00 00 05
0001484285 TX 55 AA 01 04 21 00 00 00
0001484307 RX 55 AA 01 05 04 94 FF F0 99
0001484309 RX 55 AA 01 05 24 94 00 00 01
0001484453 TX 55 AA 01 01 04
0001484474 RX 55 AA 01 05 04 94 FF F0 92
0001484503 TX 55 AA 01 01 24
0001484525 RX 55 AA 01 05 24 94 00 00 01
0001484554 TX 55 AA 01 04 01 00 00 05
0001484575 TX 55 AA 01 04 21 00 00 00
0001484597 RX 55 AA 01 05 04 94 FF F0 8E
0001484599 RX 55 AA 01 05 24 94 00 00 01
0001484742 TX 55 AA 01 01 04
0001484764 RX 55 AA 01 05 04 94 FF F0 87
0001484793 TX 55 AA 01 01 24
0001484815 RX 55 AA 01 05 24 94 00 00 01
0001484844 TX 55 AA 01 04 01 00 00 05
0001484865 TX 55 AA 01 04 21 00 00 00
0001484887 RX 55 AA 01 05 04 94 FF F0 83
0001484889 RX 55 AA 01 05 24 94 00 00 01
0001485033 TX 55 AA 01 01 04
0001485054 RX 55 AA 01 05 04 94 FF F0 7B
0001485083 TX 55 AA 01 01 24
0001485107 RX 55 AA 01 05 24 94 00 00 01
0001485136 TX 55 AA 01 04 01 00 00 05
0001485157 TX 55 AA 01 04 21 00 00 00
0001485179 RX 55 AA 01 05 04 94 FF F0 77
0001485181 RX 55 AA 01 05 24 94 00 00 01
0001485322 TX 55 AA 01 01 04
0001485344 RX 55 AA 01 05 04 94 FF F0 70
0001485373 TX 55 AA 01 01 24
0001485395 RX 55 AA 01 05 24 94 00 00 01
0001485424 TX 55 AA 01 04 01 00 00 05
0001485445 TX 55 AA 01 04 21 00 00 00
0001485467 RX 55 AA 01 05 04 94 FF F0 6D
0001485469 RX 55 AA 01 05 24 94 00 00 01
0001485612 TX 55 AA 01 01 04
0001485634 RX 55 AA 01 05 04 94 FF F0 66
0001485663 TX 55 AA 01 01 24
0001485685 RX 55 AA 01 05 24 94 00 00 01
0001485714 TX 55 AA 01 04 01 00 00 05
0001485735 TX 55 AA 01 04 21 00 00 00
0001485757 RX 55 AA 01 05 04 94 FF F0 63
0001485759 RX 55 AA 01 05 24 94 00 00 01
0001485902 TX 55 AA 01 01 04
0001485923 RX 55 AA 01 05 04 94 FF F0 5B
0001485952 TX 55 AA 01 01 24
0001485974 RX 55 AA 01 05 24 94 00 00 01
0001486003 TX 55 AA 01 04 01 00 00 05
0001486024 TX 55 AA 01 04 21 00 00 00
0001486048 RX 55 AA 01 05 04 94 FF F0 57
0001486050 RX 55 AA 01 05 24 94 00 00 01
0001486192 TX 55 AA 01 01 04
0001486213 RX 55 AA 01 05 04 94 FF F0 4F
0001486242 TX 55 AA 01 01 24
0001486264 RX 55 AA 01 05 24 94 00 00 01
0001486293 TX 55 AA 01 04 01 00 00 05
0001486314 TX 55 AA 01 04 21 00 00 00
0001486336 RX 55 AA 01 05 04 94 FF F0 4B
0001486338 RX 55 AA 01 05 24 94 00 00 01
0001486482 TX 55 AA 01 01 04
0001486504 RX 55 AA 01 05 04 94 FF F0 45
0001486533 TX 55 AA 01 01 24
0001486555 RX 55 AA 01 05 24 94 00 00 01
0001486584 TX 55 AA 01 04 01 00 00 05
0001486605 TX 55 AA 01 04 21 00 00 00
0001486627 RX 55 AA 01 05 04 94 FF F0 42
0001486629 RX 55 AA 01 05 24 94 00 00 01
0001486772 TX 55 AA 01 01 04
0001486794 RX 55 AA 01 05 04 94 FF F0 3B
0001486823 TX 55 AA 01 01 24
0001486845 RX 55 AA 01 05 24 94 00 00 01
0001486874 TX 55 AA 01 04 01 00 00 05
0001486895 TX 55 AA 01 04 21 00 00 00
0001486917 RX 55 AA 01 05 04 94 FF F0 37
0001486919 RX 55 AA 01 05 24 94 00 00 01
0001487063 TX 55 AA 01 01 04
0001487084 RX 55 AA 01 05 04 94 FF F0 30
0001487113 TX 55 AA 01 01 24
0001487135 RX 55 AA 01 05 24 94 00 00 01
0001487164 TX 55 AA 01 04 01 00 00 05
0001487185 TX 55 AA 01 04 21 00 00 00
0001487207 RX 55 AA 01 05 04 94 FF F0 2C
0001487209 RX 55 AA 01 05 24 94 00 00 01
0001487353 TX 55 AA 01 01 04
0001487375 RX 55 AA 01 05 04 94 FF F0 24
0001487404 TX 55 AA 01 01 24
0001487426 RX 55 AA 01 05 24 94 00 00 01
0001487455 TX 55 AA 01 04 01 00 00 05
0001487476 TX 55 AA 01 04 21 00 00 00
0001487498 RX 55 AA 01 05 04 94 FF F0 21
0001487500 RX 55 AA 01 05 24 94 00 00 01
0001487643 TX 55 AA 01 01 04
0001487665 RX 55 AA 01 05 04 94 FF F0 19
0001487694 TX 55 AA 01 01 24
0001487716 RX 55 AA 01 05 24 94 00 00 01
0001487745 TX 55 AA 01 04 01 00 00 05
0001487766 TX 55 AA 01 04 21 00 00 00
0001487788 RX 55 AA 01 05 04 94 FF F0 16
0001487790 RX 55 AA 01 05 24 94 00 00 01
0001487933 TX 55 AA 01 01 04
0001487955 RX 55 AA 01 05 04 94 FF F0 0E
0001487984 TX 55 AA 01 01 24
0001488006 RX 55 AA 01 05 24 94 00 00 01
0001488035 TX 55 AA 01 04 01 00 00 05
0001488060 TX 55 AA 01 04 21 00 00 00
0001488082 RX 55 AA 01 05 04 94 FF F0 0A
0001488084 RX 55 AA 01 05 24 94 00 00 01
0001488224 TX 55 AA 01 01 04
0001488245 RX 55 AA 01 05 04 94 FF F0 03
0001488274 TX 55 AA 01 01 24
0001488296 RX 55 AA 01 05 24 94 00 00 01
0001488325 TX 55 AA 01 04 01 00 00 05
0001488346 TX 55 AA 01 04 21 00 00 00
0001488368 RX 55 AA 01 05 04 94 FF EF FE
0001488370 RX 55 AA 01 05 24 94 00 00 01
0001488515 TX 55 AA 01 01 04
0001488536 RX 55 AA 01 05 04 94 FF EF F6
0001488565 TX 55 AA 01 01 24
0001488587 RX 55 AA 01 05 24 94 00 00 01
0001488616 TX 55 AA 01 04 01 00 00 05
0001488637 TX 55 AA 01 04 21 00 00 00
0001488659 RX 55 AA 01 05 04 94 FF EF F2
0001488661 RX 55 AA 01 05 24 94 00 00 01
0001488806 TX 55 AA 01 01 04
0001488827 RX 55 AA 01 05 04 94 FF EF EC
0001488856 TX 55 AA 01 01 24
0001488878 RX 55 AA 01 05 24 94 00 00 01
0001488907 TX 55 AA 01 04 01 00 00 05
0001488928 TX 55 AA 01 04 21 00 00 00
0001488950 RX 55 AA 01 05 04 94 FF EF E8
0001488952 RX 55 AA 01 05 24 94 00 00 01
0001489096 TX 55 AA 01 01 04
0001489118 RX 55 AA 01 05 04 94 FF EF E2
0001489147 TX 55 AA 01 01 24
0001489169 RX 55 AA 01 05 24 94 00 00 01
0001489198 TX 55 AA 01 04 01 00 00 05
0001489219 TX 55 AA 01 04 21 00 00 00
0001489241 RX 55 AA 01 05 04 94 FF EF DE
0001489243 RX 55 AA 01 05 24 94 00 00 01
0001489386 TX 55 AA 01 01 04
0001489408 RX 55 AA 01 05 04 94 FF EF D6
0001489437 TX 55 AA 01 01 24
0001489459 RX 55 AA 01 05 24 94 00 00 01
0001489488 TX 55 AA 01 04 01 00 00 05
0001489509 TX 55 AA 01 04 21 00 00 00
0001489531 RX 55 AA 01 05 04 94 FF EF D2
0001489533 RX 55 AA 01 05 24 94 00 00 01
0001489676 TX 55 AA 01 01 04
0001489698 RX 55 AA 01 05 04 94 FF EF CB
0001489727 TX 55 AA 01 01 24
0001489749 RX 55 AA 01 05 24 94 00 00 01
0001489778 TX 55 AA 01 04 01 00 00 05
0001489799 TX 55 AA 01 04 21 00 00 00
0001489821 RX 55 AA 01 05 04 94 FF EF C7
0001489823 RX 55 AA 01 05 24 94 00 00 01
0001489966 TX 55 AA 01 01 04
0001489988 RX 55 AA 01 05 04 94 FF EF C0
0001490017 TX 55 AA 01 01 24
0001490039 RX 55 AA 01 05 24 94 00 00 01
0001490068 TX 55 AA 01 04 01 00 00 05
0001490089 TX 55 AA 01 04 21 00 00 00
0001490111 RX 55 AA 01 05 04 94 FF EF BC
0001490113 RX 55 AA 01 05 24 94 00 00 01
0001490257 TX 55 AA 01 01 04
0001490278 RX 55 AA 01 05 04 94 FF EF B5
0001490307 TX 55 AA 01 01 24
0001490329 RX 55 AA 01 05 24 94 00 00 01
0001490358 TX 55 AA 01 04 01 00 00 05
0001490379 TX 55 AA 01 04 21 00 00 00
0001490401 RX 55 AA 01 05 04 94 FF EF B1
0001490403 RX 55 AA 01 05 24 94 00 00 01
0001490547 TX 55 AA 01 01 04
0001490568 RX 55 AA 01 05 04 94 FF EF A9
0001490597 TX 55 AA 01 01 24
0001490619 RX 55 AA 01 05 24 94 00 00 01
0001490648 TX 55 AA 01 04 01 00 00 05
0001490669 TX 55 AA 01 04 21 00 00 00
0001490691 RX 55 AA 01 05 04 94 FF EF A4
0001490693 RX 55 AA 01 05 24 94 00 00 01
0001490836 TX 55 AA 01 01 04
0001490858 RX 55 AA 01 05 04 94 FF EF 9D
0001490887 TX 55 AA 01 01 24
0001490909 RX 55 AA 01 05 24 94 00 00 01
0001490938 TX 55 AA 01 04 01 00 00 05
0001490959 TX 55 AA 01 04 21 00 00 00
0001490981 RX 55 AA 01 05 04 94 FF EF 9A
0001490986 RX 55 AA 01 05 24 94 00 00 01
0001491126 TX 55 AA 01 01 04
0001491148 RX 55 AA 01 05 04 94 FF EF 94
0001491177 TX 55 AA 01 01 24
0001491199 RX 55 AA 01 05 24 94 00 00 01
0001491228 TX 55 AA 01 04 01 00 00 05
0001491249 TX 55 AA 01 04 21 00 00 00
0001491271 RX 55 AA 01 05 04 94 FF EF 90
0001491273 RX 55 AA 01 05 24 94 00 00 01
0001491416 TX 55 AA 01 01 04
0001491438 RX 55 AA 01 05 04 94 FF EF 89
0001491467 TX 55 AA 01 01 24
0001491489 RX 55 AA 01 05 24 94 00 00 01
0001491518 TX 55 AA 01 04 01 00 00 05
0001491539 TX 55 AA 01 04 21 00 00 00
0001491561 RX 55 AA 01 05 04 94 FF EF 86
0001491563 RX 55 AA 01 05 24 94 00 00 01
0001491707 TX 55 AA 01 01 04
0001491728 RX 55 AA 01 05 04 94 FF EF 7E
0001491757 TX 55 AA 01 01 24
0001491779 RX 55 AA 01 05 24 94 00 00 01
0001491808 TX 55 AA 01 04 01 00 00 05
0001491829 TX 55 AA 01 04 21 00 00 00
0001491851 RX 55 AA 01 05 04 94 FF EF 7A
0001491853 RX 55 AA 01 05 24 94 00 00 01
0001491996 TX 55 AA 01 01 04
0001492017 RX 55 AA 01 05 04 94 FF EF 74
0001492046 TX 55 AA 01 01 24
0001492072 RX 55 AA 01 05 24 94 00 00 01
0001492101 TX 55 AA 01 04 01 00 00 05
0001492122 TX 55 AA 01 04 21 00 00 00
0001492144 RX 55 AA 01 05 04 94 FF EF 6F
0001492146 RX 55 AA 01 05 24 94 00 00 01
0001492287 TX 55 AA 01 01 04
0001492308 RX 55 AA 01 05 04 94 FF EF 69
0001492337 TX 55 AA 01 01 24
0001492359 RX 55 AA 01 05 24 94 00 00 01
0001492388 TX 55 AA 01 04 01 00 00 05
0001492409 TX 55 AA 01 04 21 00 00 00
0001492431 RX 55 AA 01 05 04 94 FF EF 65
0001492433 RX 55 AA 01 05 24 94 00 00 01
0001492577 TX 55 AA 01 01 04
0001492598 RX 55 AA 01 05 04 94 FF EF 5E
0001492627 TX 55 AA 01 01 24
0001492649 RX 55 AA 01 05 24 94 00 00 01
0001492678 TX 55 AA 01 04 01 00 00 05
0001492699 TX 55 AA 01 04 21 00 00 00
0001492721 RX 55 AA 01 05 04 94 FF EF 5A
0001492723 RX 55 AA 01 05 24 94 00 00 01
0001492867 TX 55 AA 01 01 04
0001492889 RX 55 AA 01 05 04 94 FF EF 52
0001492918 TX 55 AA 01 01 24
0001492940 RX 55 AA 01 05 24 94 00 00 01
0001492969 TX 55 AA 01 04 01 00 00 05
0001492990 TX 55 AA 01 04 21 00 00 00
0001493014 RX 55 AA 01 05 04 94 FF EF 4D
0001493016 RX 55 AA 01 05 24 94 00 00 01
0001493157 TX 55 AA 01 01 04
0001493179 RX 55 AA 01 05 04 94 FF EF 46
0001493208 TX 55 AA 01 01 24
0001493230 RX 55 AA 01 05 24 94 00 00 01
0001493259 TX 55 AA 01 04 01 00 00 05
0001493280 TX 55 AA 01 04 21 00 00 00
0001493302 RX 55 AA 01 05 04 94 FF EF 42
0001493304 RX 55 AA 01 05 24 94 00 00 01
0001493447 TX 55 AA 01 01 04
0001493469 RX 55 AA 01 05 04 94 FF EF 3C
0001493498 TX 55 AA 01 01 24
0001493520 RX 55 AA 01 05 24 94 00 00 01
0001493549 TX 55 AA 01 04 01 00 00 05
0001493570 TX 55 AA 01 04 21 00 00 00
0001493592 RX 55 AA 01 05 04 94 FF EF 38
0001493594 RX 55 AA 01 05 24 94 00 00 01
0001493738 TX 55 AA 01 01 04
0001493759 RX 55 AA 01 05 04 94 FF EF 32
0001493788 TX 55 AA 01 01 24
0001493810 RX 55 AA 01 05 24 94 00 00 01
0001493839 TX 55 AA 01 04 01 00 00 05
0001493860 TX 55 AA 01 04 21 00 00 00
0001493882 RX 55 AA 01 05 04 94 FF EF 2E
0001493884 RX 55 AA 01 05 24 94 00 00 01
0001494028 TX 55 AA 01 01 04
0001494049 RX 55 AA 01 05 04 94 FF EF 26
0001494078 TX 55 AA 01 01 24
0001494100 RX 55 AA 01 05 24 94 00 00 01
0001494129 TX 55 AA 01 04 01 00 00 05
0001494150 TX 55 AA 01 04 21 00 00 00
0001494172 RX 55 AA 01 05 04 94 FF EF 21
0001494174 RX 55 AA 01 05 24 94 00 00 01
0001494319 TX 55 AA 01 01 04
0001494340 RX 55 AA 01 05 04 94 FF EF 1A
0001494369 TX 55 AA 01 01 24
0001494391 RX 55 AA 01 05 24 94 00 00 01
0001494420 TX 55 AA 01 04 01 00 00 05
0001494441 TX 55 AA 01 04 21 00 00 00
0001494463 RX 55 AA 01 05 04 94 FF EF 16
0001494465 RX 55 AA 01 05 24 94 00 00 01
0001494608 TX 55 AA 01 01 04
0001494629 RX 55 AA 01 05 04 94 FF EF 10
0001494658 TX 55 AA 01 01 24
0001494680 RX 55 AA 01 05 24 94 00 00 01
0001494709 TX 55 AA 01 04 01 00 00 05
0001494730 TX 55 AA 01 04 21 00 00 00
0001494752 RX 55 AA 01 05 04 94 FF EF 0C
0001494754 RX 55 AA 01 05 24 94 00 00 01
0001494898 TX 55 AA 01 01 04
0001494919 RX 55 AA 01 05 04 94 FF EF 04
0001494948 TX 55 AA 01 01 24
0001494970 RX 55 AA 01 05 24 94 00 00 01
0001494999 TX 55 AA 01 04 01 00 00 05
0001495022 TX 55 AA 01 04 21 00 00 00
0001495044 RX 55 AA 01 05 04 94 FF EF 00
0001495046 RX 55 AA 01 05 24 94 00 00 01
0001495188 TX 55 AA 01 01 04
0001495209 RX 55 AA 01 05 04 94 FF EE F8
0001495238 TX 55 AA 01 01 24
0001495260 RX 55 AA 01 05 24 94 00 00 01
0001495289 TX 55 AA 01 04 01 00 00 05
0001495310 TX 55 AA 01 04 21 00 00 00
0001495332 RX 55 AA 01 05 04 94 FF EE F4
0001495334 RX 55 AA 01 05 24 94 00 00 01
0001495478 TX 55 AA 01 01 04
0001495500 RX 55 AA 01 05 04 94 FF EE ED
0001495529 TX 55 AA 01 01 24
0001495551 RX 55 AA 01 05 24 94 00 00 01
0001495580 TX 55 AA 01 04 01 00 00 05
0001495601 TX 55 AA 01 04 21 00 00 00
0001495623 RX 55 AA 01 05 04 94 FF EE E9
0001495625 RX 55 AA 01 05 24 94 00 00 01
0001495768 TX 55 AA 01 01 04
0001495790 RX 55 AA 01 05 04 94 FF EE E2
0001495819 TX 55 AA 01 01 24
0001495841 RX 55 AA 01 05 24 94 00 00 01
0001495870 TX 55 AA 01 04 01 00 00 05
0001495891 TX 55 AA 01 04 21 00 00 00
0001495913 RX 55 AA 01 05 04 94 FF EE DF
0001495915 RX 55 AA 01 05 24 94 00 00 01
0001496058 TX 55 AA 01 01 04
0001496080 RX 55 AA 01 05 04 94 FF EE D8
0001496109 TX 55 AA 01 01 24
0001496131 RX 55 AA 01 05 24 94 00 00 01
0001496160 TX 55 AA 01 04 01 00 00 05
0001496181 TX 55 AA 01 04 21 00 00 00
0001496203 RX 55 AA 01 05 04 94 FF EE D3
0001496205 RX 55 AA 01 05 24 94 00 00 01
0001496348 TX 55 AA 01 01 04
0001496369 RX 55 AA 01 05 04 94 FF EE CB
0001496398 TX 55 AA 01 01 24
0001496420 RX 55 AA 01 05 24 94 00 00 01
0001496449 TX 55 AA 01 04 01 00 00 05
0001496470 TX 55 AA 01 04 21 00 00 00
0001496492 RX 55 AA 01 05 04 94 FF EE C8
0001496494 RX 55 AA 01 05 24 94 00 00 01
0001496638 TX 55 AA 01 01 04
0001496659 RX 55 AA 01 05 04 94 FF EE C1
0001496688 TX 55 AA 01 01 24
0001496710 RX 55 AA 01 05 24 94 00 00 01
0001496739 TX 55 AA 01 04 01 00 00 05
0001496760 TX 55 AA 01 04 21 00 00 00
0001496782 RX 55 AA 01 05 04 94 FF EE BD
0001496784 RX 55 AA 01 05 24 94 00 00 01
0001496928 TX 55 AA 01 01 04
0001496949 RX 55 AA 01 05 04 94 FF EE B7
0001496978 TX 55 AA 01 01 24
0001497006 RX 55 AA 01 05 24 94 00 00 01
0001497036 TX 55 AA 01 04 01 00 00 05
0001497057 TX 55 AA 01 04 21 00 00 00
0001497079 RX 55 AA 01 05 04 94 FF EE B3
0001497081 RX 55 AA 01 05 24 94 00 00 01
0001497219 TX 55 AA 01 01 04
0001497240 RX 55 AA 01 05 04 94 FF EE AB
0001497269 TX 55 AA 01 01 24
0001497291 RX 55 AA 01 05 24 94 00 00 01
0001497320 TX 55 AA 01 04 01 00 00 05
0001497341 TX 55 AA 01 04 21 00 00 00
0001497363 RX 55 AA 01 05 04 94 FF EE A7
0001497365 RX 55 AA 01 05 24 94 00 00 01
0001497508 TX 55 AA 01 01 04
0001497529 RX 55 AA 01 05 04 94 FF EE A0
0001497558 TX 55 AA 01 01 24
0001497580 RX 55 AA 01 05 24 94 00 00 01
0001497609 TX 55 AA 01 04 01 00 00 05
0001497630 TX 55 AA 01 04 21 00 00 00
0001497652 RX 55 AA 01 05 04 94 FF EE 9C
0001497654 RX 55 AA 01 05 24 94 00 00 01
0001497799 TX 55 AA 01 01 04
0001497821 RX 55 AA 01 05 04 94 FF EE 95
0001497850 TX 55 AA 01 01 24
0001497872 RX 55 AA 01 05 24 94 00 00 01
0001497901 TX 55 AA 01 04 01 00 00 05
0001497922 TX 55 AA 01 04 21 00 00 00
0001497944 RX 55 AA 01 05 04 94 FF EE 92
0001497949 RX 55 AA 01 05 24 94 00 00 01
0001498089 TX 55 AA 01 01 04
0001498111 RX 55 AA 01 05 04 94 FF EE 8B
0001498140 TX 55 AA 01 01 24
0001498162 RX 55 AA 01 05 24 94 00 00 01
0001498191 TX 55 AA 01 04 01 00 00 05
0001498212 TX 55 AA 01 04 21 00 00 00
0001498234 RX 55 AA 01 05 04 94 FF EE 87
0001498236 RX 55 AA 01 05 24 94 00 00 01
0001498379 TX 55 AA 01 01 04
0001498400 RX 55 AA 01 05 04 94 FF EE 80
0001498429 TX 55 AA 01 01 24
0001498451 RX 55 AA 01 05 24 94 00 00 01
0001498480 TX 55 AA 01 04 01 00 00 05
0001498501 TX 55 AA 01 04 21 00 00 00
0001498523 RX 55 AA 01 05 04 94 FF EE 7C
0001498525 RX 55 AA 01 05 24 94 00 00 01
0001498670 TX 55 AA 01 01 04
0001498691 RX 55 AA 01 05 04 94 FF EE 74
0001498720 TX 55 AA 01 01 24
0001498742 RX 55 AA 01 05 24 94 00 00 01
0001498771 TX 55 AA 01 04 01 00 00 05
0001498792 TX 55 AA 01 04 21 00 00 00
0001498814 RX 55 AA 01 05 04 94 FF EE 71
0001498816 RX 55 AA 01 05 24 94 00 00 01
0001498960 TX 55 AA 01 01 04
0001498981 RX 55 AA 01 05 04 94 FF EE 6A
0001499010 TX 55 AA 01 01 24
0001499034 RX 55 AA 01 05 24 94 00 00 01
0001499063 TX 55 AA 01 04 01 00 00 05
0001499084 TX 55 AA 01 04 21 00 00 00
0001499106 RX 55 AA 01 05 04 94 FF EE 66
0001499108 RX 55 AA 01 05 24 94 00 00 01
0001499250 TX 55 AA 01 01 04
0001499272 RX 55 AA 01 05 04 94 FF EE 5F
0001499301 TX 55 AA 01 01 24
0001499323 RX 55 AA 01 05 24 94 00 00 01
0001499352 TX 55 AA 01 04 01 00 00 05
0001499373 TX 55 AA 01 04 21 00 00 00
0001499395 RX 55 AA 01 05 04 94 FF EE 5B
0001499397 RX 55 AA 01 05 24 94 00 00 01
0001499541 TX 55 AA 01 01 04
0001499562 RX 55 AA 01 05 04 94 FF EE 53
0001499591 TX 55 AA 01 01 24
0001499613 RX 55 AA 01 05 24 94 00 00 01
0001499642 TX 55 AA 01 04 01 00 00 05
0001499663 TX 55 AA 01 04 21 00 00 00
0001499685 RX 55 AA 01 05 04 94 FF EE 4E
0001499687 RX 55 AA 01 05 24 94 00 00 01
0001499832 TX 55 AA 01 01 04
0001499853 RX 55 AA 01 05 04 94 FF EE 47
0001499882 TX 55 AA 01 01 24
0001499904 RX 55 AA 01 05 24 94 00 00 01
0001499933 TX 55 AA 01 04 01 00 00 05
0001499954 TX 55 AA 01 04 21 00 00 00
0001499980 RX 55 AA 01 05 04 94 FF EE 43
0001499982 RX 55 AA 01 05 24 94 00 00 01
0001500122 TX 55 AA 01 01 04
0001500144 RX 55 AA 01 05 04 94 FF EE 3C
0001500173 TX 55 AA 01 01 24
0001500195 RX 55 AA 01 05 24 94 00 00 01
0001500224 TX 55 AA 01 04 01 00 00 05
0001500245 TX 55 AA 01 04 21 00 00 00
0001500267 RX 55 AA 01 05 04 94 FF EE 39
0001500269 RX 55 AA 01 05 24 94 00 00 01
0001500412 TX 55 AA 01 01 04
0001500433 RX 55 AA 01 05 04 94 FF EE 32
0001500462 TX 55 AA 01 01 24
0001500484 RX 55 AA 01 05 24 94 00 00 01
0001500513 TX 55 AA 01 04 01 00 00 05
0001500534 TX 55 AA 01 04 21 00 00 00
0001500556 RX 55 AA 01 05 04 94 FF EE 2E
0001500558 RX 55 AA 01 05 24 94 00 00 01
0001500702 TX 55 AA 01 01 04
0001500724 RX 55 AA 01 05 04 94 FF EE 27
0001500753 TX 55 AA 01 01 24
0001500775 RX 55 AA 01 05 24 94 00 00 01
0001500804 TX 55 AA 01 04 01 00 00 05
0001500825 TX 55 AA 01 04 21 00 00 00
0001500847 RX 55 AA 01 05 04 94 FF EE 22
0001500849 RX 55 AA 01 05 24 94 00 00 01
0001500992 TX 55 AA 01 04 01 00 00 00
0001500993 TX 55 AA 01 04 21 00 00 00
