Time [s],Channel 0,Channel 1,Channel 2,Channel 3
-1.461562000,0,0,0,1
-0.000670000,0,0,1,1
-0.000001000,1,0,1,1
0.000000000,0,0,1,1
0.000123000,1,0,1,1
0.000124000,0,0,1,1
0.000168000,1,0,1,1
0.000171000,0,0,1,1
0.000184000,1,0,1,1
0.000186000,0,0,1,1
0.000187000,1,0,1,1
0.000192000,0,0,1,1
0.000193000,1,0,1,1
0.000194000,0,0,1,1
0.000196000,1,0,1,1
0.000200000,0,0,1,1
0.000201000,1,0,1,1
0.000203000,0,0,1,1
0.000204000,1,0,1,1
0.000218000,0,0,1,1
0.000219000,1,0,1,1
0.000250000,1,1,1,1
0.000261000,1,0,1,1
0.000265000,1,1,1,1
0.415653000,1,1,1,0
0.475104000,0,1,1,0
0.475209000,1,1,1,0
0.475313000,0,1,1,0
0.475417000,1,1,1,0
0.475521000,0,1,1,0
0.475626000,1,1,1,0
0.475730000,0,1,1,0
0.475834000,1,1,1,0
0.475938000,0,1,1,0
0.476042000,1,1,1,0
0.476146000,0,1,1,0
0.476355000,1,1,1,0
0.476459000,0,1,1,0
0.476563000,1,1,1,0
0.476667000,0,1,1,0
0.476772000,1,1,1,0
0.476876000,0,1,1,0
0.476980000,1,1,1,0
0.477188000,0,1,1,0
0.477292000,1,1,1,0
0.477397000,0,1,1,0
0.478126000,1,1,1,0
0.478230000,0,1,1,0
0.478334000,1,1,1,0
0.478438000,0,1,1,0
0.479168000,1,1,1,0
0.479272000,0,1,1,0
0.479376000,1,1,1,0
0.496254000,0,1,1,0
0.496358000,1,1,1,0
0.496462000,0,1,1,0
0.496566000,1,1,1,0
0.496670000,0,1,1,0
0.496775000,1,1,1,0
0.496879000,0,1,1,0
0.496983000,1,1,1,0
0.497087000,0,1,1,0
0.497191000,1,1,1,0
0.497296000,0,1,1,0
0.497504000,1,1,1,0
0.497608000,0,1,1,0
0.497712000,1,1,1,0
0.497816000,0,1,1,0
0.497921000,1,1,1,0
0.498025000,0,1,1,0
0.498129000,1,1,1,0
0.498337000,0,1,1,0
0.498442000,1,1,1,0
0.498546000,0,1,1,0
0.499275000,1,1,1,0
0.499379000,0,1,1,0
0.499484000,1,1,1,0
0.499588000,0,1,1,0
0.500317000,1,1,1,0
0.500421000,0,1,1,0
0.500734000,1,1,1,0
0.500838000,0,1,1,0
0.501150000,1,1,1,0
0.501254000,0,1,1,0
0.501359000,1,1,1,0
0.501463000,0,1,1,0
0.501567000,1,1,1,0
0.501671000,0,1,1,0
0.501776000,1,1,1,0
0.501880000,0,1,1,0
0.501984000,1,1,1,0
0.502088000,0,1,1,0
0.502192000,1,1,1,0
0.502296000,0,1,1,0
0.502401000,1,1,1,0
0.502505000,0,1,1,0
0.502713000,1,1,1,0
0.502817000,0,1,1,0
0.502922000,1,1,1,0
0.503026000,0,1,1,0
0.503130000,1,1,1,0
0.503234000,0,1,1,0
0.503338000,1,1,1,0
0.503547000,0,1,1,0
0.503651000,1,1,1,0
0.503755000,0,1,1,0
0.504484000,1,1,1,0
0.504588000,0,1,1,0
0.504693000,1,1,1,0
0.504797000,0,1,1,0
0.505526000,1,1,1,0
0.505630000,0,1,1,0
0.505943000,1,1,1,0
0.506047000,0,1,1,0
0.506255000,1,1,1,0
0.506464000,0,1,1,0
0.506568000,1,1,1,0
0.506672000,0,1,1,0
0.506776000,1,1,1,0
0.506880000,0,1,1,0
0.506985000,1,1,1,0
0.507089000,0,1,1,0
0.507193000,1,1,1,0
0.507297000,0,1,1,0
0.507401000,1,1,1,0
0.507505000,0,1,1,0
0.507610000,1,1,1,0
0.507714000,0,1,1,0
0.507922000,1,1,1,0
0.508026000,0,1,1,0
0.508131000,1,1,1,0
0.508235000,0,1,1,0
0.508339000,1,1,1,0
0.508443000,0,1,1,0
0.508547000,1,1,1,0
0.508756000,0,1,1,0
0.508860000,1,1,1,0
0.508964000,0,1,1,0
0.509693000,1,1,1,0
0.509797000,0,1,1,0
0.509902000,1,1,1,0
0.510006000,0,1,1,0
0.510735000,1,1,1,0
0.510839000,0,1,1,0
0.511152000,1,1,1,0
0.511256000,0,1,1,0
0.511777000,1,1,1,0
0.511881000,0,1,1,0
0.511967000,0,0,1,0
0.511986000,1,0,1,0
0.512071000,1,1,1,0
0.512090000,0,1,1,0
0.512175000,0,0,1,0
0.512194000,1,0,1,0
0.512279000,1,1,1,0
0.512298000,0,1,1,0
0.512383000,0,0,1,0
0.512402000,1,0,1,0
0.512487000,1,1,1,0
0.512506000,0,1,1,0
0.512591000,0,0,1,0
0.512611000,1,0,1,0
0.512695000,1,1,1,0
0.512715000,0,1,1,0
0.512799000,0,0,1,0
0.512819000,1,0,1,0
0.512904000,1,1,1,0
0.512923000,0,1,1,0
0.513007000,0,0,1,0
0.513132000,1,0,1,0
0.513216000,1,1,1,0
0.513236000,0,1,1,0
0.513320000,0,0,1,0
0.513340000,1,0,1,0
0.513424000,1,1,1,0
0.513444000,0,1,1,0
0.513528000,0,0,1,0
0.513548000,1,0,1,0
0.513632000,1,1,1,0
0.513652000,0,1,1,0
0.513736000,0,0,1,0
0.513757000,1,0,1,0
0.513840000,1,1,1,0
0.513965000,0,1,1,0
0.514048000,0,0,1,0
0.514069000,1,0,1,0
0.514152000,1,1,1,0
0.514173000,0,1,1,0
0.514256000,0,0,1,0
0.514903000,1,0,1,0
0.514984000,1,1,1,0
0.515007000,0,1,1,0
0.515088000,0,0,1,0
0.515111000,1,0,1,0
0.515192000,1,1,1,0
0.515215000,0,1,1,0
0.515296000,0,0,1,0
0.515400000,0,1,1,0
0.515504000,0,0,1,0
0.515944000,1,0,1,0
0.516024000,1,1,1,0
0.516048000,0,1,1,0
0.516128000,0,0,1,0
0.516361000,1,0,1,0
0.516440000,1,1,1,0
0.516465000,0,1,1,0
0.516544000,0,0,1,0
0.516674000,1,0,1,0
0.516778000,0,0,1,0
0.516986000,1,0,1,0
0.517064000,1,1,1,0
0.517144000,1,0,1,0
0.517480000,1,1,1,0
0.517560000,1,0,1,0
0.518105000,1,1,1,0
0.518184000,1,0,1,0
0.519145000,1,1,1,0
0.519225000,1,0,1,0
0.520185000,1,1,1,0
0.520265000,1,0,1,0
0.520393000,1,1,1,0
0.520473000,1,0,1,0
0.521225000,1,1,1,0
0.521305000,1,0,1,0
0.521617000,1,1,1,0
0.521721000,1,0,1,0
0.521929000,1,1,1,0
0.522033000,1,0,1,0
0.522241000,1,1,1,0
0.522345000,1,0,1,0
0.522657000,1,1,1,0
0.522761000,1,0,1,0
0.523282000,1,1,1,0
0.523385000,1,0,1,0
0.524322000,1,1,1,0
0.524426000,1,0,1,0
0.525362000,1,1,1,0
0.525466000,1,0,1,0
0.526402000,1,1,1,0
0.531363000,0,1,1,0
0.531468000,1,1,1,0
0.531572000,0,1,1,0
0.531676000,1,1,1,0
0.531780000,0,1,1,0
0.531885000,1,1,1,0
0.531989000,0,1,1,0
0.532093000,1,1,1,0
0.532197000,0,1,1,0
0.532301000,1,1,1,0
0.532405000,0,1,1,0
0.532614000,1,1,1,0
0.532718000,0,1,1,0
0.532822000,1,1,1,0
0.532926000,0,1,1,0
0.533031000,1,1,1,0
0.533135000,0,1,1,0
0.533239000,1,1,1,0
0.533447000,0,1,1,0
0.533551000,1,1,1,0
0.533655000,0,1,1,0
0.534385000,1,1,1,0
0.534489000,0,1,1,0
0.534593000,1,1,1,0
0.534697000,0,1,1,0
0.535427000,1,1,1,0
0.535531000,0,1,1,0
0.536052000,1,1,1,0
0.536156000,0,1,1,0
0.536469000,1,1,1,0
0.536724000,1,0,1,0
0.536828000,1,1,1,0
0.536932000,1,0,1,0
0.537037000,1,1,1,0
0.537140000,1,0,1,0
0.537245000,1,1,1,0
0.537349000,1,0,1,0
0.537453000,1,1,1,0
0.537557000,1,0,1,0
0.537661000,1,1,1,0
0.537765000,1,0,1,0
0.537973000,1,1,1,0
0.538077000,1,0,1,0
0.538181000,1,1,1,0
0.538285000,1,0,1,0
0.538389000,1,1,1,0
0.538493000,1,0,1,0
0.538597000,1,1,1,0
0.538805000,1,0,1,0
0.538909000,1,1,1,0
0.539013000,1,0,1,0
0.539741000,1,1,1,0
0.539845000,1,0,1,0
0.539949000,1,1,1,0
0.540157000,1,0,1,0
0.540781000,1,1,1,0
0.540885000,1,0,1,0
0.541405000,1,1,1,0
0.541509000,1,0,1,0
0.541822000,1,1,1,0
0.541925000,1,0,1,0
0.542030000,1,1,1,0
0.542966000,1,0,1,0
0.543070000,1,1,1,0
0.681075000,0,1,1,0
0.681179000,1,1,1,0
0.681283000,0,1,1,0
0.681387000,1,1,1,0
0.681491000,0,1,1,0
0.681596000,1,1,1,0
0.681700000,0,1,1,0
0.681804000,1,1,1,0
0.681908000,0,1,1,0
0.682013000,1,1,1,0
0.682117000,0,1,1,0
0.682325000,1,1,1,0
0.682429000,0,1,1,0
0.682533000,1,1,1,0
0.682637000,0,1,1,0
0.682742000,1,1,1,0
0.682846000,0,1,1,0
0.682950000,1,1,1,0
0.683158000,0,1,1,0
0.683263000,1,1,1,0
0.683367000,0,1,1,0
0.684096000,1,1,1,0
0.684200000,0,1,1,0
0.684305000,1,1,1,0
0.684409000,0,1,1,0
0.685138000,1,1,1,0
0.685242000,0,1,1,0
0.685763000,1,1,1,0
0.685971000,0,1,1,0
0.686180000,1,1,1,0
0.686281000,1,0,1,0
0.686385000,1,1,1,0
0.686489000,1,0,1,0
0.686593000,1,1,1,0
0.686697000,1,0,1,0
0.686801000,1,1,1,0
0.686905000,1,0,1,0
0.687009000,1,1,1,0
0.687113000,1,0,1,0
0.687217000,1,1,1,0
0.687321000,1,0,1,0
0.687530000,1,1,1,0
0.687633000,1,0,1,0
0.687738000,1,1,1,0
0.687842000,1,0,1,0
0.687946000,1,1,1,0
0.688050000,1,0,1,0
0.688154000,1,1,1,0
0.688362000,1,0,1,0
0.688466000,1,1,1,0
0.688570000,1,0,1,0
0.689298000,1,1,1,0
0.689402000,1,0,1,0
0.689506000,1,1,1,0
0.689714000,1,0,1,0
0.690338000,1,1,1,0
0.690442000,1,0,1,0
0.690962000,1,1,1,0
0.691170000,1,0,1,0
0.691378000,1,1,1,0
0.691482000,1,0,1,0
0.691586000,1,1,1,0
0.692522000,1,0,1,0
0.692627000,1,1,1,0
4.031295000,0,1,1,0
4.031399000,1,1,1,0
4.031503000,0,1,1,0
4.031608000,1,1,1,0
4.031712000,0,1,1,0
4.031816000,1,1,1,0
4.031920000,0,1,1,0
4.032024000,1,1,1,0
4.032128000,0,1,1,0
4.032233000,1,1,1,0
4.032337000,0,1,1,0
4.032545000,1,1,1,0
4.032649000,0,1,1,0
4.032754000,1,1,1,0
4.032858000,0,1,1,0
4.032962000,1,1,1,0
4.033066000,0,1,1,0
4.033170000,1,1,1,0
4.033379000,0,1,1,0
4.033483000,1,1,1,0
4.033587000,0,1,1,0
4.034316000,1,1,1,0
4.034420000,0,1,1,0
4.034525000,1,1,1,0
4.034629000,0,1,1,0
4.035358000,1,1,1,0
4.035462000,0,1,1,0
4.035775000,1,1,1,0
4.035879000,0,1,1,0
4.036400000,1,1,1,0
4.036534000,1,0,1,0
4.036638000,1,1,1,0
4.036742000,1,0,1,0
4.036846000,1,1,1,0
4.036950000,1,0,1,0
4.037054000,1,1,1,0
4.037158000,1,0,1,0
4.037262000,1,1,1,0
4.037366000,1,0,1,0
4.037470000,1,1,1,0
4.037574000,1,0,1,0
4.037782000,1,1,1,0
4.037886000,1,0,1,0
4.037990000,1,1,1,0
4.038094000,1,0,1,0
4.038198000,1,1,1,0
4.038302000,1,0,1,0
4.038406000,1,1,1,0
4.038614000,1,0,1,0
4.038718000,1,1,1,0
4.038822000,1,0,1,0
4.039550000,1,1,1,0
4.039654000,1,0,1,0
4.039759000,1,1,1,0
4.039862000,1,0,1,0
4.039967000,1,1,1,0
4.040071000,1,0,1,0
4.040591000,1,1,1,0
4.040695000,1,0,1,0
4.041007000,1,1,1,0
4.041111000,1,0,1,0
4.041631000,1,1,1,0
4.041735000,1,0,1,0
4.042047000,1,1,1,0
4.042151000,1,0,1,0
4.042671000,1,1,1,0
4.042775000,1,0,1,0
4.043711000,1,1,1,0
4.043815000,1,0,1,0
4.044752000,1,1,1,0
4.044856000,1,0,1,0
4.044960000,1,1,1,0
4.045064000,1,0,1,0
4.045792000,1,1,1,0
4.056716000,0,1,1,0
4.056820000,1,1,1,0
4.056924000,0,1,1,0
4.057028000,1,1,1,0
4.057132000,0,1,1,0
4.057237000,1,1,1,0
4.057341000,0,1,1,0
4.057445000,1,1,1,0
4.057549000,0,1,1,0
4.057653000,1,1,1,0
4.057757000,0,1,1,0
4.057966000,1,1,1,0
4.058070000,0,1,1,0
4.058174000,1,1,1,0
4.058278000,0,1,1,0
4.058383000,1,1,1,0
4.058487000,0,1,1,0
4.058591000,1,1,1,0
4.058799000,0,1,1,0
4.058904000,1,1,1,0
4.059008000,0,1,1,0
4.059737000,1,1,1,0
4.059841000,0,1,1,0
4.059945000,1,1,1,0
4.060049000,0,1,1,0
4.060779000,1,1,1,0
4.060883000,0,1,1,0
4.061196000,1,1,1,0
4.061300000,0,1,1,0
4.061508000,1,1,1,0
4.061612000,0,1,1,0
4.061821000,1,1,1,0
4.061946000,1,0,1,0
4.062051000,1,1,1,0
4.062154000,1,0,1,0
4.062259000,1,1,1,0
4.062363000,1,0,1,0
4.062467000,1,1,1,0
4.062571000,1,0,1,0
4.062675000,1,1,1,0
4.062779000,1,0,1,0
4.062883000,1,1,1,0
4.062987000,1,0,1,0
4.063195000,1,1,1,0
4.063299000,1,0,1,0
4.063403000,1,1,1,0
4.063507000,1,0,1,0
4.063611000,1,1,1,0
4.063715000,1,0,1,0
4.063819000,1,1,1,0
4.064027000,1,0,1,0
4.064131000,1,1,1,0
4.064235000,1,0,1,0
4.064963000,1,1,1,0
4.065067000,1,0,1,0
4.065171000,1,1,1,0
4.065275000,1,0,1,0
4.065379000,1,1,1,0
4.065483000,1,0,1,0
4.066003000,1,1,1,0
4.066107000,1,0,1,0
4.066419000,1,1,1,0
4.066523000,1,0,1,0
4.066731000,1,1,1,0
4.066835000,1,0,1,0
4.067044000,1,1,1,0
4.067147000,1,0,1,0
4.067460000,1,1,1,0
4.067564000,1,0,1,0
4.068084000,1,1,1,0
4.068188000,1,0,1,0
4.069124000,1,1,1,0
4.069228000,1,0,1,0
4.070164000,1,1,1,0
4.070268000,1,0,1,0
4.071204000,1,1,1,0
4.292899000,0,1,1,0
4.293003000,1,1,1,0
4.293107000,0,1,1,0
4.293212000,1,1,1,0
4.293316000,0,1,1,0
4.293420000,1,1,1,0
4.293524000,0,1,1,0
4.293628000,1,1,1,0
4.293732000,0,1,1,0
4.293837000,1,1,1,0
4.293941000,0,1,1,0
4.294149000,1,1,1,0
4.294253000,0,1,1,0
4.294358000,1,1,1,0
4.294462000,0,1,1,0
4.294566000,1,1,1,0
4.294670000,0,1,1,0
4.294774000,1,1,1,0
4.294983000,0,1,1,0
4.295087000,1,1,1,0
4.295191000,0,1,1,0
4.295920000,1,1,1,0
4.296024000,0,1,1,0
4.296129000,1,1,1,0
4.296233000,0,1,1,0
4.296962000,1,1,1,0
4.297066000,0,1,1,0
4.297379000,1,1,1,0
4.297483000,0,1,1,0
4.298004000,1,1,1,0
4.298148000,1,0,1,0
4.298252000,1,1,1,0
4.298356000,1,0,1,0
4.298460000,1,1,1,0
4.298564000,1,0,1,0
4.298668000,1,1,1,0
4.298772000,1,0,1,0
4.298877000,1,1,1,0
4.298980000,1,0,1,0
4.299085000,1,1,1,0
4.299189000,1,0,1,0
4.299397000,1,1,1,0
4.299501000,1,0,1,0
4.299605000,1,1,1,0
4.299709000,1,0,1,0
4.299813000,1,1,1,0
4.299917000,1,0,1,0
4.300021000,1,1,1,0
4.300229000,1,0,1,0
4.300333000,1,1,1,0
4.300437000,1,0,1,0
4.301165000,1,1,1,0
4.301269000,1,0,1,0
4.301373000,1,1,1,0
4.301477000,1,0,1,0
4.301581000,1,1,1,0
4.301685000,1,0,1,0
4.302205000,1,1,1,0
4.302309000,1,0,1,0
4.302621000,1,1,1,0
4.302725000,1,0,1,0
4.303245000,1,1,1,0
4.303349000,1,0,1,0
4.303662000,1,1,1,0
4.303765000,1,0,1,0
4.304286000,1,1,1,0
4.304390000,1,0,1,0
4.305326000,1,1,1,0
4.305430000,1,0,1,0
4.306366000,1,1,1,0
4.306470000,1,0,1,0
4.306574000,1,1,1,0
4.306678000,1,0,1,0
4.307406000,1,1,1,0
4.318320000,0,1,1,0
4.318424000,1,1,1,0
4.318528000,0,1,1,0
4.318632000,1,1,1,0
4.318736000,0,1,1,0
4.318841000,1,1,1,0
4.318945000,0,1,1,0
4.319049000,1,1,1,0
4.319153000,0,1,1,0
4.319257000,1,1,1,0
4.319361000,0,1,1,0
4.319570000,1,1,1,0
4.319674000,0,1,1,0
4.319778000,1,1,1,0
4.319882000,0,1,1,0
4.319987000,1,1,1,0
4.320091000,0,1,1,0
4.320195000,1,1,1,0
4.320403000,0,1,1,0
4.320508000,1,1,1,0
4.320612000,0,1,1,0
4.321341000,1,1,1,0
4.321445000,0,1,1,0
4.321549000,1,1,1,0
4.321654000,0,1,1,0
4.322383000,1,1,1,0
4.322487000,0,1,1,0
4.322800000,1,1,1,0
4.322904000,0,1,1,0
4.323112000,1,1,1,0
4.323216000,0,1,1,0
4.323425000,1,1,1,0
4.323557000,1,0,1,0
4.323661000,1,1,1,0
4.323765000,1,0,1,0
4.323870000,1,1,1,0
4.323973000,1,0,1,0
4.324078000,1,1,1,0
4.324182000,1,0,1,0
4.324286000,1,1,1,0
4.324390000,1,0,1,0
4.324494000,1,1,1,0
4.324598000,1,0,1,0
4.324806000,1,1,1,0
4.324910000,1,0,1,0
4.325014000,1,1,1,0
4.325118000,1,0,1,0
4.325222000,1,1,1,0
4.325326000,1,0,1,0
4.325430000,1,1,1,0
4.325638000,1,0,1,0
4.325742000,1,1,1,0
4.325846000,1,0,1,0
4.326574000,1,1,1,0
4.326678000,1,0,1,0
4.326782000,1,1,1,0
4.326886000,1,0,1,0
4.326990000,1,1,1,0
4.327094000,1,0,1,0
4.327614000,1,1,1,0
4.327718000,1,0,1,0
4.328030000,1,1,1,0
4.328134000,1,0,1,0
4.328342000,1,1,1,0
4.328446000,1,0,1,0
4.328654000,1,1,1,0
4.328758000,1,0,1,0
4.329071000,1,1,1,0
4.329174000,1,0,1,0
4.329695000,1,1,1,0
4.329799000,1,0,1,0
4.330735000,1,1,1,0
4.330839000,1,0,1,0
4.331775000,1,1,1,0
4.331879000,1,0,1,0
4.332815000,1,1,1,0
4.538980000,0,1,1,0
4.539084000,1,1,1,0
4.539188000,0,1,1,0
4.539292000,1,1,1,0
4.539396000,0,1,1,0
4.539501000,1,1,1,0
4.539605000,0,1,1,0
4.539709000,1,1,1,0
4.539813000,0,1,1,0
4.539918000,1,1,1,0
4.540022000,0,1,1,0
4.540230000,1,1,1,0
4.540334000,0,1,1,0
4.540438000,1,1,1,0
4.540542000,0,1,1,0
4.540647000,1,1,1,0
4.540751000,0,1,1,0
4.540855000,1,1,1,0
4.541063000,0,1,1,0
4.541168000,1,1,1,0
4.541272000,0,1,1,0
4.542001000,1,1,1,0
4.542105000,0,1,1,0
4.542210000,1,1,1,0
4.542314000,0,1,1,0
4.543043000,1,1,1,0
4.543147000,0,1,1,0
4.543460000,1,1,1,0
4.543564000,0,1,1,0
4.544085000,1,1,1,0
4.544264000,1,0,1,0
4.544368000,1,1,1,0
4.544472000,1,0,1,0
4.544576000,1,1,1,0
4.544680000,1,0,1,0
4.544784000,1,1,1,0
4.544888000,1,0,1,0
4.544992000,1,1,1,0
4.545096000,1,0,1,0
4.545200000,1,1,1,0
4.545304000,1,0,1,0
4.545512000,1,1,1,0
4.545616000,1,0,1,0
4.545720000,1,1,1,0
4.545824000,1,0,1,0
4.545928000,1,1,1,0
4.546032000,1,0,1,0
4.546136000,1,1,1,0
4.546344000,1,0,1,0
4.546448000,1,1,1,0
4.546552000,1,0,1,0
4.547280000,1,1,1,0
4.547384000,1,0,1,0
4.547488000,1,1,1,0
4.547592000,1,0,1,0
4.547696000,1,1,1,0
4.547800000,1,0,1,0
4.548321000,1,1,1,0
4.548424000,1,0,1,0
4.548737000,1,1,1,0
4.548841000,1,0,1,0
4.549361000,1,1,1,0
4.549465000,1,0,1,0
4.549777000,1,1,1,0
4.549881000,1,0,1,0
4.550401000,1,1,1,0
4.550505000,1,0,1,0
4.551441000,1,1,1,0
4.551545000,1,0,1,0
4.552481000,1,1,1,0
4.552585000,1,0,1,0
4.552689000,1,1,1,0
4.552793000,1,0,1,0
4.553522000,1,1,1,0
4.564400000,0,1,1,0
4.564505000,1,1,1,0
4.564609000,0,1,1,0
4.564713000,1,1,1,0
4.564817000,0,1,1,0
4.564922000,1,1,1,0
4.565026000,0,1,1,0
4.565130000,1,1,1,0
4.565234000,0,1,1,0
4.565338000,1,1,1,0
4.565442000,0,1,1,0
4.565651000,1,1,1,0
4.565755000,0,1,1,0
4.565859000,1,1,1,0
4.565963000,0,1,1,0
4.566068000,1,1,1,0
4.566172000,0,1,1,0
4.566276000,1,1,1,0
4.566484000,0,1,1,0
4.566588000,1,1,1,0
4.566692000,0,1,1,0
4.567422000,1,1,1,0
4.567526000,0,1,1,0
4.567630000,1,1,1,0
4.567734000,0,1,1,0
4.568464000,1,1,1,0
4.568568000,0,1,1,0
4.568880000,1,1,1,0
4.568985000,0,1,1,0
4.569193000,1,1,1,0
4.569297000,0,1,1,0
4.569506000,1,1,1,0
4.569669000,1,0,1,0
4.569773000,1,1,1,0
4.569877000,1,0,1,0
4.569981000,1,1,1,0
4.570085000,1,0,1,0
4.570189000,1,1,1,0
4.570293000,1,0,1,0
4.570398000,1,1,1,0
4.570501000,1,0,1,0
4.570606000,1,1,1,0
4.570710000,1,0,1,0
4.570918000,1,1,1,0
4.571022000,1,0,1,0
4.571126000,1,1,1,0
4.571230000,1,0,1,0
4.571334000,1,1,1,0
4.571438000,1,0,1,0
4.571542000,1,1,1,0
4.571750000,1,0,1,0
4.571854000,1,1,1,0
4.571958000,1,0,1,0
4.572686000,1,1,1,0
4.572790000,1,0,1,0
4.572894000,1,1,1,0
4.572998000,1,0,1,0
4.573102000,1,1,1,0
4.573206000,1,0,1,0
4.573726000,1,1,1,0
4.573830000,1,0,1,0
4.574142000,1,1,1,0
4.574246000,1,0,1,0
4.574454000,1,1,1,0
4.574558000,1,0,1,0
4.574766000,1,1,1,0
4.574870000,1,0,1,0
4.575182000,1,1,1,0
4.575286000,1,0,1,0
4.575807000,1,1,1,0
4.575911000,1,0,1,0
4.576847000,1,1,1,0
4.576951000,1,0,1,0
4.577887000,1,1,1,0
4.577991000,1,0,1,0
4.578927000,1,1,1,0
4.770787000,0,1,1,0
4.770892000,1,1,1,0
4.770996000,0,1,1,0
4.771100000,1,1,1,0
4.771204000,0,1,1,0
4.771309000,1,1,1,0
4.771413000,0,1,1,0
4.771517000,1,1,1,0
4.771621000,0,1,1,0
4.771725000,1,1,1,0
4.771829000,0,1,1,0
4.772038000,1,1,1,0
4.772142000,0,1,1,0
4.772246000,1,1,1,0
4.772350000,0,1,1,0
4.772455000,1,1,1,0
4.772559000,0,1,1,0
4.772663000,1,1,1,0
4.772871000,0,1,1,0
4.772975000,1,1,1,0
4.773079000,0,1,1,0
4.773809000,1,1,1,0
4.773913000,0,1,1,0
4.774017000,1,1,1,0
4.774121000,0,1,1,0
4.774851000,1,1,1,0
4.774955000,0,1,1,0
4.775267000,1,1,1,0
4.775371000,0,1,1,0
4.775893000,1,1,1,0
4.776024000,1,0,1,0
4.776128000,1,1,1,0
4.776232000,1,0,1,0
4.776336000,1,1,1,0
4.776440000,1,0,1,0
4.776544000,1,1,1,0
4.776648000,1,0,1,0
4.776752000,1,1,1,0
4.776856000,1,0,1,0
4.776960000,1,1,1,0
4.777064000,1,0,1,0
4.777272000,1,1,1,0
4.777376000,1,0,1,0
4.777480000,1,1,1,0
4.777584000,1,0,1,0
4.777688000,1,1,1,0
4.777792000,1,0,1,0
4.777896000,1,1,1,0
4.778104000,1,0,1,0
4.778208000,1,1,1,0
4.778312000,1,0,1,0
4.779041000,1,1,1,0
4.779145000,1,0,1,0
4.779249000,1,1,1,0
4.779353000,1,0,1,0
4.779457000,1,1,1,0
4.779561000,1,0,1,0
4.780081000,1,1,1,0
4.780185000,1,0,1,0
4.780497000,1,1,1,0
4.780601000,1,0,1,0
4.781121000,1,1,1,0
4.781225000,1,0,1,0
4.781537000,1,1,1,0
4.781641000,1,0,1,0
4.782161000,1,1,1,0
4.782265000,1,0,1,0
4.783201000,1,1,1,0
4.783305000,1,0,1,0
4.784242000,1,1,1,0
4.784346000,1,0,1,0
4.784450000,1,1,1,0
4.784554000,1,0,1,0
4.785282000,1,1,1,0
4.796208000,0,1,1,0
4.796312000,1,1,1,0
4.796416000,0,1,1,0
4.796521000,1,1,1,0
4.796625000,0,1,1,0
4.796729000,1,1,1,0
4.796833000,0,1,1,0
4.796938000,1,1,1,0
4.797042000,0,1,1,0
4.797146000,1,1,1,0
4.797250000,0,1,1,0
4.797458000,1,1,1,0
4.797563000,0,1,1,0
4.797667000,1,1,1,0
4.797771000,0,1,1,0
4.797875000,1,1,1,0
4.797979000,0,1,1,0
4.798084000,1,1,1,0
4.798292000,0,1,1,0
4.798396000,1,1,1,0
4.798500000,0,1,1,0
4.799230000,1,1,1,0
4.799334000,0,1,1,0
4.799438000,1,1,1,0
4.799542000,0,1,1,0
4.800271000,1,1,1,0
4.800375000,0,1,1,0
4.800688000,1,1,1,0
4.800792000,0,1,1,0
4.801001000,1,1,1,0
4.801105000,0,1,1,0
4.801313000,1,1,1,0
4.801426000,1,0,1,0
4.801531000,1,1,1,0
4.801634000,1,0,1,0
4.801739000,1,1,1,0
4.801843000,1,0,1,0
4.801947000,1,1,1,0
4.802051000,1,0,1,0
4.802155000,1,1,1,0
4.802259000,1,0,1,0
4.802363000,1,1,1,0
4.802467000,1,0,1,0
4.802675000,1,1,1,0
4.802779000,1,0,1,0
4.802883000,1,1,1,0
4.802987000,1,0,1,0
4.803091000,1,1,1,0
4.803195000,1,0,1,0
4.803299000,1,1,1,0
4.803507000,1,0,1,0
4.803611000,1,1,1,0
4.803715000,1,0,1,0
4.804443000,1,1,1,0
4.804547000,1,0,1,0
4.804651000,1,1,1,0
4.804755000,1,0,1,0
4.804859000,1,1,1,0
4.804963000,1,0,1,0
4.805483000,1,1,1,0
4.805587000,1,0,1,0
4.805899000,1,1,1,0
4.806003000,1,0,1,0
4.806211000,1,1,1,0
4.806315000,1,0,1,0
4.806523000,1,1,1,0
4.806627000,1,0,1,0
4.806940000,1,1,1,0
4.807044000,1,0,1,0
4.807564000,1,1,1,0
4.807668000,1,0,1,0
4.808604000,1,1,1,0
4.808708000,1,0,1,0
4.809644000,1,1,1,0
4.809748000,1,0,1,0
4.810684000,1,1,1,0
5.002595000,0,1,1,0
5.002699000,1,1,1,0
5.002803000,0,1,1,0
5.002908000,1,1,1,0
5.003012000,0,1,1,0
5.003116000,1,1,1,0
5.003220000,0,1,1,0
5.003325000,1,1,1,0
5.003429000,0,1,1,0
5.003533000,1,1,1,0
5.003637000,0,1,1,0
5.003845000,1,1,1,0
5.003949000,0,1,1,0
5.004054000,1,1,1,0
5.004158000,0,1,1,0
5.004262000,1,1,1,0
5.004366000,0,1,1,0
5.004471000,1,1,1,0
5.004679000,0,1,1,0
5.004783000,1,1,1,0
5.004887000,0,1,1,0
5.005617000,1,1,1,0
5.005721000,0,1,1,0
5.005825000,1,1,1,0
5.005929000,0,1,1,0
5.006658000,1,1,1,0
5.006762000,0,1,1,0
5.007075000,1,1,1,0
5.007179000,0,1,1,0
5.007700000,1,1,1,0
5.007888000,1,0,1,0
5.007992000,1,1,1,0
5.008096000,1,0,1,0
5.008200000,1,1,1,0
5.008304000,1,0,1,0
5.008408000,1,1,1,0
5.008512000,1,0,1,0
5.008616000,1,1,1,0
5.008720000,1,0,1,0
5.008824000,1,1,1,0
5.008928000,1,0,1,0
5.009137000,1,1,1,0
5.009241000,1,0,1,0
5.009345000,1,1,1,0
5.009449000,1,0,1,0
5.009553000,1,1,1,0
5.009657000,1,0,1,0
5.009761000,1,1,1,0
5.009969000,1,0,1,0
5.010073000,1,1,1,0
5.010177000,1,0,1,0
5.010905000,1,1,1,0
5.011009000,1,0,1,0
5.011113000,1,1,1,0
5.011217000,1,0,1,0
5.011321000,1,1,1,0
5.011425000,1,0,1,0
5.011945000,1,1,1,0
5.012049000,1,0,1,0
5.012361000,1,1,1,0
5.012465000,1,0,1,0
5.012985000,1,1,1,0
5.013089000,1,0,1,0
5.013401000,1,1,1,0
5.013505000,1,0,1,0
5.014026000,1,1,1,0
5.014130000,1,0,1,0
5.015066000,1,1,1,0
5.015170000,1,0,1,0
5.016106000,1,1,1,0
5.016210000,1,0,1,0
5.016314000,1,1,1,0
5.016418000,1,0,1,0
5.017146000,1,1,1,0
5.028016000,0,1,1,0
5.028120000,1,1,1,0
5.028224000,0,1,1,0
5.028329000,1,1,1,0
5.028433000,0,1,1,0
5.028537000,1,1,1,0
5.028641000,0,1,1,0
5.028745000,1,1,1,0
5.028849000,0,1,1,0
5.028954000,1,1,1,0
5.029058000,0,1,1,0
5.029266000,1,1,1,0
5.029370000,0,1,1,0
5.029475000,1,1,1,0
5.029579000,0,1,1,0
5.029683000,1,1,1,0
5.029787000,0,1,1,0
5.029891000,1,1,1,0
5.030099000,0,1,1,0
5.030204000,1,1,1,0
5.030308000,0,1,1,0
5.031037000,1,1,1,0
5.031141000,0,1,1,0
5.031246000,1,1,1,0
5.031350000,0,1,1,0
5.032079000,1,1,1,0
5.032183000,0,1,1,0
5.032496000,1,1,1,0
5.032600000,0,1,1,0
5.032808000,1,1,1,0
5.032912000,0,1,1,0
5.033121000,1,1,1,0
5.033288000,1,0,1,0
5.033392000,1,1,1,0
5.033496000,1,0,1,0
5.033600000,1,1,1,0
5.033704000,1,0,1,0
5.033808000,1,1,1,0
5.033912000,1,0,1,0
5.034016000,1,1,1,0
5.034120000,1,0,1,0
5.034224000,1,1,1,0
5.034328000,1,0,1,0
5.034536000,1,1,1,0
5.034640000,1,0,1,0
5.034744000,1,1,1,0
5.034848000,1,0,1,0
5.034952000,1,1,1,0
5.035056000,1,0,1,0
5.035160000,1,1,1,0
5.035368000,1,0,1,0
5.035472000,1,1,1,0
5.035576000,1,0,1,0
5.036304000,1,1,1,0
5.036408000,1,0,1,0
5.036512000,1,1,1,0
5.036616000,1,0,1,0
5.036720000,1,1,1,0
5.036824000,1,0,1,0
5.037344000,1,1,1,0
5.037448000,1,0,1,0
5.037761000,1,1,1,0
5.037864000,1,0,1,0
5.038073000,1,1,1,0
5.038177000,1,0,1,0
5.038385000,1,1,1,0
5.038489000,1,0,1,0
5.038801000,1,1,1,0
5.038905000,1,0,1,0
5.039425000,1,1,1,0
5.039529000,1,0,1,0
5.040465000,1,1,1,0
5.040569000,1,0,1,0
5.041505000,1,1,1,0
5.041609000,1,0,1,0
5.042545000,1,1,1,0
5.234403000,0,1,1,0
5.234507000,1,1,1,0
5.234611000,0,1,1,0
5.234716000,1,1,1,0
5.234820000,0,1,1,0
5.234924000,1,1,1,0
5.235028000,0,1,1,0
5.235132000,1,1,1,0
5.235236000,0,1,1,0
5.235341000,1,1,1,0
5.235445000,0,1,1,0
5.235653000,1,1,1,0
5.235757000,0,1,1,0
5.235862000,1,1,1,0
5.235966000,0,1,1,0
5.236070000,1,1,1,0
5.236174000,0,1,1,0
5.236278000,1,1,1,0
5.236486000,0,1,1,0
5.236591000,1,1,1,0
5.236695000,0,1,1,0
5.237424000,1,1,1,0
5.237528000,0,1,1,0
5.237633000,1,1,1,0
5.237737000,0,1,1,0
5.238466000,1,1,1,0
5.238570000,0,1,1,0
5.238883000,1,1,1,0
5.238987000,0,1,1,0
5.239508000,1,1,1,0
5.239649000,1,0,1,0
5.239753000,1,1,1,0
5.239857000,1,0,1,0
5.239961000,1,1,1,0
5.240065000,1,0,1,0
5.240169000,1,1,1,0
5.240273000,1,0,1,0
5.240377000,1,1,1,0
5.240481000,1,0,1,0
5.240585000,1,1,1,0
5.240689000,1,0,1,0
5.240897000,1,1,1,0
5.241001000,1,0,1,0
5.241105000,1,1,1,0
5.241209000,1,0,1,0
5.241313000,1,1,1,0
5.241417000,1,0,1,0
5.241521000,1,1,1,0
5.241729000,1,0,1,0
5.241833000,1,1,1,0
5.241937000,1,0,1,0
5.242665000,1,1,1,0
5.242769000,1,0,1,0
5.242873000,1,1,1,0
5.242977000,1,0,1,0
5.243081000,1,1,1,0
5.243185000,1,0,1,0
5.243705000,1,1,1,0
5.243809000,1,0,1,0
5.244122000,1,1,1,0
5.244225000,1,0,1,0
5.244746000,1,1,1,0
5.244850000,1,0,1,0
5.245162000,1,1,1,0
5.245266000,1,0,1,0
5.245786000,1,1,1,0
5.245890000,1,0,1,0
5.246826000,1,1,1,0
5.246930000,1,0,1,0
5.247866000,1,1,1,0
5.247970000,1,0,1,0
5.248074000,1,1,1,0
5.248178000,1,0,1,0
5.248907000,1,1,1,0
5.259823000,0,1,1,0
5.259928000,1,1,1,0
5.260032000,0,1,1,0
5.260136000,1,1,1,0
5.260240000,0,1,1,0
5.260345000,1,1,1,0
5.260449000,0,1,1,0
5.260553000,1,1,1,0
5.260657000,0,1,1,0
5.260761000,1,1,1,0
5.260865000,0,1,1,0
5.261074000,1,1,1,0
5.261178000,0,1,1,0
5.261282000,1,1,1,0
5.261386000,0,1,1,0
5.261491000,1,1,1,0
5.261595000,0,1,1,0
5.261699000,1,1,1,0
5.261907000,0,1,1,0
5.262012000,1,1,1,0
5.262116000,0,1,1,0
5.262845000,1,1,1,0
5.262949000,0,1,1,0
5.263053000,1,1,1,0
5.263157000,0,1,1,0
5.263887000,1,1,1,0
5.263991000,0,1,1,0
5.264304000,1,1,1,0
5.264408000,0,1,1,0
5.264616000,1,1,1,0
5.264720000,0,1,1,0
5.264929000,1,1,1,0
5.265045000,1,0,1,0
5.265149000,1,1,1,0
5.265253000,1,0,1,0
5.265357000,1,1,1,0
5.265461000,1,0,1,0
5.265565000,1,1,1,0
5.265669000,1,0,1,0
5.265773000,1,1,1,0
5.265877000,1,0,1,0
5.265981000,1,1,1,0
5.266085000,1,0,1,0
5.266293000,1,1,1,0
5.266397000,1,0,1,0
5.266501000,1,1,1,0
5.266605000,1,0,1,0
5.266709000,1,1,1,0
5.266813000,1,0,1,0
5.266917000,1,1,1,0
5.267125000,1,0,1,0
5.267229000,1,1,1,0
5.267333000,1,0,1,0
5.268061000,1,1,1,0
5.268165000,1,0,1,0
5.268269000,1,1,1,0
5.268373000,1,0,1,0
5.268477000,1,1,1,0
5.268581000,1,0,1,0
5.269102000,1,1,1,0
5.269206000,1,0,1,0
5.269518000,1,1,1,0
5.269622000,1,0,1,0
5.269830000,1,1,1,0
5.269934000,1,0,1,0
5.270142000,1,1,1,0
5.270246000,1,0,1,0
5.270558000,1,1,1,0
5.270662000,1,0,1,0
5.271182000,1,1,1,0
5.271286000,1,0,1,0
5.272222000,1,1,1,0
5.272326000,1,0,1,0
5.273262000,1,1,1,0
5.273366000,1,0,1,0
5.274303000,1,1,1,0
5.466210000,0,1,1,0
5.466315000,1,1,1,0
5.466419000,0,1,1,0
5.466523000,1,1,1,0
5.466627000,0,1,1,0
5.466732000,1,1,1,0
5.466836000,0,1,1,0
5.466940000,1,1,1,0
5.467044000,0,1,1,0
5.467148000,1,1,1,0
5.467252000,0,1,1,0
5.467461000,1,1,1,0
5.467565000,0,1,1,0
5.467669000,1,1,1,0
5.467773000,0,1,1,0
5.467878000,1,1,1,0
5.467982000,0,1,1,0
5.468086000,1,1,1,0
5.468294000,0,1,1,0
5.468398000,1,1,1,0
5.468503000,0,1,1,0
5.469232000,1,1,1,0
5.469336000,0,1,1,0
5.469440000,1,1,1,0
5.469544000,0,1,1,0
5.470274000,1,1,1,0
5.470378000,0,1,1,0
5.470691000,1,1,1,0
5.470795000,0,1,1,0
5.471316000,1,1,1,0
5.471409000,1,0,1,0
5.471513000,1,1,1,0
5.471617000,1,0,1,0
5.471721000,1,1,1,0
5.471825000,1,0,1,0
5.471929000,1,1,1,0
5.472033000,1,0,1,0
5.472137000,1,1,1,0
5.472241000,1,0,1,0
5.472345000,1,1,1,0
5.472449000,1,0,1,0
5.472657000,1,1,1,0
5.472761000,1,0,1,0
5.472865000,1,1,1,0
5.472969000,1,0,1,0
5.473073000,1,1,1,0
5.473177000,1,0,1,0
5.473281000,1,1,1,0
5.473489000,1,0,1,0
5.473593000,1,1,1,0
5.473697000,1,0,1,0
5.474426000,1,1,1,0
5.474529000,1,0,1,0
5.474634000,1,1,1,0
5.474738000,1,0,1,0
5.474842000,1,1,1,0
5.474946000,1,0,1,0
5.475466000,1,1,1,0
5.475570000,1,0,1,0
5.475882000,1,1,1,0
5.475986000,1,0,1,0
5.476506000,1,1,1,0
5.476610000,1,0,1,0
5.476922000,1,1,1,0
5.477026000,1,0,1,0
5.477546000,1,1,1,0
5.477650000,1,0,1,0
5.478586000,1,1,1,0
5.478690000,1,0,1,0
5.479627000,1,1,1,0
5.479731000,1,0,1,0
5.479835000,1,1,1,0
5.479939000,1,0,1,0
5.480667000,1,1,1,0
5.491631000,0,1,1,0
5.491736000,1,1,1,0
5.491840000,0,1,1,0
5.491944000,1,1,1,0
5.492048000,0,1,1,0
5.492152000,1,1,1,0
5.492256000,0,1,1,0
5.492361000,1,1,1,0
5.492465000,0,1,1,0
5.492569000,1,1,1,0
5.492673000,0,1,1,0
5.492882000,1,1,1,0
5.492986000,0,1,1,0
5.493090000,1,1,1,0
5.493194000,0,1,1,0
5.493298000,1,1,1,0
5.493402000,0,1,1,0
5.493507000,1,1,1,0
5.493715000,0,1,1,0
5.493819000,1,1,1,0
5.493923000,0,1,1,0
5.494653000,1,1,1,0
5.494757000,0,1,1,0
5.494861000,1,1,1,0
5.494965000,0,1,1,0
5.495694000,1,1,1,0
5.495799000,0,1,1,0
5.496111000,1,1,1,0
5.496215000,0,1,1,0
5.496424000,1,1,1,0
5.496528000,0,1,1,0
5.496736000,1,1,1,0
5.496906000,1,0,1,0
5.497010000,1,1,1,0
5.497114000,1,0,1,0
5.497218000,1,1,1,0
5.497322000,1,0,1,0
5.497426000,1,1,1,0
5.497530000,1,0,1,0
5.497634000,1,1,1,0
5.497738000,1,0,1,0
5.497842000,1,1,1,0
5.497946000,1,0,1,0
5.498154000,1,1,1,0
5.498258000,1,0,1,0
5.498362000,1,1,1,0
5.498466000,1,0,1,0
5.498570000,1,1,1,0
5.498674000,1,0,1,0
5.498778000,1,1,1,0
5.498986000,1,0,1,0
5.499090000,1,1,1,0
5.499194000,1,0,1,0
5.499922000,1,1,1,0
5.500026000,1,0,1,0
5.500131000,1,1,1,0
5.500234000,1,0,1,0
5.500339000,1,1,1,0
5.500443000,1,0,1,0
5.500963000,1,1,1,0
5.501067000,1,0,1,0
5.501379000,1,1,1,0
5.501483000,1,0,1,0
5.501691000,1,1,1,0
5.501795000,1,0,1,0
5.502003000,1,1,1,0
5.502107000,1,0,1,0
5.502419000,1,1,1,0
5.502523000,1,0,1,0
5.503043000,1,1,1,0
5.503147000,1,0,1,0
5.504083000,1,1,1,0
5.504187000,1,0,1,0
5.505124000,1,1,1,0
5.505227000,1,0,1,0
5.506164000,1,1,1,0
5.698018000,0,1,1,0
5.698123000,1,1,1,0
5.698227000,0,1,1,0
5.698331000,1,1,1,0
5.698435000,0,1,1,0
5.698539000,1,1,1,0
5.698643000,0,1,1,0
5.698748000,1,1,1,0
5.698852000,0,1,1,0
5.698956000,1,1,1,0
5.699060000,0,1,1,0
5.699269000,1,1,1,0
5.699373000,0,1,1,0
5.699477000,1,1,1,0
5.699581000,0,1,1,0
5.699685000,1,1,1,0
5.699789000,0,1,1,0
5.699894000,1,1,1,0
5.700102000,0,1,1,0
5.700206000,1,1,1,0
5.700310000,0,1,1,0
5.701040000,1,1,1,0
5.701144000,0,1,1,0
5.701248000,1,1,1,0
5.701352000,0,1,1,0
5.702081000,1,1,1,0
5.702185000,0,1,1,0
5.702498000,1,1,1,0
5.702602000,0,1,1,0
5.703123000,1,1,1,0
5.703377000,1,0,1,0
5.703481000,1,1,1,0
5.703585000,1,0,1,0
5.703689000,1,1,1,0
5.703793000,1,0,1,0
5.703897000,1,1,1,0
5.704001000,1,0,1,0
5.704105000,1,1,1,0
5.704209000,1,0,1,0
5.704313000,1,1,1,0
5.704417000,1,0,1,0
5.704626000,1,1,1,0
5.704729000,1,0,1,0
5.704834000,1,1,1,0
5.704938000,1,0,1,0
5.705042000,1,1,1,0
5.705146000,1,0,1,0
5.705250000,1,1,1,0
5.705458000,1,0,1,0
5.705562000,1,1,1,0
5.705666000,1,0,1,0
5.706394000,1,1,1,0
5.706498000,1,0,1,0
5.706602000,1,1,1,0
5.706706000,1,0,1,0
5.706810000,1,1,1,0
5.706914000,1,0,1,0
5.707434000,1,1,1,0
5.707538000,1,0,1,0
5.707850000,1,1,1,0
5.707954000,1,0,1,0
5.708474000,1,1,1,0
5.708578000,1,0,1,0
5.708890000,1,1,1,0
5.708994000,1,0,1,0
5.709515000,1,1,1,0
5.709618000,1,0,1,0
5.710555000,1,1,1,0
5.710659000,1,0,1,0
5.711595000,1,1,1,0
5.711699000,1,0,1,0
5.711803000,1,1,1,0
5.711907000,1,0,1,0
5.712635000,1,1,1,0
5.723439000,0,1,1,0
5.723543000,1,1,1,0
5.723647000,0,1,1,0
5.723752000,1,1,1,0
5.723856000,0,1,1,0
5.723960000,1,1,1,0
5.724064000,0,1,1,0
5.724168000,1,1,1,0
5.724272000,0,1,1,0
5.724377000,1,1,1,0
5.724481000,0,1,1,0
5.724689000,1,1,1,0
5.724793000,0,1,1,0
5.724898000,1,1,1,0
5.725002000,0,1,1,0
5.725106000,1,1,1,0
5.725210000,0,1,1,0
5.725314000,1,1,1,0
5.725523000,0,1,1,0
5.725627000,1,1,1,0
5.725731000,0,1,1,0
5.726460000,1,1,1,0
5.726564000,0,1,1,0
5.726669000,1,1,1,0
5.726773000,0,1,1,0
5.727502000,1,1,1,0
5.727606000,0,1,1,0
5.727919000,1,1,1,0
5.728023000,0,1,1,0
5.728231000,1,1,1,0
5.728335000,0,1,1,0
5.728544000,1,1,1,0
5.728663000,1,0,1,0
5.728767000,1,1,1,0
5.728871000,1,0,1,0
5.728975000,1,1,1,0
5.729079000,1,0,1,0
5.729183000,1,1,1,0
5.729287000,1,0,1,0
5.729391000,1,1,1,0
5.729495000,1,0,1,0
5.729599000,1,1,1,0
5.729703000,1,0,1,0
5.729911000,1,1,1,0
5.730015000,1,0,1,0
5.730119000,1,1,1,0
5.730223000,1,0,1,0
5.730327000,1,1,1,0
5.730431000,1,0,1,0
5.730535000,1,1,1,0
5.730743000,1,0,1,0
5.730847000,1,1,1,0
5.730951000,1,0,1,0
5.731680000,1,1,1,0
5.731784000,1,0,1,0
5.731888000,1,1,1,0
5.731992000,1,0,1,0
5.732096000,1,1,1,0
5.732200000,1,0,1,0
5.732720000,1,1,1,0
5.732824000,1,0,1,0
5.733136000,1,1,1,0
5.733240000,1,0,1,0
5.733448000,1,1,1,0
5.733552000,1,0,1,0
5.733760000,1,1,1,0
5.733864000,1,0,1,0
5.734176000,1,1,1,0
5.734280000,1,0,1,0
5.734800000,1,1,1,0
5.734904000,1,0,1,0
5.735840000,1,1,1,0
5.735944000,1,0,1,0
5.736881000,1,1,1,0
5.736985000,1,0,1,0
5.737921000,1,1,1,0
5.929826000,0,1,1,0
5.929930000,1,1,1,0
5.930034000,0,1,1,0
5.930139000,1,1,1,0
5.930243000,0,1,1,0
5.930347000,1,1,1,0
5.930451000,0,1,1,0
5.930555000,1,1,1,0
5.930659000,0,1,1,0
5.930764000,1,1,1,0
5.930868000,0,1,1,0
5.931076000,1,1,1,0
5.931180000,0,1,1,0
5.931285000,1,1,1,0
5.931389000,0,1,1,0
5.931493000,1,1,1,0
5.931597000,0,1,1,0
5.931701000,1,1,1,0
5.931910000,0,1,1,0
5.932014000,1,1,1,0
5.932118000,0,1,1,0
5.932847000,1,1,1,0
5.932951000,0,1,1,0
5.933056000,1,1,1,0
5.933160000,0,1,1,0
5.933889000,1,1,1,0
5.933993000,0,1,1,0
5.934306000,1,1,1,0
5.934410000,0,1,1,0
5.934931000,1,1,1,0
5.935137000,1,0,1,0
5.935242000,1,1,1,0
5.935346000,1,0,1,0
5.935450000,1,1,1,0
5.935554000,1,0,1,0
5.935658000,1,1,1,0
5.935762000,1,0,1,0
5.935866000,1,1,1,0
5.935970000,1,0,1,0
5.936074000,1,1,1,0
5.936178000,1,0,1,0
5.936386000,1,1,1,0
5.936490000,1,0,1,0
5.936594000,1,1,1,0
5.936698000,1,0,1,0
5.936802000,1,1,1,0
5.936906000,1,0,1,0
5.937010000,1,1,1,0
5.937218000,1,0,1,0
5.937322000,1,1,1,0
5.937426000,1,0,1,0
5.938154000,1,1,1,0
5.938258000,1,0,1,0
5.938362000,1,1,1,0
5.938466000,1,0,1,0
5.938570000,1,1,1,0
5.938674000,1,0,1,0
5.939194000,1,1,1,0
5.939298000,1,0,1,0
5.939610000,1,1,1,0
5.939714000,1,0,1,0
5.940235000,1,1,1,0
5.940339000,1,0,1,0
5.940651000,1,1,1,0
5.940755000,1,0,1,0
5.941275000,1,1,1,0
5.941379000,1,0,1,0
5.942315000,1,1,1,0
5.942419000,1,0,1,0
5.943355000,1,1,1,0
5.943459000,1,0,1,0
5.943563000,1,1,1,0
5.943667000,1,0,1,0
5.944395000,1,1,1,0
5.955247000,0,1,1,0
5.955351000,1,1,1,0
5.955455000,0,1,1,0
5.955559000,1,1,1,0
5.955663000,0,1,1,0
5.955768000,1,1,1,0
5.955872000,0,1,1,0
5.955976000,1,1,1,0
5.956080000,0,1,1,0
5.956184000,1,1,1,0
5.956288000,0,1,1,0
5.956497000,1,1,1,0
5.956601000,0,1,1,0
5.956705000,1,1,1,0
5.956809000,0,1,1,0
5.956914000,1,1,1,0
5.957018000,0,1,1,0
5.957122000,1,1,1,0
5.957330000,0,1,1,0
5.957435000,1,1,1,0
5.957539000,0,1,1,0
5.958268000,1,1,1,0
5.958372000,0,1,1,0
5.958476000,1,1,1,0
5.958580000,0,1,1,0
5.959310000,1,1,1,0
5.959414000,0,1,1,0
5.959727000,1,1,1,0
5.959831000,0,1,1,0
5.960039000,1,1,1,0
5.960143000,0,1,1,0
5.960352000,1,1,1,0
5.960524000,1,0,1,0
5.960628000,1,1,1,0
5.960732000,1,0,1,0
5.960836000,1,1,1,0
5.960940000,1,0,1,0
5.961044000,1,1,1,0
5.961148000,1,0,1,0
5.961252000,1,1,1,0
5.961356000,1,0,1,0
5.961460000,1,1,1,0
5.961564000,1,0,1,0
5.961772000,1,1,1,0
5.961876000,1,0,1,0
5.961980000,1,1,1,0
5.962084000,1,0,1,0
5.962188000,1,1,1,0
5.962292000,1,0,1,0
5.962397000,1,1,1,0
5.962605000,1,0,1,0
5.962709000,1,1,1,0
5.962813000,1,0,1,0
5.963541000,1,1,1,0
5.963645000,1,0,1,0
5.963749000,1,1,1,0
5.963853000,1,0,1,0
5.963957000,1,1,1,0
5.964061000,1,0,1,0
5.964581000,1,1,1,0
5.964685000,1,0,1,0
5.964997000,1,1,1,0
5.965101000,1,0,1,0
5.965309000,1,1,1,0
5.965413000,1,0,1,0
5.965621000,1,1,1,0
5.965725000,1,0,1,0
5.966037000,1,1,1,0
5.966141000,1,0,1,0
5.966661000,1,1,1,0
5.966765000,1,0,1,0
5.967702000,1,1,1,0
5.967806000,1,0,1,0
5.968742000,1,1,1,0
5.968846000,1,0,1,0
5.969782000,1,1,1,0
6.161634000,0,1,1,0
6.161738000,1,1,1,0
6.161842000,0,1,1,0
6.161946000,1,1,1,0
6.162050000,0,1,1,0
6.162155000,1,1,1,0
6.162259000,0,1,1,0
6.162363000,1,1,1,0
6.162467000,0,1,1,0
6.162571000,1,1,1,0
6.162675000,0,1,1,0
6.162884000,1,1,1,0
6.162988000,0,1,1,0
6.163092000,1,1,1,0
6.163196000,0,1,1,0
6.163301000,1,1,1,0
6.163405000,0,1,1,0
6.163509000,1,1,1,0
6.163717000,0,1,1,0
6.163822000,1,1,1,0
6.163926000,0,1,1,0
6.164655000,1,1,1,0
6.164759000,0,1,1,0
6.164863000,1,1,1,0
6.164967000,0,1,1,0
6.165697000,1,1,1,0
6.165801000,0,1,1,0
6.166114000,1,1,1,0
6.166218000,0,1,1,0
6.166739000,1,1,1,0
6.166898000,1,0,1,0
6.167002000,1,1,1,0
6.167106000,1,0,1,0
6.167210000,1,1,1,0
6.167314000,1,0,1,0
6.167418000,1,1,1,0
6.167522000,1,0,1,0
6.167626000,1,1,1,0
6.167730000,1,0,1,0
6.167834000,1,1,1,0
6.167938000,1,0,1,0
6.168146000,1,1,1,0
6.168250000,1,0,1,0
6.168354000,1,1,1,0
6.168458000,1,0,1,0
6.168562000,1,1,1,0
6.168666000,1,0,1,0
6.168770000,1,1,1,0
6.168978000,1,0,1,0
6.169082000,1,1,1,0
6.169186000,1,0,1,0
6.169914000,1,1,1,0
6.170018000,1,0,1,0
6.170123000,1,1,1,0
6.170226000,1,0,1,0
6.170331000,1,1,1,0
6.170435000,1,0,1,0
6.170955000,1,1,1,0
6.171059000,1,0,1,0
6.171371000,1,1,1,0
6.171475000,1,0,1,0
6.171995000,1,1,1,0
6.172099000,1,0,1,0
6.172411000,1,1,1,0
6.172515000,1,0,1,0
6.173035000,1,1,1,0
6.173139000,1,0,1,0
6.174075000,1,1,1,0
6.174179000,1,0,1,0
6.175116000,1,1,1,0
6.175220000,1,0,1,0
6.175324000,1,1,1,0
6.175428000,1,0,1,0
6.176156000,1,1,1,0
6.187054000,0,1,1,0
6.187159000,1,1,1,0
6.187263000,0,1,1,0
6.187367000,1,1,1,0
6.187471000,0,1,1,0
6.187575000,1,1,1,0
6.187679000,0,1,1,0
6.187784000,1,1,1,0
6.187888000,0,1,1,0
6.187992000,1,1,1,0
6.188096000,0,1,1,0
6.188305000,1,1,1,0
6.188409000,0,1,1,0
6.188513000,1,1,1,0
6.188617000,0,1,1,0
6.188721000,1,1,1,0
6.188825000,0,1,1,0
6.188930000,1,1,1,0
6.189138000,0,1,1,0
6.189242000,1,1,1,0
6.189346000,0,1,1,0
6.190076000,1,1,1,0
6.190180000,0,1,1,0
6.190284000,1,1,1,0
6.190388000,0,1,1,0
6.191118000,1,1,1,0
6.191222000,0,1,1,0
6.191534000,1,1,1,0
6.191638000,0,1,1,0
6.191847000,1,1,1,0
6.191951000,0,1,1,0
6.192159000,1,1,1,0
6.192281000,1,0,1,0
6.192385000,1,1,1,0
6.192489000,1,0,1,0
6.192593000,1,1,1,0
6.192697000,1,0,1,0
6.192801000,1,1,1,0
6.192905000,1,0,1,0
6.193009000,1,1,1,0
6.193113000,1,0,1,0
6.193217000,1,1,1,0
6.193321000,1,0,1,0
6.193530000,1,1,1,0
6.193633000,1,0,1,0
6.193738000,1,1,1,0
6.193842000,1,0,1,0
6.193946000,1,1,1,0
6.194050000,1,0,1,0
6.194154000,1,1,1,0
6.194362000,1,0,1,0
6.194466000,1,1,1,0
6.194570000,1,0,1,0
6.195298000,1,1,1,0
6.195402000,1,0,1,0
6.195506000,1,1,1,0
6.195610000,1,0,1,0
6.195714000,1,1,1,0
6.195818000,1,0,1,0
6.196338000,1,1,1,0
6.196442000,1,0,1,0
6.196754000,1,1,1,0
6.196858000,1,0,1,0
6.197066000,1,1,1,0
6.197170000,1,0,1,0
6.197378000,1,1,1,0
6.197482000,1,0,1,0
6.197794000,1,1,1,0
6.197898000,1,0,1,0
6.198418000,1,1,1,0
6.198522000,1,0,1,0
6.199459000,1,1,1,0
6.199563000,1,0,1,0
6.200499000,1,1,1,0
6.200603000,1,0,1,0
6.201539000,1,1,1,0
6.393441000,0,1,1,0
6.393546000,1,1,1,0
6.393650000,0,1,1,0
6.393754000,1,1,1,0
6.393858000,0,1,1,0
6.393962000,1,1,1,0
6.394066000,0,1,1,0
6.394171000,1,1,1,0
6.394275000,0,1,1,0
6.394379000,1,1,1,0
6.394483000,0,1,1,0
6.394692000,1,1,1,0
6.394796000,0,1,1,0
6.394900000,1,1,1,0
6.395004000,0,1,1,0
6.395108000,1,1,1,0
6.395212000,0,1,1,0
6.395317000,1,1,1,0
6.395525000,0,1,1,0
6.395629000,1,1,1,0
6.395733000,0,1,1,0
6.396463000,1,1,1,0
6.396567000,0,1,1,0
6.396671000,1,1,1,0
6.396775000,0,1,1,0
6.397505000,1,1,1,0
6.397609000,0,1,1,0
6.397921000,1,1,1,0
6.398025000,0,1,1,0
6.398546000,1,1,1,0
6.398658000,1,0,1,0
6.398762000,1,1,1,0
6.398866000,1,0,1,0
6.398970000,1,1,1,0
6.399074000,1,0,1,0
6.399178000,1,1,1,0
6.399282000,1,0,1,0
6.399386000,1,1,1,0
6.399490000,1,0,1,0
6.399594000,1,1,1,0
6.399698000,1,0,1,0
6.399906000,1,1,1,0
6.400010000,1,0,1,0
6.400114000,1,1,1,0
6.400218000,1,0,1,0
6.400323000,1,1,1,0
6.400426000,1,0,1,0
6.400531000,1,1,1,0
6.400739000,1,0,1,0
6.400843000,1,1,1,0
6.400947000,1,0,1,0
6.401675000,1,1,1,0
6.401779000,1,0,1,0
6.401883000,1,1,1,0
6.401987000,1,0,1,0
6.402091000,1,1,1,0
6.402195000,1,0,1,0
6.402715000,1,1,1,0
6.402819000,1,0,1,0
6.403131000,1,1,1,0
6.403235000,1,0,1,0
6.403755000,1,1,1,0
6.403963000,1,0,1,0
6.404275000,1,1,1,0
6.404379000,1,0,1,0
6.404899000,1,1,1,0
6.405003000,1,0,1,0
6.405940000,1,1,1,0
6.406044000,1,0,1,0
6.406980000,1,1,1,0
6.407084000,1,0,1,0
6.407188000,1,1,1,0
6.407292000,1,0,1,0
6.408020000,1,1,1,0
6.418862000,0,1,1,0
6.418966000,1,1,1,0
6.419070000,0,1,1,0
6.419175000,1,1,1,0
6.419279000,0,1,1,0
6.419383000,1,1,1,0
6.419487000,0,1,1,0
6.419591000,1,1,1,0
6.419695000,0,1,1,0
6.419800000,1,1,1,0
6.419904000,0,1,1,0
6.420112000,1,1,1,0
6.420216000,0,1,1,0
6.420321000,1,1,1,0
6.420425000,0,1,1,0
6.420529000,1,1,1,0
6.420633000,0,1,1,0
6.420737000,1,1,1,0
6.420946000,0,1,1,0
6.421050000,1,1,1,0
6.421154000,0,1,1,0
6.421883000,1,1,1,0
6.421987000,0,1,1,0
6.422092000,1,1,1,0
6.422196000,0,1,1,0
6.422925000,1,1,1,0
6.423029000,0,1,1,0
6.423342000,1,1,1,0
6.423446000,0,1,1,0
6.423655000,1,1,1,0
6.423759000,0,1,1,0
6.423967000,1,1,1,0
6.424142000,1,0,1,0
6.424246000,1,1,1,0
6.424350000,1,0,1,0
6.424454000,1,1,1,0
6.424558000,1,0,1,0
6.424663000,1,1,1,0
6.424766000,1,0,1,0
6.424871000,1,1,1,0
6.424975000,1,0,1,0
6.425079000,1,1,1,0
6.425183000,1,0,1,0
6.425391000,1,1,1,0
6.425495000,1,0,1,0
6.425599000,1,1,1,0
6.425703000,1,0,1,0
6.425807000,1,1,1,0
6.425911000,1,0,1,0
6.426015000,1,1,1,0
6.426223000,1,0,1,0
6.426327000,1,1,1,0
6.426431000,1,0,1,0
6.427159000,1,1,1,0
6.427263000,1,0,1,0
6.427367000,1,1,1,0
6.427471000,1,0,1,0
6.427575000,1,1,1,0
6.427679000,1,0,1,0
6.428199000,1,1,1,0
6.428303000,1,0,1,0
6.428615000,1,1,1,0
6.428719000,1,0,1,0
6.428927000,1,1,1,0
6.429031000,1,0,1,0
6.429239000,1,1,1,0
6.429343000,1,0,1,0
6.429656000,1,1,1,0
6.429759000,1,0,1,0
6.430280000,1,1,1,0
6.430384000,1,0,1,0
6.431320000,1,1,1,0
6.431424000,1,0,1,0
6.432360000,1,1,1,0
6.432464000,1,0,1,0
6.433400000,1,1,1,0
6.625249000,0,1,1,0
6.625353000,1,1,1,0
6.625457000,0,1,1,0
6.625562000,1,1,1,0
6.625666000,0,1,1,0
6.625770000,1,1,1,0
6.625874000,0,1,1,0
6.625978000,1,1,1,0
6.626082000,0,1,1,0
6.626187000,1,1,1,0
6.626291000,0,1,1,0
6.626499000,1,1,1,0
6.626603000,0,1,1,0
6.626708000,1,1,1,0
6.626812000,0,1,1,0
6.626916000,1,1,1,0
6.627020000,0,1,1,0
6.627124000,1,1,1,0
6.627333000,0,1,1,0
6.627437000,1,1,1,0
6.627541000,0,1,1,0
6.628270000,1,1,1,0
6.628374000,0,1,1,0
6.628479000,1,1,1,0
6.628583000,0,1,1,0
6.629312000,1,1,1,0
6.629416000,0,1,1,0
6.629729000,1,1,1,0
6.629833000,0,1,1,0
6.630354000,1,1,1,0
6.630522000,1,0,1,0
6.630626000,1,1,1,0
6.630730000,1,0,1,0
6.630835000,1,1,1,0
6.630938000,1,0,1,0
6.631043000,1,1,1,0
6.631147000,1,0,1,0
6.631251000,1,1,1,0
6.631355000,1,0,1,0
6.631459000,1,1,1,0
6.631563000,1,0,1,0
6.631771000,1,1,1,0
6.631875000,1,0,1,0
6.631979000,1,1,1,0
6.632083000,1,0,1,0
6.632187000,1,1,1,0
6.632291000,1,0,1,0
6.632395000,1,1,1,0
6.632603000,1,0,1,0
6.632707000,1,1,1,0
6.632811000,1,0,1,0
6.633539000,1,1,1,0
6.633643000,1,0,1,0
6.633747000,1,1,1,0
6.633851000,1,0,1,0
6.633955000,1,1,1,0
6.634059000,1,0,1,0
6.634579000,1,1,1,0
6.634683000,1,0,1,0
6.634995000,1,1,1,0
6.635099000,1,0,1,0
6.635620000,1,1,1,0
6.635723000,1,0,1,0
6.636036000,1,1,1,0
6.636140000,1,0,1,0
6.636660000,1,1,1,0
6.636764000,1,0,1,0
6.637700000,1,1,1,0
6.637804000,1,0,1,0
6.638740000,1,1,1,0
6.638844000,1,0,1,0
6.638948000,1,1,1,0
6.639052000,1,0,1,0
6.639780000,1,1,1,0
6.650670000,0,1,1,0
6.650774000,1,1,1,0
6.650878000,0,1,1,0
6.650982000,1,1,1,0
6.651086000,0,1,1,0
6.651191000,1,1,1,0
6.651295000,0,1,1,0
6.651399000,1,1,1,0
6.651503000,0,1,1,0
6.651607000,1,1,1,0
6.651711000,0,1,1,0
6.651920000,1,1,1,0
6.652024000,0,1,1,0
6.652128000,1,1,1,0
6.652232000,0,1,1,0
6.652337000,1,1,1,0
6.652441000,0,1,1,0
6.652545000,1,1,1,0
6.652753000,0,1,1,0
6.652858000,1,1,1,0
6.652962000,0,1,1,0
6.653691000,1,1,1,0
6.653795000,0,1,1,0
6.653899000,1,1,1,0
6.654003000,0,1,1,0
6.654733000,1,1,1,0
6.654837000,0,1,1,0
6.655150000,1,1,1,0
6.655254000,0,1,1,0
6.655462000,1,1,1,0
6.655566000,0,1,1,0
6.655775000,1,1,1,0
6.655899000,1,0,1,0
6.656004000,1,1,1,0
6.656108000,1,0,1,0
6.656212000,1,1,1,0
6.656316000,1,0,1,0
6.656420000,1,1,1,0
6.656524000,1,0,1,0
6.656628000,1,1,1,0
6.656732000,1,0,1,0
6.656836000,1,1,1,0
6.656940000,1,0,1,0
6.657148000,1,1,1,0
6.657252000,1,0,1,0
6.657356000,1,1,1,0
6.657460000,1,0,1,0
6.657564000,1,1,1,0
6.657668000,1,0,1,0
6.657772000,1,1,1,0
6.657980000,1,0,1,0
6.658084000,1,1,1,0
6.658188000,1,0,1,0
6.658916000,1,1,1,0
6.659020000,1,0,1,0
6.659124000,1,1,1,0
6.659228000,1,0,1,0
6.659332000,1,1,1,0
6.659436000,1,0,1,0
6.659956000,1,1,1,0
6.660060000,1,0,1,0
6.660372000,1,1,1,0
6.660476000,1,0,1,0
6.660684000,1,1,1,0
6.660788000,1,0,1,0
6.660997000,1,1,1,0
6.661101000,1,0,1,0
6.661413000,1,1,1,0
6.661517000,1,0,1,0
6.662037000,1,1,1,0
6.662141000,1,0,1,0
6.663077000,1,1,1,0
6.663181000,1,0,1,0
6.664117000,1,1,1,0
6.664221000,1,0,1,0
6.665157000,1,1,1,0
6.857057000,0,1,1,0
6.857161000,1,1,1,0
6.857265000,0,1,1,0
6.857369000,1,1,1,0
6.857473000,0,1,1,0
6.857578000,1,1,1,0
6.857682000,0,1,1,0
6.857786000,1,1,1,0
6.857890000,0,1,1,0
6.857994000,1,1,1,0
6.858098000,0,1,1,0
6.858307000,1,1,1,0
6.858411000,0,1,1,0
6.858515000,1,1,1,0
6.858619000,0,1,1,0
6.858724000,1,1,1,0
6.858828000,0,1,1,0
6.858932000,1,1,1,0
6.859140000,0,1,1,0
6.859245000,1,1,1,0
6.859349000,0,1,1,0
6.860078000,1,1,1,0
6.860182000,0,1,1,0
6.860286000,1,1,1,0
6.860390000,0,1,1,0
6.861120000,1,1,1,0
6.861224000,0,1,1,0
6.861537000,1,1,1,0
6.861641000,0,1,1,0
6.862162000,1,1,1,0
6.862283000,1,0,1,0
6.862387000,1,1,1,0
6.862491000,1,0,1,0
6.862595000,1,1,1,0
6.862699000,1,0,1,0
6.862803000,1,1,1,0
6.862907000,1,0,1,0
6.863011000,1,1,1,0
6.863115000,1,0,1,0
6.863219000,1,1,1,0
6.863323000,1,0,1,0
6.863531000,1,1,1,0
6.863635000,1,0,1,0
6.863739000,1,1,1,0
6.863843000,1,0,1,0
6.863947000,1,1,1,0
6.864051000,1,0,1,0
6.864155000,1,1,1,0
6.864363000,1,0,1,0
6.864467000,1,1,1,0
6.864571000,1,0,1,0
6.865299000,1,1,1,0
6.865403000,1,0,1,0
6.865507000,1,1,1,0
6.865611000,1,0,1,0
6.865715000,1,1,1,0
6.865819000,1,0,1,0
6.866340000,1,1,1,0
6.866444000,1,0,1,0
6.866756000,1,1,1,0
6.866860000,1,0,1,0
6.867380000,1,1,1,0
6.867484000,1,0,1,0
6.867796000,1,1,1,0
6.867900000,1,0,1,0
6.868420000,1,1,1,0
6.868524000,1,0,1,0
6.869460000,1,1,1,0
6.869564000,1,0,1,0
6.870500000,1,1,1,0
6.870604000,1,0,1,0
6.870709000,1,1,1,0
6.870812000,1,0,1,0
6.871541000,1,1,1,0
6.882477000,0,1,1,0
6.882582000,1,1,1,0
6.882686000,0,1,1,0
6.882790000,1,1,1,0
6.882894000,0,1,1,0
6.882998000,1,1,1,0
6.883102000,0,1,1,0
6.883207000,1,1,1,0
6.883311000,0,1,1,0
6.883415000,1,1,1,0
6.883519000,0,1,1,0
6.883728000,1,1,1,0
6.883832000,0,1,1,0
6.883936000,1,1,1,0
6.884040000,0,1,1,0
6.884144000,1,1,1,0
6.884248000,0,1,1,0
6.884353000,1,1,1,0
6.884561000,0,1,1,0
6.884665000,1,1,1,0
6.884769000,0,1,1,0
6.885499000,1,1,1,0
6.885603000,0,1,1,0
6.885707000,1,1,1,0
6.885811000,0,1,1,0
6.886541000,1,1,1,0
6.886645000,0,1,1,0
6.886957000,1,1,1,0
6.887061000,0,1,1,0
6.887270000,1,1,1,0
6.887374000,0,1,1,0
6.887582000,1,1,1,0
6.887761000,1,0,1,0
6.887865000,1,1,1,0
6.887969000,1,0,1,0
6.888073000,1,1,1,0
6.888177000,1,0,1,0
6.888281000,1,1,1,0
6.888385000,1,0,1,0
6.888489000,1,1,1,0
6.888593000,1,0,1,0
6.888697000,1,1,1,0
6.888801000,1,0,1,0
6.889009000,1,1,1,0
6.889113000,1,0,1,0
6.889217000,1,1,1,0
6.889321000,1,0,1,0
6.889425000,1,1,1,0
6.889529000,1,0,1,0
6.889633000,1,1,1,0
6.889841000,1,0,1,0
6.889945000,1,1,1,0
6.890049000,1,0,1,0
6.890777000,1,1,1,0
6.890881000,1,0,1,0
6.890985000,1,1,1,0
6.891089000,1,0,1,0
6.891193000,1,1,1,0
6.891297000,1,0,1,0
6.891817000,1,1,1,0
6.891921000,1,0,1,0
6.892234000,1,1,1,0
6.892338000,1,0,1,0
6.892546000,1,1,1,0
6.892650000,1,0,1,0
6.892858000,1,1,1,0
6.892962000,1,0,1,0
6.893274000,1,1,1,0
6.893378000,1,0,1,0
6.893898000,1,1,1,0
6.894002000,1,0,1,0
6.894938000,1,1,1,0
6.895042000,1,0,1,0
6.895978000,1,1,1,0
6.896082000,1,0,1,0
6.897019000,1,1,1,0
7.088864000,0,1,1,0
7.088969000,1,1,1,0
7.089073000,0,1,1,0
7.089177000,1,1,1,0
7.089281000,0,1,1,0
7.089385000,1,1,1,0
7.089489000,0,1,1,0
7.089594000,1,1,1,0
7.089698000,0,1,1,0
7.089802000,1,1,1,0
7.089906000,0,1,1,0
7.090115000,1,1,1,0
7.090219000,0,1,1,0
7.090323000,1,1,1,0
7.090427000,0,1,1,0
7.090531000,1,1,1,0
7.090635000,0,1,1,0
7.090740000,1,1,1,0
7.090948000,0,1,1,0
7.091052000,1,1,1,0
7.091156000,0,1,1,0
7.091886000,1,1,1,0
7.091990000,0,1,1,0
7.092094000,1,1,1,0
7.092198000,0,1,1,0
7.092928000,1,1,1,0
7.093032000,0,1,1,0
7.093344000,1,1,1,0
7.093448000,0,1,1,0
7.093969000,1,1,1,0
7.094147000,1,0,1,0
7.094251000,1,1,1,0
7.094355000,1,0,1,0
7.094459000,1,1,1,0
7.094563000,1,0,1,0
7.094667000,1,1,1,0
7.094771000,1,0,1,0
7.094875000,1,1,1,0
7.094979000,1,0,1,0
7.095083000,1,1,1,0
7.095187000,1,0,1,0
7.095395000,1,1,1,0
7.095499000,1,0,1,0
7.095603000,1,1,1,0
7.095707000,1,0,1,0
7.095811000,1,1,1,0
7.095915000,1,0,1,0
7.096019000,1,1,1,0
7.096331000,1,0,1,0
7.096436000,1,1,1,0
7.096540000,1,0,1,0
7.097268000,1,1,1,0
7.097372000,1,0,1,0
7.097476000,1,1,1,0
7.097580000,1,0,1,0
7.097684000,1,1,1,0
7.097788000,1,0,1,0
7.098308000,1,1,1,0
7.098412000,1,0,1,0
7.098724000,1,1,1,0
7.098828000,1,0,1,0
7.099348000,1,1,1,0
7.099452000,1,0,1,0
7.099764000,1,1,1,0
7.099868000,1,0,1,0
7.100388000,1,1,1,0
7.100492000,1,0,1,0
7.101429000,1,1,1,0
7.101533000,1,0,1,0
7.102469000,1,1,1,0
7.102573000,1,0,1,0
7.102677000,1,1,1,0
7.102781000,1,0,1,0
7.103509000,1,1,1,0
7.114285000,0,1,1,0
7.114389000,1,1,1,0
7.114493000,0,1,1,0
7.114598000,1,1,1,0
7.114702000,0,1,1,0
7.114806000,1,1,1,0
7.114910000,0,1,1,0
7.115014000,1,1,1,0
7.115118000,0,1,1,0
7.115223000,1,1,1,0
7.115327000,0,1,1,0
7.115535000,1,1,1,0
7.115639000,0,1,1,0
7.115744000,1,1,1,0
7.115848000,0,1,1,0
7.115952000,1,1,1,0
7.116056000,0,1,1,0
7.116160000,1,1,1,0
7.116369000,0,1,1,0
7.116473000,1,1,1,0
7.116577000,0,1,1,0
7.117306000,1,1,1,0
7.117410000,0,1,1,0
7.117515000,1,1,1,0
7.117619000,0,1,1,0
7.118348000,1,1,1,0
7.118452000,0,1,1,0
7.118765000,1,1,1,0
7.118869000,0,1,1,0
7.119078000,1,1,1,0
7.119182000,0,1,1,0
7.119390000,1,1,1,0
7.119518000,1,0,1,0
7.119622000,1,1,1,0
7.119726000,1,0,1,0
7.119830000,1,1,1,0
7.119934000,1,0,1,0
7.120038000,1,1,1,0
7.120142000,1,0,1,0
7.120246000,1,1,1,0
7.120350000,1,0,1,0
7.120454000,1,1,1,0
7.120558000,1,0,1,0
7.120766000,1,1,1,0
7.120870000,1,0,1,0
7.120974000,1,1,1,0
7.121078000,1,0,1,0
7.121182000,1,1,1,0
7.121286000,1,0,1,0
7.121390000,1,1,1,0
7.121598000,1,0,1,0
7.121702000,1,1,1,0
7.121806000,1,0,1,0
7.122534000,1,1,1,0
7.122638000,1,0,1,0
7.122742000,1,1,1,0
7.122846000,1,0,1,0
7.122950000,1,1,1,0
7.123054000,1,0,1,0
7.123575000,1,1,1,0
7.123679000,1,0,1,0
7.123991000,1,1,1,0
7.124095000,1,0,1,0
7.124303000,1,1,1,0
7.124407000,1,0,1,0
7.124615000,1,1,1,0
7.124719000,1,0,1,0
7.125031000,1,1,1,0
7.125135000,1,0,1,0
7.125655000,1,1,1,0
7.125759000,1,0,1,0
7.126695000,1,1,1,0
7.126799000,1,0,1,0
7.127735000,1,1,1,0
7.127839000,1,0,1,0
7.128776000,1,1,1,0
7.320672000,0,1,1,0
7.320776000,1,1,1,0
7.320880000,0,1,1,0
7.320985000,1,1,1,0
7.321089000,0,1,1,0
7.321193000,1,1,1,0
7.321297000,0,1,1,0
7.321401000,1,1,1,0
7.321505000,0,1,1,0
7.321610000,1,1,1,0
7.321714000,0,1,1,0
7.321922000,1,1,1,0
7.322026000,0,1,1,0
7.322131000,1,1,1,0
7.322235000,0,1,1,0
7.322339000,1,1,1,0
7.322443000,0,1,1,0
7.322547000,1,1,1,0
7.322756000,0,1,1,0
7.322860000,1,1,1,0
7.322964000,0,1,1,0
7.323693000,1,1,1,0
7.323797000,0,1,1,0
7.323902000,1,1,1,0
7.324006000,0,1,1,0
7.324735000,1,1,1,0
7.324839000,0,1,1,0
7.325152000,1,1,1,0
7.325256000,0,1,1,0
7.325777000,1,1,1,0
7.325907000,1,0,1,0
7.326011000,1,1,1,0
7.326115000,1,0,1,0
7.326219000,1,1,1,0
7.326323000,1,0,1,0
7.326428000,1,1,1,0
7.326531000,1,0,1,0
7.326636000,1,1,1,0
7.326740000,1,0,1,0
7.326844000,1,1,1,0
7.326948000,1,0,1,0
7.327156000,1,1,1,0
7.327260000,1,0,1,0
7.327364000,1,1,1,0
7.327468000,1,0,1,0
7.327572000,1,1,1,0
7.327676000,1,0,1,0
7.327780000,1,1,1,0
7.327988000,1,0,1,0
7.328092000,1,1,1,0
7.328196000,1,0,1,0
7.328924000,1,1,1,0
7.329028000,1,0,1,0
7.329132000,1,1,1,0
7.329236000,1,0,1,0
7.329340000,1,1,1,0
7.329444000,1,0,1,0
7.329964000,1,1,1,0
7.330068000,1,0,1,0
7.330380000,1,1,1,0
7.330484000,1,0,1,0
7.331004000,1,1,1,0
7.331108000,1,0,1,0
7.331421000,1,1,1,0
7.331524000,1,0,1,0
7.332045000,1,1,1,0
7.332149000,1,0,1,0
7.333085000,1,1,1,0
7.333189000,1,0,1,0
7.334125000,1,1,1,0
7.334229000,1,0,1,0
7.334333000,1,1,1,0
7.334437000,1,0,1,0
7.335165000,1,1,1,0
7.346093000,0,1,1,0
7.346197000,1,1,1,0
7.346301000,0,1,1,0
7.346405000,1,1,1,0
7.346509000,0,1,1,0
7.346614000,1,1,1,0
7.346718000,0,1,1,0
7.346822000,1,1,1,0
7.346926000,0,1,1,0
7.347030000,1,1,1,0
7.347134000,0,1,1,0
7.347343000,1,1,1,0
7.347447000,0,1,1,0
7.347551000,1,1,1,0
7.347655000,0,1,1,0
7.347760000,1,1,1,0
7.347864000,0,1,1,0
7.347968000,1,1,1,0
7.348176000,0,1,1,0
7.348281000,1,1,1,0
7.348385000,0,1,1,0
7.349114000,1,1,1,0
7.349218000,0,1,1,0
7.349323000,1,1,1,0
7.349427000,0,1,1,0
7.350156000,1,1,1,0
7.350260000,0,1,1,0
7.350573000,1,1,1,0
7.350677000,0,1,1,0
7.350885000,1,1,1,0
7.350989000,0,1,1,0
7.351198000,1,1,1,0
7.351275000,1,0,1,0
7.351379000,1,1,1,0
7.351483000,1,0,1,0
7.351587000,1,1,1,0
7.351691000,1,0,1,0
7.351795000,1,1,1,0
7.351899000,1,0,1,0
7.352003000,1,1,1,0
7.352107000,1,0,1,0
7.352211000,1,1,1,0
7.352315000,1,0,1,0
7.352523000,1,1,1,0
7.352627000,1,0,1,0
7.352731000,1,1,1,0
7.352835000,1,0,1,0
7.352939000,1,1,1,0
7.353043000,1,0,1,0
7.353147000,1,1,1,0
7.353355000,1,0,1,0
7.353459000,1,1,1,0
7.353563000,1,0,1,0
7.354292000,1,1,1,0
7.354395000,1,0,1,0
7.354500000,1,1,1,0
7.354604000,1,0,1,0
7.354708000,1,1,1,0
7.354812000,1,0,1,0
7.355332000,1,1,1,0
7.355436000,1,0,1,0
7.355748000,1,1,1,0
7.355852000,1,0,1,0
7.356060000,1,1,1,0
7.356164000,1,0,1,0
7.356372000,1,1,1,0
7.356476000,1,0,1,0
7.356788000,1,1,1,0
7.356892000,1,0,1,0
7.357412000,1,1,1,0
7.357516000,1,0,1,0
7.358452000,1,1,1,0
7.358556000,1,0,1,0
7.359493000,1,1,1,0
7.359597000,1,0,1,0
7.360533000,1,1,1,0
7.552480000,0,1,1,0
7.552584000,1,1,1,0
7.552688000,0,1,1,0
7.552792000,1,1,1,0
7.552896000,0,1,1,0
7.553001000,1,1,1,0
7.553105000,0,1,1,0
7.553209000,1,1,1,0
7.553313000,0,1,1,0
7.553417000,1,1,1,0
7.553521000,0,1,1,0
7.553730000,1,1,1,0
7.553834000,0,1,1,0
7.553938000,1,1,1,0
7.554042000,0,1,1,0
7.554147000,1,1,1,0
7.554251000,0,1,1,0
7.554355000,1,1,1,0
7.554563000,0,1,1,0
7.554668000,1,1,1,0
7.554772000,0,1,1,0
7.555501000,1,1,1,0
7.555605000,0,1,1,0
7.555709000,1,1,1,0
7.555814000,0,1,1,0
7.556543000,1,1,1,0
7.556647000,0,1,1,0
7.556960000,1,1,1,0
7.557064000,0,1,1,0
7.557585000,1,1,1,0
7.557772000,1,0,1,0
7.557876000,1,1,1,0
7.557980000,1,0,1,0
7.558084000,1,1,1,0
7.558188000,1,0,1,0
7.558292000,1,1,1,0
7.558396000,1,0,1,0
7.558500000,1,1,1,0
7.558604000,1,0,1,0
7.558708000,1,1,1,0
7.558812000,1,0,1,0
7.559020000,1,1,1,0
7.559124000,1,0,1,0
7.559228000,1,1,1,0
7.559332000,1,0,1,0
7.559436000,1,1,1,0
7.559540000,1,0,1,0
7.559644000,1,1,1,0
7.559852000,1,0,1,0
7.559956000,1,1,1,0
7.560060000,1,0,1,0
7.560788000,1,1,1,0
7.560892000,1,0,1,0
7.560996000,1,1,1,0
7.561100000,1,0,1,0
7.561204000,1,1,1,0
7.561308000,1,0,1,0
7.561829000,1,1,1,0
7.561933000,1,0,1,0
7.562245000,1,1,1,0
7.562349000,1,0,1,0
7.562869000,1,1,1,0
7.562973000,1,0,1,0
7.563285000,1,1,1,0
7.563389000,1,0,1,0
7.563909000,1,1,1,0
7.564013000,1,0,1,0
7.564949000,1,1,1,0
7.565053000,1,0,1,0
7.565989000,1,1,1,0
7.566093000,1,0,1,0
7.566197000,1,1,1,0
7.566301000,1,0,1,0
7.567030000,1,1,1,0
7.577900000,0,1,1,0
7.578005000,1,1,1,0
7.578109000,0,1,1,0
7.578213000,1,1,1,0
7.578317000,0,1,1,0
7.578421000,1,1,1,0
7.578525000,0,1,1,0
7.578630000,1,1,1,0
7.578734000,0,1,1,0
7.578838000,1,1,1,0
7.578942000,0,1,1,0
7.579151000,1,1,1,0
7.579255000,0,1,1,0
7.579359000,1,1,1,0
7.579463000,0,1,1,0
7.579567000,1,1,1,0
7.579671000,0,1,1,0
7.579776000,1,1,1,0
7.579984000,0,1,1,0
7.580088000,1,1,1,0
7.580192000,0,1,1,0
7.580922000,1,1,1,0
7.581026000,0,1,1,0
7.581130000,1,1,1,0
7.581234000,0,1,1,0
7.581964000,1,1,1,0
7.582068000,0,1,1,0
7.582380000,1,1,1,0
7.582484000,0,1,1,0
7.582693000,1,1,1,0
7.582797000,0,1,1,0
7.583006000,1,1,1,0
7.583136000,1,0,1,0
7.583240000,1,1,1,0
7.583344000,1,0,1,0
7.583448000,1,1,1,0
7.583552000,1,0,1,0
7.583656000,1,1,1,0
7.583760000,1,0,1,0
7.583864000,1,1,1,0
7.583968000,1,0,1,0
7.584072000,1,1,1,0
7.584176000,1,0,1,0
7.584384000,1,1,1,0
7.584488000,1,0,1,0
7.584592000,1,1,1,0
7.584696000,1,0,1,0
7.584800000,1,1,1,0
7.584904000,1,0,1,0
7.585008000,1,1,1,0
7.585216000,1,0,1,0
7.585321000,1,1,1,0
7.585424000,1,0,1,0
7.586153000,1,1,1,0
7.586257000,1,0,1,0
7.586361000,1,1,1,0
7.586465000,1,0,1,0
7.586569000,1,1,1,0
7.586673000,1,0,1,0
7.587193000,1,1,1,0
7.587297000,1,0,1,0
7.587609000,1,1,1,0
7.587713000,1,0,1,0
7.587921000,1,1,1,0
7.588025000,1,0,1,0
7.588233000,1,1,1,0
7.588337000,1,0,1,0
7.588649000,1,1,1,0
7.588753000,1,0,1,0
7.589273000,1,1,1,0
7.589377000,1,0,1,0
7.590313000,1,1,1,0
7.590417000,1,0,1,0
7.591354000,1,1,1,0
7.591458000,1,0,1,0
7.592394000,1,1,1,0
7.784287000,0,1,1,0
7.784392000,1,1,1,0
7.784496000,0,1,1,0
7.784600000,1,1,1,0
7.784704000,0,1,1,0
7.784808000,1,1,1,0
7.784912000,0,1,1,0
7.785017000,1,1,1,0
7.785121000,0,1,1,0
7.785225000,1,1,1,0
7.785329000,0,1,1,0
7.785538000,1,1,1,0
7.785642000,0,1,1,0
7.785746000,1,1,1,0
7.785850000,0,1,1,0
7.785954000,1,1,1,0
7.786058000,0,1,1,0
7.786163000,1,1,1,0
7.786371000,0,1,1,0
7.786475000,1,1,1,0
7.786579000,0,1,1,0
7.787309000,1,1,1,0
7.787413000,0,1,1,0
7.787517000,1,1,1,0
7.787621000,0,1,1,0
7.788351000,1,1,1,0
7.788455000,0,1,1,0
7.788767000,1,1,1,0
7.788871000,0,1,1,0
7.789392000,1,1,1,0
7.789532000,1,0,1,0
7.789636000,1,1,1,0
7.789740000,1,0,1,0
7.789844000,1,1,1,0
7.789948000,1,0,1,0
7.790052000,1,1,1,0
7.790156000,1,0,1,0
7.790260000,1,1,1,0
7.790364000,1,0,1,0
7.790468000,1,1,1,0
7.790572000,1,0,1,0
7.790780000,1,1,1,0
7.790884000,1,0,1,0
7.790988000,1,1,1,0
7.791092000,1,0,1,0
7.791196000,1,1,1,0
7.791300000,1,0,1,0
7.791404000,1,1,1,0
7.791612000,1,0,1,0
7.791716000,1,1,1,0
7.791820000,1,0,1,0
7.792549000,1,1,1,0
7.792653000,1,0,1,0
7.792757000,1,1,1,0
7.792861000,1,0,1,0
7.792965000,1,1,1,0
7.793069000,1,0,1,0
7.793589000,1,1,1,0
7.793693000,1,0,1,0
7.794005000,1,1,1,0
7.794109000,1,0,1,0
7.794629000,1,1,1,0
7.794733000,1,0,1,0
7.795045000,1,1,1,0
7.795149000,1,0,1,0
7.795669000,1,1,1,0
7.795773000,1,0,1,0
7.796710000,1,1,1,0
7.796813000,1,0,1,0
7.797750000,1,1,1,0
7.797854000,1,0,1,0
7.797958000,1,1,1,0
7.798062000,1,0,1,0
7.798790000,1,1,1,0
7.809708000,0,1,1,0
7.809812000,1,1,1,0
7.809916000,0,1,1,0
7.810021000,1,1,1,0
7.810125000,0,1,1,0
7.810229000,1,1,1,0
7.810333000,0,1,1,0
7.810437000,1,1,1,0
7.810542000,0,1,1,0
7.810646000,1,1,1,0
7.810750000,0,1,1,0
7.810958000,1,1,1,0
7.811062000,0,1,1,0
7.811167000,1,1,1,0
7.811271000,0,1,1,0
7.811375000,1,1,1,0
7.811479000,0,1,1,0
7.811584000,1,1,1,0
7.811792000,0,1,1,0
7.811896000,1,1,1,0
7.812000000,0,1,1,0
7.812730000,1,1,1,0
7.812834000,0,1,1,0
7.812938000,1,1,1,0
7.813042000,0,1,1,0
7.813771000,1,1,1,0
7.813875000,0,1,1,0
7.814188000,1,1,1,0
7.814292000,0,1,1,0
7.814501000,1,1,1,0
7.814605000,0,1,1,0
7.814813000,1,1,1,0
7.814893000,1,0,1,0
7.814997000,1,1,1,0
7.815101000,1,0,1,0
7.815205000,1,1,1,0
7.815309000,1,0,1,0
7.815413000,1,1,1,0
7.815517000,1,0,1,0
7.815621000,1,1,1,0
7.815725000,1,0,1,0
7.815829000,1,1,1,0
7.815933000,1,0,1,0
7.816141000,1,1,1,0
7.816245000,1,0,1,0
7.816349000,1,1,1,0
7.816453000,1,0,1,0
7.816558000,1,1,1,0
7.816661000,1,0,1,0
7.816766000,1,1,1,0
7.816974000,1,0,1,0
7.817078000,1,1,1,0
7.817182000,1,0,1,0
7.817910000,1,1,1,0
7.818014000,1,0,1,0
7.818118000,1,1,1,0
7.818222000,1,0,1,0
7.818326000,1,1,1,0
7.818430000,1,0,1,0
7.818950000,1,1,1,0
7.819054000,1,0,1,0
7.819366000,1,1,1,0
7.819470000,1,0,1,0
7.819678000,1,1,1,0
7.819782000,1,0,1,0
7.819990000,1,1,1,0
7.820094000,1,0,1,0
7.820406000,1,1,1,0
7.820510000,1,0,1,0
7.821030000,1,1,1,0
7.821134000,1,0,1,0
7.822071000,1,1,1,0
7.822175000,1,0,1,0
7.823111000,1,1,1,0
7.823215000,1,0,1,0
7.824151000,1,1,1,0
8.030368000,0,1,1,0
8.030472000,1,1,1,0
8.030576000,0,1,1,0
8.030681000,1,1,1,0
8.030785000,0,1,1,0
8.030889000,1,1,1,0
8.030993000,0,1,1,0
8.031098000,1,1,1,0
8.031202000,0,1,1,0
8.031306000,1,1,1,0
8.031410000,0,1,1,0
8.031618000,1,1,1,0
8.031722000,0,1,1,0
8.031827000,1,1,1,0
8.031931000,0,1,1,0
8.032035000,1,1,1,0
8.032139000,0,1,1,0
8.032244000,1,1,1,0
8.032452000,0,1,1,0
8.032556000,1,1,1,0
8.032660000,0,1,1,0
8.033390000,1,1,1,0
8.033494000,0,1,1,0
8.033598000,1,1,1,0
8.033702000,0,1,1,0
8.034431000,1,1,1,0
8.034535000,0,1,1,0
8.034848000,1,1,1,0
8.034952000,0,1,1,0
8.035473000,1,1,1,0
8.035647000,1,0,1,0
8.035751000,1,1,1,0
8.035855000,1,0,1,0
8.035959000,1,1,1,0
8.036063000,1,0,1,0
8.036167000,1,1,1,0
8.036271000,1,0,1,0
8.036375000,1,1,1,0
8.036479000,1,0,1,0
8.036584000,1,1,1,0
8.036687000,1,0,1,0
8.036896000,1,1,1,0
8.037000000,1,0,1,0
8.037104000,1,1,1,0
8.037208000,1,0,1,0
8.037312000,1,1,1,0
8.037416000,1,0,1,0
8.037520000,1,1,1,0
8.037728000,1,0,1,0
8.037832000,1,1,1,0
8.037936000,1,0,1,0
8.038664000,1,1,1,0
8.038768000,1,0,1,0
8.038872000,1,1,1,0
8.038976000,1,0,1,0
8.039080000,1,1,1,0
8.039184000,1,0,1,0
8.039704000,1,1,1,0
8.039808000,1,0,1,0
8.040120000,1,1,1,0
8.040224000,1,0,1,0
8.040744000,1,1,1,0
8.040848000,1,0,1,0
8.041160000,1,1,1,0
8.041264000,1,0,1,0
8.041785000,1,1,1,0
8.041889000,1,0,1,0
8.042825000,1,1,1,0
8.042929000,1,0,1,0
8.043865000,1,1,1,0
8.043969000,1,0,1,0
8.044073000,1,1,1,0
8.044177000,1,0,1,0
8.044905000,1,1,1,0
8.055789000,0,1,1,0
8.055893000,1,1,1,0
8.055997000,0,1,1,0
8.056102000,1,1,1,0
8.056206000,0,1,1,0
8.056310000,1,1,1,0
8.056414000,0,1,1,0
8.056518000,1,1,1,0
8.056622000,0,1,1,0
8.056727000,1,1,1,0
8.056831000,0,1,1,0
8.057039000,1,1,1,0
8.057143000,0,1,1,0
8.057248000,1,1,1,0
8.057352000,0,1,1,0
8.057456000,1,1,1,0
8.057560000,0,1,1,0
8.057664000,1,1,1,0
8.057872000,0,1,1,0
8.057977000,1,1,1,0
8.058081000,0,1,1,0
8.058810000,1,1,1,0
8.058914000,0,1,1,0
8.059019000,1,1,1,0
8.059123000,0,1,1,0
8.059852000,1,1,1,0
8.059956000,0,1,1,0
8.060269000,1,1,1,0
8.060373000,0,1,1,0
8.060581000,1,1,1,0
8.060685000,0,1,1,0
8.060894000,1,1,1,0
8.061005000,1,0,1,0
8.061109000,1,1,1,0
8.061213000,1,0,1,0
8.061317000,1,1,1,0
8.061421000,1,0,1,0
8.061525000,1,1,1,0
8.061629000,1,0,1,0
8.061733000,1,1,1,0
8.061837000,1,0,1,0
8.061941000,1,1,1,0
8.062045000,1,0,1,0
8.062253000,1,1,1,0
8.062357000,1,0,1,0
8.062461000,1,1,1,0
8.062565000,1,0,1,0
8.062669000,1,1,1,0
8.062773000,1,0,1,0
8.062877000,1,1,1,0
8.063085000,1,0,1,0
8.063190000,1,1,1,0
8.063294000,1,0,1,0
8.064022000,1,1,1,0
8.064126000,1,0,1,0
8.064230000,1,1,1,0
8.064334000,1,0,1,0
8.064438000,1,1,1,0
8.064542000,1,0,1,0
8.065062000,1,1,1,0
8.065166000,1,0,1,0
8.065478000,1,1,1,0
8.065582000,1,0,1,0
8.065790000,1,1,1,0
8.065894000,1,0,1,0
8.066102000,1,1,1,0
8.066206000,1,0,1,0
8.066518000,1,1,1,0
8.066622000,1,0,1,0
8.067142000,1,1,1,0
8.067246000,1,0,1,0
8.068183000,1,1,1,0
8.068286000,1,0,1,0
8.069223000,1,1,1,0
8.069327000,1,0,1,0
8.070263000,1,1,1,0
8.262176000,0,1,1,0
8.262280000,1,1,1,0
8.262384000,0,1,1,0
8.262489000,1,1,1,0
8.262593000,0,1,1,0
8.262697000,1,1,1,0
8.262801000,0,1,1,0
8.262905000,1,1,1,0
8.263009000,0,1,1,0
8.263114000,1,1,1,0
8.263218000,0,1,1,0
8.263426000,1,1,1,0
8.263530000,0,1,1,0
8.263635000,1,1,1,0
8.263739000,0,1,1,0
8.263843000,1,1,1,0
8.263947000,0,1,1,0
8.264051000,1,1,1,0
8.264259000,0,1,1,0
8.264364000,1,1,1,0
8.264468000,0,1,1,0
8.265197000,1,1,1,0
8.265301000,0,1,1,0
8.265406000,1,1,1,0
8.265510000,0,1,1,0
8.266239000,1,1,1,0
8.266343000,0,1,1,0
8.266656000,1,1,1,0
8.266760000,0,1,1,0
8.267281000,1,1,1,0
8.267512000,1,0,1,0
8.267616000,1,1,1,0
8.267720000,1,0,1,0
8.267824000,1,1,1,0
8.267928000,1,0,1,0
8.268032000,1,1,1,0
8.268136000,1,0,1,0
8.268240000,1,1,1,0
8.268344000,1,0,1,0
8.268448000,1,1,1,0
8.268552000,1,0,1,0
8.268760000,1,1,1,0
8.268864000,1,0,1,0
8.268968000,1,1,1,0
8.269072000,1,0,1,0
8.269176000,1,1,1,0
8.269280000,1,0,1,0
8.269384000,1,1,1,0
8.269592000,1,0,1,0
8.269696000,1,1,1,0
8.269800000,1,0,1,0
8.270528000,1,1,1,0
8.270632000,1,0,1,0
8.270736000,1,1,1,0
8.270840000,1,0,1,0
8.270944000,1,1,1,0
8.271048000,1,0,1,0
8.271568000,1,1,1,0
8.271672000,1,0,1,0
8.271985000,1,1,1,0
8.272089000,1,0,1,0
8.272609000,1,1,1,0
8.272713000,1,0,1,0
8.273025000,1,1,1,0
8.273129000,1,0,1,0
8.273649000,1,1,1,0
8.273753000,1,0,1,0
8.274689000,1,1,1,0
8.274793000,1,0,1,0
8.275729000,1,1,1,0
8.275833000,1,0,1,0
8.275937000,1,1,1,0
8.276041000,1,0,1,0
8.276770000,1,1,1,0
8.287597000,0,1,1,0
8.287701000,1,1,1,0
8.287805000,0,1,1,0
8.287909000,1,1,1,0
8.288013000,0,1,1,0
8.288118000,1,1,1,0
8.288222000,0,1,1,0
8.288326000,1,1,1,0
8.288430000,0,1,1,0
8.288534000,1,1,1,0
8.288638000,0,1,1,0
8.288847000,1,1,1,0
8.288951000,0,1,1,0
8.289055000,1,1,1,0
8.289159000,0,1,1,0
8.289264000,1,1,1,0
8.289368000,0,1,1,0
8.289472000,1,1,1,0
8.289680000,0,1,1,0
8.289785000,1,1,1,0
8.289889000,0,1,1,0
8.290618000,1,1,1,0
8.290722000,0,1,1,0
8.290826000,1,1,1,0
8.290930000,0,1,1,0
8.291660000,1,1,1,0
8.291764000,0,1,1,0
8.292077000,1,1,1,0
8.292181000,0,1,1,0
8.292389000,1,1,1,0
8.292493000,0,1,1,0
8.292702000,1,1,1,0
8.292866000,1,0,1,0
8.292970000,1,1,1,0
8.293074000,1,0,1,0
8.293178000,1,1,1,0
8.293282000,1,0,1,0
8.293386000,1,1,1,0
8.293490000,1,0,1,0
8.293594000,1,1,1,0
8.293698000,1,0,1,0
8.293802000,1,1,1,0
8.293906000,1,0,1,0
8.294115000,1,1,1,0
8.294218000,1,0,1,0
8.294323000,1,1,1,0
8.294427000,1,0,1,0
8.294531000,1,1,1,0
8.294635000,1,0,1,0
8.294739000,1,1,1,0
8.294947000,1,0,1,0
8.295051000,1,1,1,0
8.295155000,1,0,1,0
8.295883000,1,1,1,0
8.295987000,1,0,1,0
8.296091000,1,1,1,0
8.296195000,1,0,1,0
8.296299000,1,1,1,0
8.296403000,1,0,1,0
8.296923000,1,1,1,0
8.297027000,1,0,1,0
8.297339000,1,1,1,0
8.297443000,1,0,1,0
8.297651000,1,1,1,0
8.297755000,1,0,1,0
8.297963000,1,1,1,0
8.298067000,1,0,1,0
8.298379000,1,1,1,0
8.298483000,1,0,1,0
8.299003000,1,1,1,0
8.299107000,1,0,1,0
8.300044000,1,1,1,0
8.300148000,1,0,1,0
8.301084000,1,1,1,0
8.301188000,1,0,1,0
8.302124000,1,1,1,0
8.493983000,0,1,1,0
8.494088000,1,1,1,0
8.494192000,0,1,1,0
8.494296000,1,1,1,0
8.494400000,0,1,1,0
8.494505000,1,1,1,0
8.494609000,0,1,1,0
8.494713000,1,1,1,0
8.494817000,0,1,1,0
8.494921000,1,1,1,0
8.495025000,0,1,1,0
8.495234000,1,1,1,0
8.495338000,0,1,1,0
8.495442000,1,1,1,0
8.495546000,0,1,1,0
8.495651000,1,1,1,0
8.495755000,0,1,1,0
8.495859000,1,1,1,0
8.496067000,0,1,1,0
8.496172000,1,1,1,0
8.496276000,0,1,1,0
8.497005000,1,1,1,0
8.497109000,0,1,1,0
8.497213000,1,1,1,0
8.497317000,0,1,1,0
8.498047000,1,1,1,0
8.498151000,0,1,1,0
8.498464000,1,1,1,0
8.498568000,0,1,1,0
8.499089000,1,1,1,0
8.499168000,1,0,1,0
8.499272000,1,1,1,0
8.499376000,1,0,1,0
8.499480000,1,1,1,0
8.499584000,1,0,1,0
8.499688000,1,1,1,0
8.499792000,1,0,1,0
8.499896000,1,1,1,0
8.500000000,1,0,1,0
8.500104000,1,1,1,0
8.500208000,1,0,1,0
8.500416000,1,1,1,0
8.500520000,1,0,1,0
8.500624000,1,1,1,0
8.500728000,1,0,1,0
8.500832000,1,1,1,0
8.500936000,1,0,1,0
8.501040000,1,1,1,0
8.501248000,1,0,1,0
8.501352000,1,1,1,0
8.501456000,1,0,1,0
8.502185000,1,1,1,0
8.502288000,1,0,1,0
8.502393000,1,1,1,0
8.502497000,1,0,1,0
8.502601000,1,1,1,0
8.502705000,1,0,1,0
8.503225000,1,1,1,0
8.503329000,1,0,1,0
8.503641000,1,1,1,0
8.503745000,1,0,1,0
8.504265000,1,1,1,0
8.504369000,1,0,1,0
8.504681000,1,1,1,0
8.504785000,1,0,1,0
8.505305000,1,1,1,0
8.505409000,1,0,1,0
8.506345000,1,1,1,0
8.506449000,1,0,1,0
8.507386000,1,1,1,0
8.507490000,1,0,1,0
8.507594000,1,1,1,0
8.507698000,1,0,1,0
8.508426000,1,1,1,0
8.519404000,0,1,1,0
8.519509000,1,1,1,0
8.519613000,0,1,1,0
8.519717000,1,1,1,0
8.519821000,0,1,1,0
8.519925000,1,1,1,0
8.520029000,0,1,1,0
8.520134000,1,1,1,0
8.520238000,0,1,1,0
8.520342000,1,1,1,0
8.520446000,0,1,1,0
8.520655000,1,1,1,0
8.520759000,0,1,1,0
8.520863000,1,1,1,0
8.520967000,0,1,1,0
8.521071000,1,1,1,0
8.521175000,0,1,1,0
8.521280000,1,1,1,0
8.521488000,0,1,1,0
8.521592000,1,1,1,0
8.521696000,0,1,1,0
8.522426000,1,1,1,0
8.522530000,0,1,1,0
8.522634000,1,1,1,0
8.522738000,0,1,1,0
8.523468000,1,1,1,0
8.523572000,0,1,1,0
8.523884000,1,1,1,0
8.523988000,0,1,1,0
8.524197000,1,1,1,0
8.524301000,0,1,1,0
8.524509000,1,1,1,0
8.524623000,1,0,1,0
8.524727000,1,1,1,0
8.524831000,1,0,1,0
8.524935000,1,1,1,0
8.525039000,1,0,1,0
8.525143000,1,1,1,0
8.525247000,1,0,1,0
8.525352000,1,1,1,0
8.525455000,1,0,1,0
8.525560000,1,1,1,0
8.525664000,1,0,1,0
8.525872000,1,1,1,0
8.525976000,1,0,1,0
8.526080000,1,1,1,0
8.526184000,1,0,1,0
8.526288000,1,1,1,0
8.526392000,1,0,1,0
8.526496000,1,1,1,0
8.526704000,1,0,1,0
8.526808000,1,1,1,0
8.526912000,1,0,1,0
8.527640000,1,1,1,0
8.527744000,1,0,1,0
8.527848000,1,1,1,0
8.527952000,1,0,1,0
8.528056000,1,1,1,0
8.528160000,1,0,1,0
8.528680000,1,1,1,0
8.528784000,1,0,1,0
8.529096000,1,1,1,0
8.529200000,1,0,1,0
8.529408000,1,1,1,0
8.529512000,1,0,1,0
8.529720000,1,1,1,0
8.529824000,1,0,1,0
8.530136000,1,1,1,0
8.530240000,1,0,1,0
8.530761000,1,1,1,0
8.530865000,1,0,1,0
8.531801000,1,1,1,0
8.531905000,1,0,1,0
8.532841000,1,1,1,0
8.532945000,1,0,1,0
8.533881000,1,1,1,0
8.725791000,0,1,1,0
8.725896000,1,1,1,0
8.726000000,0,1,1,0
8.726104000,1,1,1,0
8.726208000,0,1,1,0
8.726312000,1,1,1,0
8.726416000,0,1,1,0
8.726521000,1,1,1,0
8.726625000,0,1,1,0
8.726729000,1,1,1,0
8.726833000,0,1,1,0
8.727042000,1,1,1,0
8.727146000,0,1,1,0
8.727250000,1,1,1,0
8.727354000,0,1,1,0
8.727458000,1,1,1,0
8.727562000,0,1,1,0
8.727667000,1,1,1,0
8.727875000,0,1,1,0
8.727979000,1,1,1,0
8.728083000,0,1,1,0
8.728813000,1,1,1,0
8.728917000,0,1,1,0
8.729021000,1,1,1,0
8.729125000,0,1,1,0
8.729854000,1,1,1,0
8.729959000,0,1,1,0
8.730271000,1,1,1,0
8.730375000,0,1,1,0
8.730896000,1,1,1,0
8.731032000,1,0,1,0
8.731136000,1,1,1,0
8.731240000,1,0,1,0
8.731344000,1,1,1,0
8.731448000,1,0,1,0
8.731552000,1,1,1,0
8.731656000,1,0,1,0
8.731760000,1,1,1,0
8.731864000,1,0,1,0
8.731968000,1,1,1,0
8.732072000,1,0,1,0
8.732281000,1,1,1,0
8.732384000,1,0,1,0
8.732489000,1,1,1,0
8.732592000,1,0,1,0
8.732697000,1,1,1,0
8.732801000,1,0,1,0
8.732905000,1,1,1,0
8.733113000,1,0,1,0
8.733217000,1,1,1,0
8.733321000,1,0,1,0
8.734049000,1,1,1,0
8.734153000,1,0,1,0
8.734257000,1,1,1,0
8.734361000,1,0,1,0
8.734465000,1,1,1,0
8.734569000,1,0,1,0
8.735089000,1,1,1,0
8.735193000,1,0,1,0
8.735505000,1,1,1,0
8.735609000,1,0,1,0
8.736129000,1,1,1,0
8.736233000,1,0,1,0
8.736545000,1,1,1,0
8.736649000,1,0,1,0
8.737170000,1,1,1,0
8.737273000,1,0,1,0
8.738210000,1,1,1,0
8.738314000,1,0,1,0
8.739250000,1,1,1,0
8.739354000,1,0,1,0
8.739458000,1,1,1,0
8.739562000,1,0,1,0
8.740290000,1,1,1,0
8.751212000,0,1,1,0
8.751316000,1,1,1,0
8.751420000,0,1,1,0
8.751525000,1,1,1,0
8.751629000,0,1,1,0
8.751733000,1,1,1,0
8.751837000,0,1,1,0
8.751941000,1,1,1,0
8.752045000,0,1,1,0
8.752150000,1,1,1,0
8.752254000,0,1,1,0
8.752462000,1,1,1,0
8.752566000,0,1,1,0
8.752671000,1,1,1,0
8.752775000,0,1,1,0
8.752879000,1,1,1,0
8.752983000,0,1,1,0
8.753087000,1,1,1,0
8.753296000,0,1,1,0
8.753400000,1,1,1,0
8.753504000,0,1,1,0
8.754233000,1,1,1,0
8.754337000,0,1,1,0
8.754442000,1,1,1,0
8.754546000,0,1,1,0
8.755275000,1,1,1,0
8.755379000,0,1,1,0
8.755692000,1,1,1,0
8.755796000,0,1,1,0
8.756004000,1,1,1,0
8.756108000,0,1,1,0
8.756317000,1,1,1,0
8.756484000,1,0,1,0
8.756589000,1,1,1,0
8.756693000,1,0,1,0
8.756797000,1,1,1,0
8.756901000,1,0,1,0
8.757005000,1,1,1,0
8.757109000,1,0,1,0
8.757213000,1,1,1,0
8.757317000,1,0,1,0
8.757421000,1,1,1,0
8.757525000,1,0,1,0
8.757733000,1,1,1,0
8.757837000,1,0,1,0
8.757941000,1,1,1,0
8.758045000,1,0,1,0
8.758149000,1,1,1,0
8.758253000,1,0,1,0
8.758357000,1,1,1,0
8.758565000,1,0,1,0
8.758669000,1,1,1,0
8.758773000,1,0,1,0
8.759501000,1,1,1,0
8.759605000,1,0,1,0
8.759709000,1,1,1,0
8.759813000,1,0,1,0
8.759917000,1,1,1,0
8.760021000,1,0,1,0
8.760541000,1,1,1,0
8.760645000,1,0,1,0
8.760957000,1,1,1,0
8.761061000,1,0,1,0
8.761269000,1,1,1,0
8.761373000,1,0,1,0
8.761582000,1,1,1,0
8.761685000,1,0,1,0
8.761998000,1,1,1,0
8.762102000,1,0,1,0
8.762622000,1,1,1,0
8.762726000,1,0,1,0
8.763662000,1,1,1,0
8.763766000,1,0,1,0
8.764702000,1,1,1,0
8.764806000,1,0,1,0
8.765742000,1,1,1,0
8.971872000,0,1,1,0
8.971976000,1,1,1,0
8.972080000,0,1,1,0
8.972185000,1,1,1,0
8.972289000,0,1,1,0
8.972393000,1,1,1,0
8.972497000,0,1,1,0
8.972601000,1,1,1,0
8.972705000,0,1,1,0
8.972810000,1,1,1,0
8.972914000,0,1,1,0
8.973122000,1,1,1,0
8.973226000,0,1,1,0
8.973331000,1,1,1,0
8.973435000,0,1,1,0
8.973539000,1,1,1,0
8.973643000,0,1,1,0
8.973747000,1,1,1,0
8.973956000,0,1,1,0
8.974060000,1,1,1,0
8.974164000,0,1,1,0
8.974893000,1,1,1,0
8.974997000,0,1,1,0
8.975102000,1,1,1,0
8.975206000,0,1,1,0
8.975935000,1,1,1,0
8.976039000,0,1,1,0
8.976352000,1,1,1,0
8.976456000,0,1,1,0
8.976977000,1,1,1,0
8.977147000,1,0,1,0
8.977252000,1,1,1,0
8.977356000,1,0,1,0
8.977460000,1,1,1,0
8.977564000,1,0,1,0
8.977668000,1,1,1,0
8.977772000,1,0,1,0
8.977876000,1,1,1,0
8.977980000,1,0,1,0
8.978084000,1,1,1,0
8.978188000,1,0,1,0
8.978396000,1,1,1,0
8.978500000,1,0,1,0
8.978604000,1,1,1,0
8.978708000,1,0,1,0
8.978812000,1,1,1,0
8.978916000,1,0,1,0
8.979020000,1,1,1,0
8.979228000,1,0,1,0
8.979332000,1,1,1,0
8.979436000,1,0,1,0
8.980164000,1,1,1,0
8.980372000,1,0,1,0
8.980476000,1,1,1,0
8.980580000,1,0,1,0
8.980684000,1,1,1,0
8.980788000,1,0,1,0
8.981308000,1,1,1,0
8.981412000,1,0,1,0
8.981724000,1,1,1,0
8.981828000,1,0,1,0
8.982349000,1,1,1,0
8.982453000,1,0,1,0
8.982765000,1,1,1,0
8.982869000,1,0,1,0
8.983389000,1,1,1,0
8.983493000,1,0,1,0
8.984429000,1,1,1,0
8.984533000,1,0,1,0
8.985469000,1,1,1,0
8.985573000,1,0,1,0
8.985677000,1,1,1,0
8.985781000,1,0,1,0
8.986509000,1,1,1,0
8.997293000,0,1,1,0
8.997397000,1,1,1,0
8.997501000,0,1,1,0
8.997605000,1,1,1,0
8.997709000,0,1,1,0
8.997814000,1,1,1,0
8.997918000,0,1,1,0
8.998022000,1,1,1,0
8.998126000,0,1,1,0
8.998230000,1,1,1,0
8.998335000,0,1,1,0
8.998543000,1,1,1,0
8.998647000,0,1,1,0
8.998751000,1,1,1,0
8.998855000,0,1,1,0
8.998960000,1,1,1,0
8.999064000,0,1,1,0
8.999168000,1,1,1,0
8.999376000,0,1,1,0
8.999481000,1,1,1,0
8.999585000,0,1,1,0
9.000314000,1,1,1,0
9.000418000,0,1,1,0
9.000523000,1,1,1,0
9.000627000,0,1,1,0
9.001356000,1,1,1,0
9.001460000,0,1,1,0
9.001773000,1,1,1,0
9.001877000,0,1,1,0
9.002085000,1,1,1,0
9.002189000,0,1,1,0
9.002398000,1,1,1,0
9.002492000,1,0,1,0
9.002596000,1,1,1,0
9.002700000,1,0,1,0
9.002804000,1,1,1,0
9.002908000,1,0,1,0
9.003013000,1,1,1,0
9.003116000,1,0,1,0
9.003221000,1,1,1,0
9.003325000,1,0,1,0
9.003429000,1,1,1,0
9.003533000,1,0,1,0
9.003741000,1,1,1,0
9.003845000,1,0,1,0
9.003949000,1,1,1,0
9.004053000,1,0,1,0
9.004157000,1,1,1,0
9.004261000,1,0,1,0
9.004365000,1,1,1,0
9.004573000,1,0,1,0
9.004677000,1,1,1,0
9.004781000,1,0,1,0
9.005509000,1,1,1,0
9.005613000,1,0,1,0
9.005717000,1,1,1,0
9.005821000,1,0,1,0
9.005925000,1,1,1,0
9.006029000,1,0,1,0
9.006549000,1,1,1,0
9.006653000,1,0,1,0
9.006965000,1,1,1,0
9.007069000,1,0,1,0
9.007277000,1,1,1,0
9.007381000,1,0,1,0
9.007589000,1,1,1,0
9.007693000,1,0,1,0
9.008006000,1,1,1,0
9.008109000,1,0,1,0
9.008630000,1,1,1,0
9.008734000,1,0,1,0
9.009670000,1,1,1,0
9.009774000,1,0,1,0
9.010710000,1,1,1,0
9.010814000,1,0,1,0
9.011750000,1,1,1,0
9.203680000,0,1,1,0
9.203784000,1,1,1,0
9.203888000,0,1,1,0
9.203992000,1,1,1,0
9.204096000,0,1,1,0
9.204201000,1,1,1,0
9.204305000,0,1,1,0
9.204409000,1,1,1,0
9.204513000,0,1,1,0
9.204617000,1,1,1,0
9.204721000,0,1,1,0
9.204930000,1,1,1,0
9.205034000,0,1,1,0
9.205138000,1,1,1,0
9.205242000,0,1,1,0
9.205347000,1,1,1,0
9.205451000,0,1,1,0
9.205555000,1,1,1,0
9.205763000,0,1,1,0
9.205868000,1,1,1,0
9.205972000,0,1,1,0
9.206701000,1,1,1,0
9.206805000,0,1,1,0
9.206909000,1,1,1,0
9.207014000,0,1,1,0
9.207743000,1,1,1,0
9.207847000,0,1,1,0
9.208160000,1,1,1,0
9.208264000,0,1,1,0
9.208785000,1,1,1,0
9.208908000,1,0,1,0
9.209012000,1,1,1,0
9.209116000,1,0,1,0
9.209220000,1,1,1,0
9.209324000,1,0,1,0
9.209428000,1,1,1,0
9.209532000,1,0,1,0
9.209636000,1,1,1,0
9.209740000,1,0,1,0
9.209844000,1,1,1,0
9.209948000,1,0,1,0
9.210156000,1,1,1,0
9.210260000,1,0,1,0
9.210364000,1,1,1,0
9.210468000,1,0,1,0
9.210572000,1,1,1,0
9.210676000,1,0,1,0
9.210780000,1,1,1,0
9.210988000,1,0,1,0
9.211092000,1,1,1,0
9.211196000,1,0,1,0
9.211924000,1,1,1,0
9.212028000,1,0,1,0
9.212133000,1,1,1,0
9.212236000,1,0,1,0
9.212341000,1,1,1,0
9.212445000,1,0,1,0
9.212965000,1,1,1,0
9.213069000,1,0,1,0
9.213381000,1,1,1,0
9.213485000,1,0,1,0
9.214005000,1,1,1,0
9.214109000,1,0,1,0
9.214421000,1,1,1,0
9.214525000,1,0,1,0
9.215045000,1,1,1,0
9.215149000,1,0,1,0
9.216085000,1,1,1,0
9.216189000,1,0,1,0
9.217126000,1,1,1,0
9.217229000,1,0,1,0
9.217334000,1,1,1,0
9.217438000,1,0,1,0
9.218166000,1,1,1,0
9.229100000,0,1,1,0
9.229205000,1,1,1,0
9.229309000,0,1,1,0
9.229413000,1,1,1,0
9.229517000,0,1,1,0
9.229621000,1,1,1,0
9.229725000,0,1,1,0
9.229830000,1,1,1,0
9.229934000,0,1,1,0
9.230038000,1,1,1,0
9.230142000,0,1,1,0
9.230351000,1,1,1,0
9.230455000,0,1,1,0
9.230559000,1,1,1,0
9.230663000,0,1,1,0
9.230767000,1,1,1,0
9.230871000,0,1,1,0
9.230976000,1,1,1,0
9.231184000,0,1,1,0
9.231288000,1,1,1,0
9.231392000,0,1,1,0
9.232122000,1,1,1,0
9.232226000,0,1,1,0
9.232330000,1,1,1,0
9.232434000,0,1,1,0
9.233164000,1,1,1,0
9.233268000,0,1,1,0
9.233580000,1,1,1,0
9.233684000,0,1,1,0
9.233893000,1,1,1,0
9.233997000,0,1,1,0
9.234206000,1,1,1,0
9.234354000,1,0,1,0
9.234458000,1,1,1,0
9.234562000,1,0,1,0
9.234666000,1,1,1,0
9.234770000,1,0,1,0
9.234874000,1,1,1,0
9.234978000,1,0,1,0
9.235082000,1,1,1,0
9.235186000,1,0,1,0
9.235290000,1,1,1,0
9.235394000,1,0,1,0
9.235602000,1,1,1,0
9.235706000,1,0,1,0
9.235810000,1,1,1,0
9.235914000,1,0,1,0
9.236018000,1,1,1,0
9.236122000,1,0,1,0
9.236226000,1,1,1,0
9.236434000,1,0,1,0
9.236538000,1,1,1,0
9.236642000,1,0,1,0
9.237370000,1,1,1,0
9.237474000,1,0,1,0
9.237578000,1,1,1,0
9.237682000,1,0,1,0
9.237786000,1,1,1,0
9.237890000,1,0,1,0
9.238410000,1,1,1,0
9.238514000,1,0,1,0
9.238826000,1,1,1,0
9.238930000,1,0,1,0
9.239139000,1,1,1,0
9.239242000,1,0,1,0
9.239451000,1,1,1,0
9.239555000,1,0,1,0
9.239867000,1,1,1,0
9.239971000,1,0,1,0
9.240491000,1,1,1,0
9.240595000,1,0,1,0
9.241531000,1,1,1,0
9.241635000,1,0,1,0
9.242571000,1,1,1,0
9.242675000,1,0,1,0
9.243611000,1,1,1,0
9.449760000,0,1,1,0
9.449865000,1,1,1,0
9.449969000,0,1,1,0
9.450073000,1,1,1,0
9.450177000,0,1,1,0
9.450282000,1,1,1,0
9.450386000,0,1,1,0
9.450490000,1,1,1,0
9.450594000,0,1,1,0
9.450698000,1,1,1,0
9.450802000,0,1,1,0
9.451011000,1,1,1,0
9.451115000,0,1,1,0
9.451219000,1,1,1,0
9.451323000,0,1,1,0
9.451428000,1,1,1,0
9.451532000,0,1,1,0
9.451636000,1,1,1,0
9.451844000,0,1,1,0
9.451948000,1,1,1,0
9.452052000,0,1,1,0
9.452782000,1,1,1,0
9.452886000,0,1,1,0
9.452990000,1,1,1,0
9.453094000,0,1,1,0
9.453824000,1,1,1,0
9.453928000,0,1,1,0
9.454240000,1,1,1,0
9.454345000,0,1,1,0
9.454866000,1,1,1,0
9.455127000,1,0,1,0
9.455231000,1,1,1,0
9.455335000,1,0,1,0
9.455439000,1,1,1,0
9.455543000,1,0,1,0
9.455647000,1,1,1,0
9.455751000,1,0,1,0
9.455855000,1,1,1,0
9.455959000,1,0,1,0
9.456063000,1,1,1,0
9.456167000,1,0,1,0
9.456375000,1,1,1,0
9.456479000,1,0,1,0
9.456583000,1,1,1,0
9.456687000,1,0,1,0
9.456792000,1,1,1,0
9.456895000,1,0,1,0
9.457000000,1,1,1,0
9.457208000,1,0,1,0
9.457312000,1,1,1,0
9.457416000,1,0,1,0
9.458144000,1,1,1,0
9.458248000,1,0,1,0
9.458352000,1,1,1,0
9.458456000,1,0,1,0
9.458560000,1,1,1,0
9.458664000,1,0,1,0
9.459184000,1,1,1,0
9.459288000,1,0,1,0
9.459600000,1,1,1,0
9.459704000,1,0,1,0
9.460224000,1,1,1,0
9.460328000,1,0,1,0
9.460640000,1,1,1,0
9.460744000,1,0,1,0
9.461264000,1,1,1,0
9.461368000,1,0,1,0
9.462305000,1,1,1,0
9.462409000,1,0,1,0
9.463345000,1,1,1,0
9.463449000,1,0,1,0
9.463553000,1,1,1,0
9.463657000,1,0,1,0
9.464385000,1,1,1,0
9.475181000,0,1,1,0
9.475286000,1,1,1,0
9.475390000,0,1,1,0
9.475494000,1,1,1,0
9.475598000,0,1,1,0
9.475702000,1,1,1,0
9.475806000,0,1,1,0
9.475911000,1,1,1,0
9.476015000,0,1,1,0
9.476119000,1,1,1,0
9.476223000,0,1,1,0
9.476432000,1,1,1,0
9.476536000,0,1,1,0
9.476640000,1,1,1,0
9.476744000,0,1,1,0
9.476848000,1,1,1,0
9.476952000,0,1,1,0
9.477057000,1,1,1,0
9.477265000,0,1,1,0
9.477369000,1,1,1,0
9.477473000,0,1,1,0
9.478203000,1,1,1,0
9.478307000,0,1,1,0
9.478411000,1,1,1,0
9.478515000,0,1,1,0
9.479244000,1,1,1,0
9.479348000,0,1,1,0
9.479661000,1,1,1,0
9.479765000,0,1,1,0
9.479974000,1,1,1,0
9.480078000,0,1,1,0
9.480286000,1,1,1,0
9.480465000,1,0,1,0
9.480570000,1,1,1,0
9.480673000,1,0,1,0
9.480778000,1,1,1,0
9.480882000,1,0,1,0
9.480986000,1,1,1,0
9.481090000,1,0,1,0
9.481194000,1,1,1,0
9.481298000,1,0,1,0
9.481402000,1,1,1,0
9.481506000,1,0,1,0
9.481714000,1,1,1,0
9.481818000,1,0,1,0
9.481922000,1,1,1,0
9.482026000,1,0,1,0
9.482130000,1,1,1,0
9.482234000,1,0,1,0
9.482338000,1,1,1,0
9.482546000,1,0,1,0
9.482650000,1,1,1,0
9.482754000,1,0,1,0
9.483482000,1,1,1,0
9.483586000,1,0,1,0
9.483690000,1,1,1,0
9.483794000,1,0,1,0
9.483898000,1,1,1,0
9.484002000,1,0,1,0
9.484522000,1,1,1,0
9.484626000,1,0,1,0
9.484938000,1,1,1,0
9.485042000,1,0,1,0
9.485250000,1,1,1,0
9.485354000,1,0,1,0
9.485562000,1,1,1,0
9.485666000,1,0,1,0
9.485979000,1,1,1,0
9.486083000,1,0,1,0
9.486603000,1,1,1,0
9.486707000,1,0,1,0
9.487643000,1,1,1,0
9.487747000,1,0,1,0
9.488683000,1,1,1,0
9.488787000,1,0,1,0
9.489723000,1,1,1,0
9.681568000,0,1,1,0
9.681672000,1,1,1,0
9.681776000,0,1,1,0
9.681881000,1,1,1,0
9.681985000,0,1,1,0
9.682089000,1,1,1,0
9.682193000,0,1,1,0
9.682298000,1,1,1,0
9.682402000,0,1,1,0
9.682506000,1,1,1,0
9.682610000,0,1,1,0
9.682818000,1,1,1,0
9.682923000,0,1,1,0
9.683027000,1,1,1,0
9.683131000,0,1,1,0
9.683235000,1,1,1,0
9.683339000,0,1,1,0
9.683444000,1,1,1,0
9.683652000,0,1,1,0
9.683756000,1,1,1,0
9.683860000,0,1,1,0
9.684590000,1,1,1,0
9.684694000,0,1,1,0
9.684798000,1,1,1,0
9.684902000,0,1,1,0
9.685631000,1,1,1,0
9.685735000,0,1,1,0
9.686048000,1,1,1,0
9.686152000,0,1,1,0
9.686673000,1,1,1,0
9.686783000,1,0,1,0
9.686887000,1,1,1,0
9.686991000,1,0,1,0
9.687095000,1,1,1,0
9.687199000,1,0,1,0
9.687304000,1,1,1,0
9.687407000,1,0,1,0
9.687512000,1,1,1,0
9.687616000,1,0,1,0
9.687720000,1,1,1,0
9.687824000,1,0,1,0
9.688032000,1,1,1,0
9.688136000,1,0,1,0
9.688240000,1,1,1,0
9.688344000,1,0,1,0
9.688448000,1,1,1,0
9.688552000,1,0,1,0
9.688656000,1,1,1,0
9.688864000,1,0,1,0
9.688968000,1,1,1,0
9.689072000,1,0,1,0
9.689800000,1,1,1,0
9.689904000,1,0,1,0
9.690008000,1,1,1,0
9.690112000,1,0,1,0
9.690216000,1,1,1,0
9.690320000,1,0,1,0
9.690840000,1,1,1,0
9.690944000,1,0,1,0
9.691256000,1,1,1,0
9.691360000,1,0,1,0
9.691880000,1,1,1,0
9.691984000,1,0,1,0
9.692297000,1,1,1,0
9.692401000,1,0,1,0
9.692921000,1,1,1,0
9.693025000,1,0,1,0
9.693961000,1,1,1,0
9.694065000,1,0,1,0
9.695001000,1,1,1,0
9.695105000,1,0,1,0
9.695209000,1,1,1,0
9.695313000,1,0,1,0
9.696041000,1,1,1,0
9.706989000,0,1,1,0
9.707093000,1,1,1,0
9.707197000,0,1,1,0
9.707302000,1,1,1,0
9.707406000,0,1,1,0
9.707510000,1,1,1,0
9.707614000,0,1,1,0
9.707718000,1,1,1,0
9.707822000,0,1,1,0
9.707927000,1,1,1,0
9.708031000,0,1,1,0
9.708239000,1,1,1,0
9.708343000,0,1,1,0
9.708448000,1,1,1,0
9.708552000,0,1,1,0
9.708656000,1,1,1,0
9.708760000,0,1,1,0
9.708864000,1,1,1,0
9.709073000,0,1,1,0
9.709177000,1,1,1,0
9.709281000,0,1,1,0
9.710010000,1,1,1,0
9.710114000,0,1,1,0
9.710219000,1,1,1,0
9.710323000,0,1,1,0
9.711052000,1,1,1,0
9.711156000,0,1,1,0
9.711469000,1,1,1,0
9.711573000,0,1,1,0
9.711781000,1,1,1,0
9.711885000,0,1,1,0
9.712094000,1,1,1,0
9.712223000,1,0,1,0
9.712327000,1,1,1,0
9.712431000,1,0,1,0
9.712535000,1,1,1,0
9.712639000,1,0,1,0
9.712743000,1,1,1,0
9.712847000,1,0,1,0
9.712951000,1,1,1,0
9.713055000,1,0,1,0
9.713159000,1,1,1,0
9.713263000,1,0,1,0
9.713471000,1,1,1,0
9.713575000,1,0,1,0
9.713679000,1,1,1,0
9.713783000,1,0,1,0
9.713887000,1,1,1,0
9.713991000,1,0,1,0
9.714095000,1,1,1,0
9.714303000,1,0,1,0
9.714407000,1,1,1,0
9.714511000,1,0,1,0
9.715239000,1,1,1,0
9.715343000,1,0,1,0
9.715447000,1,1,1,0
9.715551000,1,0,1,0
9.715655000,1,1,1,0
9.715759000,1,0,1,0
9.716279000,1,1,1,0
9.716383000,1,0,1,0
9.716695000,1,1,1,0
9.716799000,1,0,1,0
9.717008000,1,1,1,0
9.717112000,1,0,1,0
9.717320000,1,1,1,0
9.717424000,1,0,1,0
9.717736000,1,1,1,0
9.717840000,1,0,1,0
9.718360000,1,1,1,0
9.718464000,1,0,1,0
9.719400000,1,1,1,0
9.719504000,1,0,1,0
9.720440000,1,1,1,0
9.720544000,1,0,1,0
9.721480000,1,1,1,0
9.913376000,0,1,1,0
9.913480000,1,1,1,0
9.913584000,0,1,1,0
9.913689000,1,1,1,0
9.913793000,0,1,1,0
9.913897000,1,1,1,0
9.914001000,0,1,1,0
9.914105000,1,1,1,0
9.914209000,0,1,1,0
9.914314000,1,1,1,0
9.914418000,0,1,1,0
9.914626000,1,1,1,0
9.914730000,0,1,1,0
9.914835000,1,1,1,0
9.914939000,0,1,1,0
9.915043000,1,1,1,0
9.915147000,0,1,1,0
9.915251000,1,1,1,0
9.915459000,0,1,1,0
9.915564000,1,1,1,0
9.915668000,0,1,1,0
9.916397000,1,1,1,0
9.916501000,0,1,1,0
9.916606000,1,1,1,0
9.916710000,0,1,1,0
9.917439000,1,1,1,0
9.917543000,0,1,1,0
9.917856000,1,1,1,0
9.917960000,0,1,1,0
9.918481000,1,1,1,0
9.918648000,1,0,1,0
9.918752000,1,1,1,0
9.918856000,1,0,1,0
9.918960000,1,1,1,0
9.919064000,1,0,1,0
9.919168000,1,1,1,0
9.919272000,1,0,1,0
9.919376000,1,1,1,0
9.919480000,1,0,1,0
9.919584000,1,1,1,0
9.919688000,1,0,1,0
9.919896000,1,1,1,0
9.920000000,1,0,1,0
9.920104000,1,1,1,0
9.920208000,1,0,1,0
9.920312000,1,1,1,0
9.920416000,1,0,1,0
9.920520000,1,1,1,0
9.920728000,1,0,1,0
9.920832000,1,1,1,0
9.920936000,1,0,1,0
9.921664000,1,1,1,0
9.921768000,1,0,1,0
9.921872000,1,1,1,0
9.921976000,1,0,1,0
9.922080000,1,1,1,0
9.922184000,1,0,1,0
9.922705000,1,1,1,0
9.922809000,1,0,1,0
9.923121000,1,1,1,0
9.923225000,1,0,1,0
9.923745000,1,1,1,0
9.923849000,1,0,1,0
9.924161000,1,1,1,0
9.924265000,1,0,1,0
9.924785000,1,1,1,0
9.924889000,1,0,1,0
9.925825000,1,1,1,0
9.925929000,1,0,1,0
9.926865000,1,1,1,0
9.926969000,1,0,1,0
9.927074000,1,1,1,0
9.927177000,1,0,1,0
9.927906000,1,1,1,0
9.938797000,0,1,1,0
9.938901000,1,1,1,0
9.939005000,0,1,1,0
9.939109000,1,1,1,0
9.939213000,0,1,1,0
9.939318000,1,1,1,0
9.939422000,0,1,1,0
9.939526000,1,1,1,0
9.939630000,0,1,1,0
9.939734000,1,1,1,0
9.939838000,0,1,1,0
9.940047000,1,1,1,0
9.940151000,0,1,1,0
9.940255000,1,1,1,0
9.940359000,0,1,1,0
9.940464000,1,1,1,0
9.940568000,0,1,1,0
9.940672000,1,1,1,0
9.940880000,0,1,1,0
9.940985000,1,1,1,0
9.941089000,0,1,1,0
9.941818000,1,1,1,0
9.941922000,0,1,1,0
9.942026000,1,1,1,0
9.942130000,0,1,1,0
9.942860000,1,1,1,0
9.942964000,0,1,1,0
9.943277000,1,1,1,0
9.943381000,0,1,1,0
9.943589000,1,1,1,0
9.943693000,0,1,1,0
9.943902000,1,1,1,0
9.943980000,1,0,1,0
9.944084000,1,1,1,0
9.944188000,1,0,1,0
9.944292000,1,1,1,0
9.944396000,1,0,1,0
9.944500000,1,1,1,0
9.944604000,1,0,1,0
9.944708000,1,1,1,0
9.944812000,1,0,1,0
9.944916000,1,1,1,0
9.945020000,1,0,1,0
9.945228000,1,1,1,0
9.945332000,1,0,1,0
9.945436000,1,1,1,0
9.945540000,1,0,1,0
9.945644000,1,1,1,0
9.945748000,1,0,1,0
9.945852000,1,1,1,0
9.946060000,1,0,1,0
9.946164000,1,1,1,0
9.946268000,1,0,1,0
9.946996000,1,1,1,0
9.947100000,1,0,1,0
9.947204000,1,1,1,0
9.947308000,1,0,1,0
9.947412000,1,1,1,0
9.947516000,1,0,1,0
9.948037000,1,1,1,0
9.948140000,1,0,1,0
9.948453000,1,1,1,0
9.948557000,1,0,1,0
9.948765000,1,1,1,0
9.948869000,1,0,1,0
9.949077000,1,1,1,0
9.949181000,1,0,1,0
9.949493000,1,1,1,0
9.949597000,1,0,1,0
9.950117000,1,1,1,0
9.950221000,1,0,1,0
9.951157000,1,1,1,0
9.951261000,1,0,1,0
9.952197000,1,1,1,0
9.952301000,1,0,1,0
9.953238000,1,1,1,0
10.145184000,0,1,1,0
10.145288000,1,1,1,0
10.145392000,0,1,1,0
10.145496000,1,1,1,0
10.145600000,0,1,1,0
10.145705000,1,1,1,0
10.145809000,0,1,1,0
10.145913000,1,1,1,0
10.146017000,0,1,1,0
10.146121000,1,1,1,0
10.146225000,0,1,1,0
10.146434000,1,1,1,0
10.146538000,0,1,1,0
10.146642000,1,1,1,0
10.146746000,0,1,1,0
10.146851000,1,1,1,0
10.146955000,0,1,1,0
10.147059000,1,1,1,0
10.147267000,0,1,1,0
10.147372000,1,1,1,0
10.147476000,0,1,1,0
10.148205000,1,1,1,0
10.148309000,0,1,1,0
10.148413000,1,1,1,0
10.148517000,0,1,1,0
10.149247000,1,1,1,0
10.149351000,0,1,1,0
10.149664000,1,1,1,0
10.149768000,0,1,1,0
10.150289000,1,1,1,0
10.150512000,1,0,1,0
10.150616000,1,1,1,0
10.150720000,1,0,1,0
10.150824000,1,1,1,0
10.150928000,1,0,1,0
10.151032000,1,1,1,0
10.151136000,1,0,1,0
10.151240000,1,1,1,0
10.151344000,1,0,1,0
10.151448000,1,1,1,0
10.151552000,1,0,1,0
10.151760000,1,1,1,0
10.151864000,1,0,1,0
10.151968000,1,1,1,0
10.152072000,1,0,1,0
10.152176000,1,1,1,0
10.152280000,1,0,1,0
10.152384000,1,1,1,0
10.152592000,1,0,1,0
10.152697000,1,1,1,0
10.152800000,1,0,1,0
10.153529000,1,1,1,0
10.153633000,1,0,1,0
10.153737000,1,1,1,0
10.153841000,1,0,1,0
10.153945000,1,1,1,0
10.154049000,1,0,1,0
10.154569000,1,1,1,0
10.154673000,1,0,1,0
10.154985000,1,1,1,0
10.155089000,1,0,1,0
10.155609000,1,1,1,0
10.155713000,1,0,1,0
10.156025000,1,1,1,0
10.156129000,1,0,1,0
10.156649000,1,1,1,0
10.156753000,1,0,1,0
10.157690000,1,1,1,0
10.157794000,1,0,1,0
10.158730000,1,1,1,0
10.158834000,1,0,1,0
10.158938000,1,1,1,0
10.159042000,1,0,1,0
10.159770000,1,1,1,0
10.170604000,0,1,1,0
10.170709000,1,1,1,0
10.170813000,0,1,1,0
10.170917000,1,1,1,0
10.171021000,0,1,1,0
10.171125000,1,1,1,0
10.171229000,0,1,1,0
10.171334000,1,1,1,0
10.171438000,0,1,1,0
10.171542000,1,1,1,0
10.171646000,0,1,1,0
10.171855000,1,1,1,0
10.171959000,0,1,1,0
10.172063000,1,1,1,0
10.172167000,0,1,1,0
10.172271000,1,1,1,0
10.172375000,0,1,1,0
10.172480000,1,1,1,0
10.172688000,0,1,1,0
10.172792000,1,1,1,0
10.172896000,0,1,1,0
10.173626000,1,1,1,0
10.173730000,0,1,1,0
10.173834000,1,1,1,0
10.173938000,0,1,1,0
10.174668000,1,1,1,0
10.174772000,0,1,1,0
10.175084000,1,1,1,0
10.175188000,0,1,1,0
10.175397000,1,1,1,0
10.175501000,0,1,1,0
10.175709000,1,1,1,0
10.175841000,1,0,1,0
10.175945000,1,1,1,0
10.176049000,1,0,1,0
10.176153000,1,1,1,0
10.176257000,1,0,1,0
10.176361000,1,1,1,0
10.176465000,1,0,1,0
10.176569000,1,1,1,0
10.176673000,1,0,1,0
10.176777000,1,1,1,0
10.176881000,1,0,1,0
10.177089000,1,1,1,0
10.177193000,1,0,1,0
10.177297000,1,1,1,0
10.177401000,1,0,1,0
10.177505000,1,1,1,0
10.177609000,1,0,1,0
10.177713000,1,1,1,0
10.177921000,1,0,1,0
10.178025000,1,1,1,0
10.178129000,1,0,1,0
10.178857000,1,1,1,0
10.178961000,1,0,1,0
10.179066000,1,1,1,0
10.179169000,1,0,1,0
10.179274000,1,1,1,0
10.179378000,1,0,1,0
10.179898000,1,1,1,0
10.180002000,1,0,1,0
10.180314000,1,1,1,0
10.180418000,1,0,1,0
10.180626000,1,1,1,0
10.180730000,1,0,1,0
10.180938000,1,1,1,0
10.181042000,1,0,1,0
10.181354000,1,1,1,0
10.181458000,1,0,1,0
10.181978000,1,1,1,0
10.182082000,1,0,1,0
10.183018000,1,1,1,0
10.183122000,1,0,1,0
10.184058000,1,1,1,0
10.184162000,1,0,1,0
10.185099000,1,1,1,0
10.376991000,0,1,1,0
10.377096000,1,1,1,0
10.377200000,0,1,1,0
10.377304000,1,1,1,0
10.377408000,0,1,1,0
10.377512000,1,1,1,0
10.377616000,0,1,1,0
10.377721000,1,1,1,0
10.377825000,0,1,1,0
10.377929000,1,1,1,0
10.378033000,0,1,1,0
10.378242000,1,1,1,0
10.378346000,0,1,1,0
10.378450000,1,1,1,0
10.378554000,0,1,1,0
10.378658000,1,1,1,0
10.378762000,0,1,1,0
10.378867000,1,1,1,0
10.379075000,0,1,1,0
10.379179000,1,1,1,0
10.379283000,0,1,1,0
10.380013000,1,1,1,0
10.380117000,0,1,1,0
10.380221000,1,1,1,0
10.380325000,0,1,1,0
10.381054000,1,1,1,0
10.381159000,0,1,1,0
10.381471000,1,1,1,0
10.381575000,0,1,1,0
10.382096000,1,1,1,0
10.382272000,1,0,1,0
10.382376000,1,1,1,0
10.382480000,1,0,1,0
10.382584000,1,1,1,0
10.382688000,1,0,1,0
10.382792000,1,1,1,0
10.382896000,1,0,1,0
10.383001000,1,1,1,0
10.383104000,1,0,1,0
10.383209000,1,1,1,0
10.383313000,1,0,1,0
10.383521000,1,1,1,0
10.383625000,1,0,1,0
10.383729000,1,1,1,0
10.383833000,1,0,1,0
10.383937000,1,1,1,0
10.384041000,1,0,1,0
10.384145000,1,1,1,0
10.384353000,1,0,1,0
10.384457000,1,1,1,0
10.384561000,1,0,1,0
10.385289000,1,1,1,0
10.385393000,1,0,1,0
10.385497000,1,1,1,0
10.385601000,1,0,1,0
10.385705000,1,1,1,0
10.385809000,1,0,1,0
10.386329000,1,1,1,0
10.386433000,1,0,1,0
10.386745000,1,1,1,0
10.386849000,1,0,1,0
10.387369000,1,1,1,0
10.387473000,1,0,1,0
10.387786000,1,1,1,0
10.387889000,1,0,1,0
10.388410000,1,1,1,0
10.388514000,1,0,1,0
10.389450000,1,1,1,0
10.389554000,1,0,1,0
10.390490000,1,1,1,0
10.390594000,1,0,1,0
10.390698000,1,1,1,0
10.390802000,1,0,1,0
10.391530000,1,1,1,0
10.402412000,0,1,1,0
10.402516000,1,1,1,0
10.402620000,0,1,1,0
10.402725000,1,1,1,0
10.402829000,0,1,1,0
10.402933000,1,1,1,0
10.403037000,0,1,1,0
10.403141000,1,1,1,0
10.403245000,0,1,1,0
10.403350000,1,1,1,0
10.403454000,0,1,1,0
10.403662000,1,1,1,0
10.403766000,0,1,1,0
10.403871000,1,1,1,0
10.403975000,0,1,1,0
10.404079000,1,1,1,0
10.404183000,0,1,1,0
10.404287000,1,1,1,0
10.404496000,0,1,1,0
10.404600000,1,1,1,0
10.404704000,0,1,1,0
10.405433000,1,1,1,0
10.405537000,0,1,1,0
10.405642000,1,1,1,0
10.405746000,0,1,1,0
10.406475000,1,1,1,0
10.406579000,0,1,1,0
10.406892000,1,1,1,0
10.406996000,0,1,1,0
10.407204000,1,1,1,0
10.407309000,0,1,1,0
10.407517000,1,1,1,0
10.407598000,1,0,1,0
10.407702000,1,1,1,0
10.407806000,1,0,1,0
10.407910000,1,1,1,0
10.408014000,1,0,1,0
10.408118000,1,1,1,0
10.408222000,1,0,1,0
10.408326000,1,1,1,0
10.408430000,1,0,1,0
10.408534000,1,1,1,0
10.408638000,1,0,1,0
10.408846000,1,1,1,0
10.408950000,1,0,1,0
10.409054000,1,1,1,0
10.409158000,1,0,1,0
10.409262000,1,1,1,0
10.409366000,1,0,1,0
10.409470000,1,1,1,0
10.409678000,1,0,1,0
10.409782000,1,1,1,0
10.409886000,1,0,1,0
10.410615000,1,1,1,0
10.410719000,1,0,1,0
10.410823000,1,1,1,0
10.410927000,1,0,1,0
10.411031000,1,1,1,0
10.411135000,1,0,1,0
10.411655000,1,1,1,0
10.411759000,1,0,1,0
10.412071000,1,1,1,0
10.412175000,1,0,1,0
10.412383000,1,1,1,0
10.412487000,1,0,1,0
10.412695000,1,1,1,0
10.412799000,1,0,1,0
10.413111000,1,1,1,0
10.413215000,1,0,1,0
10.413735000,1,1,1,0
10.413839000,1,0,1,0
10.414775000,1,1,1,0
10.414879000,1,0,1,0
10.415816000,1,1,1,0
10.415920000,1,0,1,0
10.416856000,1,1,1,0
10.608799000,0,1,1,0
10.608903000,1,1,1,0
10.609007000,0,1,1,0
10.609112000,1,1,1,0
10.609216000,0,1,1,0
10.609320000,1,1,1,0
10.609424000,0,1,1,0
10.609528000,1,1,1,0
10.609632000,0,1,1,0
10.609737000,1,1,1,0
10.609841000,0,1,1,0
10.610049000,1,1,1,0
10.610153000,0,1,1,0
10.610258000,1,1,1,0
10.610362000,0,1,1,0
10.610466000,1,1,1,0
10.610570000,0,1,1,0
10.610674000,1,1,1,0
10.610883000,0,1,1,0
10.610987000,1,1,1,0
10.611091000,0,1,1,0
10.611820000,1,1,1,0
10.611924000,0,1,1,0
10.612029000,1,1,1,0
10.612133000,0,1,1,0
10.612862000,1,1,1,0
10.612966000,0,1,1,0
10.613279000,1,1,1,0
10.613383000,0,1,1,0
10.613904000,1,1,1,0
10.614033000,1,0,1,0
10.614137000,1,1,1,0
10.614241000,1,0,1,0
10.614345000,1,1,1,0
10.614449000,1,0,1,0
10.614553000,1,1,1,0
10.614657000,1,0,1,0
10.614761000,1,1,1,0
10.614865000,1,0,1,0
10.614969000,1,1,1,0
10.615073000,1,0,1,0
10.615281000,1,1,1,0
10.615385000,1,0,1,0
10.615489000,1,1,1,0
10.615593000,1,0,1,0
10.615697000,1,1,1,0
10.615801000,1,0,1,0
10.615905000,1,1,1,0
10.616113000,1,0,1,0
10.616217000,1,1,1,0
10.616321000,1,0,1,0
10.617049000,1,1,1,0
10.617153000,1,0,1,0
10.617257000,1,1,1,0
10.617361000,1,0,1,0
10.617465000,1,1,1,0
10.617569000,1,0,1,0
10.618090000,1,1,1,0
10.618193000,1,0,1,0
10.618506000,1,1,1,0
10.618610000,1,0,1,0
10.619130000,1,1,1,0
10.619234000,1,0,1,0
10.619546000,1,1,1,0
10.619650000,1,0,1,0
10.620170000,1,1,1,0
10.620274000,1,0,1,0
10.621210000,1,1,1,0
10.621314000,1,0,1,0
10.622250000,1,1,1,0
10.622354000,1,0,1,0
10.622458000,1,1,1,0
10.622562000,1,0,1,0
10.623291000,1,1,1,0
10.634220000,0,1,1,0
10.634324000,1,1,1,0
10.634428000,0,1,1,0
10.634532000,1,1,1,0
10.634636000,0,1,1,0
10.634741000,1,1,1,0
10.634845000,0,1,1,0
10.634949000,1,1,1,0
10.635053000,0,1,1,0
10.635157000,1,1,1,0
10.635261000,0,1,1,0
10.635470000,1,1,1,0
10.635574000,0,1,1,0
10.635678000,1,1,1,0
10.635782000,0,1,1,0
10.635887000,1,1,1,0
10.635991000,0,1,1,0
10.636095000,1,1,1,0
10.636303000,0,1,1,0
10.636408000,1,1,1,0
10.636512000,0,1,1,0
10.637241000,1,1,1,0
10.637345000,0,1,1,0
10.637449000,1,1,1,0
10.637553000,0,1,1,0
10.638283000,1,1,1,0
10.638387000,0,1,1,0
10.638700000,1,1,1,0
10.638804000,0,1,1,0
10.639012000,1,1,1,0
10.639116000,0,1,1,0
10.639325000,1,1,1,0
10.639459000,1,0,1,0
10.639563000,1,1,1,0
10.639667000,1,0,1,0
10.639771000,1,1,1,0
10.639875000,1,0,1,0
10.639979000,1,1,1,0
10.640083000,1,0,1,0
10.640187000,1,1,1,0
10.640291000,1,0,1,0
10.640395000,1,1,1,0
10.640499000,1,0,1,0
10.640707000,1,1,1,0
10.640811000,1,0,1,0
10.640915000,1,1,1,0
10.641019000,1,0,1,0
10.641123000,1,1,1,0
10.641227000,1,0,1,0
10.641332000,1,1,1,0
10.641539000,1,0,1,0
10.641644000,1,1,1,0
10.641748000,1,0,1,0
10.642476000,1,1,1,0
10.642580000,1,0,1,0
10.642684000,1,1,1,0
10.642788000,1,0,1,0
10.642892000,1,1,1,0
10.642996000,1,0,1,0
10.643516000,1,1,1,0
10.643620000,1,0,1,0
10.643932000,1,1,1,0
10.644036000,1,0,1,0
10.644244000,1,1,1,0
10.644348000,1,0,1,0
10.644556000,1,1,1,0
10.644660000,1,0,1,0
10.644972000,1,1,1,0
10.645076000,1,0,1,0
10.645596000,1,1,1,0
10.645700000,1,0,1,0
10.646637000,1,1,1,0
10.646741000,1,0,1,0
10.647677000,1,1,1,0
10.647781000,1,0,1,0
10.648717000,1,1,1,0
10.854880000,0,1,1,0
10.854984000,1,1,1,0
10.855088000,0,1,1,0
10.855192000,1,1,1,0
10.855296000,0,1,1,0
10.855401000,1,1,1,0
10.855505000,0,1,1,0
10.855609000,1,1,1,0
10.855713000,0,1,1,0
10.855817000,1,1,1,0
10.855922000,0,1,1,0
10.856130000,1,1,1,0
10.856234000,0,1,1,0
10.856338000,1,1,1,0
10.856442000,0,1,1,0
10.856547000,1,1,1,0
10.856651000,0,1,1,0
10.856755000,1,1,1,0
10.856963000,0,1,1,0
10.857068000,1,1,1,0
10.857172000,0,1,1,0
10.857901000,1,1,1,0
10.858005000,0,1,1,0
10.858110000,1,1,1,0
10.858214000,0,1,1,0
10.858943000,1,1,1,0
10.859047000,0,1,1,0
10.859360000,1,1,1,0
10.859464000,0,1,1,0
10.859985000,1,1,1,0
10.860148000,1,0,1,0
10.860252000,1,1,1,0
10.860356000,1,0,1,0
10.860460000,1,1,1,0
10.860564000,1,0,1,0
10.860668000,1,1,1,0
10.860772000,1,0,1,0
10.860876000,1,1,1,0
10.860980000,1,0,1,0
10.861084000,1,1,1,0
10.861188000,1,0,1,0
10.861396000,1,1,1,0
10.861500000,1,0,1,0
10.861604000,1,1,1,0
10.861708000,1,0,1,0
10.861812000,1,1,1,0
10.861916000,1,0,1,0
10.862020000,1,1,1,0
10.862228000,1,0,1,0
10.862332000,1,1,1,0
10.862436000,1,0,1,0
10.863165000,1,1,1,0
10.863269000,1,0,1,0
10.863373000,1,1,1,0
10.863477000,1,0,1,0
10.863581000,1,1,1,0
10.863685000,1,0,1,0
10.864205000,1,1,1,0
10.864413000,1,0,1,0
10.864725000,1,1,1,0
10.864829000,1,0,1,0
10.865349000,1,1,1,0
10.865453000,1,0,1,0
10.865765000,1,1,1,0
10.865869000,1,0,1,0
10.866389000,1,1,1,0
10.866493000,1,0,1,0
10.867429000,1,1,1,0
10.867533000,1,0,1,0
10.868470000,1,1,1,0
10.868574000,1,0,1,0
10.868678000,1,1,1,0
10.868782000,1,0,1,0
10.869510000,1,1,1,0
10.880300000,0,1,1,0
10.880405000,1,1,1,0
10.880509000,0,1,1,0
10.880613000,1,1,1,0
10.880717000,0,1,1,0
10.880821000,1,1,1,0
10.880925000,0,1,1,0
10.881030000,1,1,1,0
10.881134000,0,1,1,0
10.881238000,1,1,1,0
10.881342000,0,1,1,0
10.881551000,1,1,1,0
10.881655000,0,1,1,0
10.881759000,1,1,1,0
10.881863000,0,1,1,0
10.881967000,1,1,1,0
10.882071000,0,1,1,0
10.882176000,1,1,1,0
10.882384000,0,1,1,0
10.882488000,1,1,1,0
10.882592000,0,1,1,0
10.883322000,1,1,1,0
10.883426000,0,1,1,0
10.883530000,1,1,1,0
10.883634000,0,1,1,0
10.884364000,1,1,1,0
10.884468000,0,1,1,0
10.884780000,1,1,1,0
10.884884000,0,1,1,0
10.885093000,1,1,1,0
10.885197000,0,1,1,0
10.885406000,1,1,1,0
10.885571000,1,0,1,0
10.885675000,1,1,1,0
10.885779000,1,0,1,0
10.885883000,1,1,1,0
10.885987000,1,0,1,0
10.886091000,1,1,1,0
10.886195000,1,0,1,0
10.886299000,1,1,1,0
10.886403000,1,0,1,0
10.886507000,1,1,1,0
10.886611000,1,0,1,0
10.886819000,1,1,1,0
10.886923000,1,0,1,0
10.887027000,1,1,1,0
10.887131000,1,0,1,0
10.887235000,1,1,1,0
10.887339000,1,0,1,0
10.887443000,1,1,1,0
10.887651000,1,0,1,0
10.887756000,1,1,1,0
10.887859000,1,0,1,0
10.888588000,1,1,1,0
10.888692000,1,0,1,0
10.888796000,1,1,1,0
10.888900000,1,0,1,0
10.889004000,1,1,1,0
10.889108000,1,0,1,0
10.889628000,1,1,1,0
10.889732000,1,0,1,0
10.890044000,1,1,1,0
10.890148000,1,0,1,0
10.890356000,1,1,1,0
10.890460000,1,0,1,0
10.890668000,1,1,1,0
10.890772000,1,0,1,0
10.891084000,1,1,1,0
10.891188000,1,0,1,0
10.891708000,1,1,1,0
10.891812000,1,0,1,0
10.892748000,1,1,1,0
10.892852000,1,0,1,0
10.893789000,1,1,1,0
10.893893000,1,0,1,0
10.894829000,1,1,1,0
11.086687000,0,1,1,0
11.086792000,1,1,1,0
11.086896000,0,1,1,0
11.087000000,1,1,1,0
11.087104000,0,1,1,0
11.087208000,1,1,1,0
11.087312000,0,1,1,0
11.087417000,1,1,1,0
11.087521000,0,1,1,0
11.087625000,1,1,1,0
11.087729000,0,1,1,0
11.087938000,1,1,1,0
11.088042000,0,1,1,0
11.088146000,1,1,1,0
11.088250000,0,1,1,0
11.088354000,1,1,1,0
11.088458000,0,1,1,0
11.088563000,1,1,1,0
11.088771000,0,1,1,0
11.088875000,1,1,1,0
11.088979000,0,1,1,0
11.089709000,1,1,1,0
11.089813000,0,1,1,0
11.089917000,1,1,1,0
11.090021000,0,1,1,0
11.090751000,1,1,1,0
11.090855000,0,1,1,0
11.091167000,1,1,1,0
11.091271000,0,1,1,0
11.091793000,1,1,1,0
11.091908000,1,0,1,0
11.092012000,1,1,1,0
11.092116000,1,0,1,0
11.092220000,1,1,1,0
11.092324000,1,0,1,0
11.092428000,1,1,1,0
11.092532000,1,0,1,0
11.092636000,1,1,1,0
11.092740000,1,0,1,0
11.092844000,1,1,1,0
11.092948000,1,0,1,0
11.093157000,1,1,1,0
11.093260000,1,0,1,0
11.093365000,1,1,1,0
11.093469000,1,0,1,0
11.093573000,1,1,1,0
11.093677000,1,0,1,0
11.093781000,1,1,1,0
11.093989000,1,0,1,0
11.094093000,1,1,1,0
11.094197000,1,0,1,0
11.094925000,1,1,1,0
11.095029000,1,0,1,0
11.095133000,1,1,1,0
11.095237000,1,0,1,0
11.095341000,1,1,1,0
11.095445000,1,0,1,0
11.095965000,1,1,1,0
11.096069000,1,0,1,0
11.096381000,1,1,1,0
11.096485000,1,0,1,0
11.097005000,1,1,1,0
11.097109000,1,0,1,0
11.097421000,1,1,1,0
11.097525000,1,0,1,0
11.098046000,1,1,1,0
11.098150000,1,0,1,0
11.099086000,1,1,1,0
11.099190000,1,0,1,0
11.100126000,1,1,1,0
11.100230000,1,0,1,0
11.100334000,1,1,1,0
11.100438000,1,0,1,0
11.101166000,1,1,1,0
11.112108000,0,1,1,0
11.112212000,1,1,1,0
11.112316000,0,1,1,0
11.112421000,1,1,1,0
11.112525000,0,1,1,0
11.112629000,1,1,1,0
11.112733000,0,1,1,0
11.112838000,1,1,1,0
11.112942000,0,1,1,0
11.113046000,1,1,1,0
11.113150000,0,1,1,0
11.113358000,1,1,1,0
11.113462000,0,1,1,0
11.113567000,1,1,1,0
11.113671000,0,1,1,0
11.113775000,1,1,1,0
11.113879000,0,1,1,0
11.113984000,1,1,1,0
11.114192000,0,1,1,0
11.114296000,1,1,1,0
11.114400000,0,1,1,0
11.115130000,1,1,1,0
11.115234000,0,1,1,0
11.115338000,1,1,1,0
11.115442000,0,1,1,0
11.116171000,1,1,1,0
11.116275000,0,1,1,0
11.116588000,1,1,1,0
11.116692000,0,1,1,0
11.116901000,1,1,1,0
11.117005000,0,1,1,0
11.117213000,1,1,1,0
11.117328000,1,0,1,0
11.117432000,1,1,1,0
11.117536000,1,0,1,0
11.117640000,1,1,1,0
11.117744000,1,0,1,0
11.117848000,1,1,1,0
11.117952000,1,0,1,0
11.118056000,1,1,1,0
11.118160000,1,0,1,0
11.118264000,1,1,1,0
11.118368000,1,0,1,0
11.118576000,1,1,1,0
11.118680000,1,0,1,0
11.118784000,1,1,1,0
11.118888000,1,0,1,0
11.118993000,1,1,1,0
11.119096000,1,0,1,0
11.119201000,1,1,1,0
11.119409000,1,0,1,0
11.119513000,1,1,1,0
11.119617000,1,0,1,0
11.120345000,1,1,1,0
11.120449000,1,0,1,0
11.120553000,1,1,1,0
11.120657000,1,0,1,0
11.120761000,1,1,1,0
11.120865000,1,0,1,0
11.121385000,1,1,1,0
11.121489000,1,0,1,0
11.121801000,1,1,1,0
11.121905000,1,0,1,0
11.122113000,1,1,1,0
11.122217000,1,0,1,0
11.122425000,1,1,1,0
11.122529000,1,0,1,0
11.122841000,1,1,1,0
11.122945000,1,0,1,0
11.123465000,1,1,1,0
11.123569000,1,0,1,0
11.124506000,1,1,1,0
11.124610000,1,0,1,0
11.125546000,1,1,1,0
11.125650000,1,0,1,0
11.126586000,1,1,1,0
11.332768000,0,1,1,0
11.332872000,1,1,1,0
11.332977000,0,1,1,0
11.333081000,1,1,1,0
11.333185000,0,1,1,0
11.333289000,1,1,1,0
11.333393000,0,1,1,0
11.333498000,1,1,1,0
11.333602000,0,1,1,0
11.333706000,1,1,1,0
11.333810000,0,1,1,0
11.334019000,1,1,1,0
11.334123000,0,1,1,0
11.334227000,1,1,1,0
11.334331000,0,1,1,0
11.334435000,1,1,1,0
11.334539000,0,1,1,0
11.334644000,1,1,1,0
11.334852000,0,1,1,0
11.334956000,1,1,1,0
11.335060000,0,1,1,0
11.335790000,1,1,1,0
11.335894000,0,1,1,0
11.335998000,1,1,1,0
11.336102000,0,1,1,0
11.336831000,1,1,1,0
11.336935000,0,1,1,0
11.337248000,1,1,1,0
11.337352000,0,1,1,0
11.337873000,1,1,1,0
11.338128000,1,0,1,0
11.338232000,1,1,1,0
11.338336000,1,0,1,0
11.338440000,1,1,1,0
11.338544000,1,0,1,0
11.338648000,1,1,1,0
11.338752000,1,0,1,0
11.338856000,1,1,1,0
11.338960000,1,0,1,0
11.339064000,1,1,1,0
11.339168000,1,0,1,0
11.339376000,1,1,1,0
11.339480000,1,0,1,0
11.339584000,1,1,1,0
11.339688000,1,0,1,0
11.339792000,1,1,1,0
11.339896000,1,0,1,0
11.340000000,1,1,1,0
11.340208000,1,0,1,0
11.340312000,1,1,1,0
11.340416000,1,0,1,0
11.341144000,1,1,1,0
11.341248000,1,0,1,0
11.341352000,1,1,1,0
11.341456000,1,0,1,0
11.341560000,1,1,1,0
11.341664000,1,0,1,0
11.342184000,1,1,1,0
11.342288000,1,0,1,0
11.342601000,1,1,1,0
11.342704000,1,0,1,0
11.343225000,1,1,1,0
11.343329000,1,0,1,0
11.343641000,1,1,1,0
11.343745000,1,0,1,0
11.344265000,1,1,1,0
11.344369000,1,0,1,0
11.345305000,1,1,1,0
11.345409000,1,0,1,0
11.346345000,1,1,1,0
11.346449000,1,0,1,0
11.346553000,1,1,1,0
11.346657000,1,0,1,0
11.347386000,1,1,1,0
11.358189000,0,1,1,0
11.358293000,1,1,1,0
11.358397000,0,1,1,0
11.358502000,1,1,1,0
11.358606000,0,1,1,0
11.358710000,1,1,1,0
11.358814000,0,1,1,0
11.358918000,1,1,1,0
11.359022000,0,1,1,0
11.359127000,1,1,1,0
11.359231000,0,1,1,0
11.359439000,1,1,1,0
11.359543000,0,1,1,0
11.359648000,1,1,1,0
11.359752000,0,1,1,0
11.359856000,1,1,1,0
11.359960000,0,1,1,0
11.360064000,1,1,1,0
11.360273000,0,1,1,0
11.360377000,1,1,1,0
11.360481000,0,1,1,0
11.361210000,1,1,1,0
11.361314000,0,1,1,0
11.361419000,1,1,1,0
11.361523000,0,1,1,0
11.362252000,1,1,1,0
11.362356000,0,1,1,0
11.362669000,1,1,1,0
11.362773000,0,1,1,0
11.362981000,1,1,1,0
11.363085000,0,1,1,0
11.363294000,1,1,1,0
11.363544000,1,0,1,0
11.363648000,1,1,1,0
11.363752000,1,0,1,0
11.363856000,1,1,1,0
11.363960000,1,0,1,0
11.364064000,1,1,1,0
11.364168000,1,0,1,0
11.364272000,1,1,1,0
11.364376000,1,0,1,0
11.364480000,1,1,1,0
11.364584000,1,0,1,0
11.364792000,1,1,1,0
11.364896000,1,0,1,0
11.365000000,1,1,1,0
11.365104000,1,0,1,0
11.365208000,1,1,1,0
11.365312000,1,0,1,0
11.365417000,1,1,1,0
11.365624000,1,0,1,0
11.365729000,1,1,1,0
11.365833000,1,0,1,0
11.366561000,1,1,1,0
11.366665000,1,0,1,0
11.366769000,1,1,1,0
11.366873000,1,0,1,0
11.366977000,1,1,1,0
11.367081000,1,0,1,0
11.367601000,1,1,1,0
11.367705000,1,0,1,0
11.368017000,1,1,1,0
11.368121000,1,0,1,0
11.368329000,1,1,1,0
11.368433000,1,0,1,0
11.368641000,1,1,1,0
11.368745000,1,0,1,0
11.369057000,1,1,1,0
11.369161000,1,0,1,0
11.369681000,1,1,1,0
11.369785000,1,0,1,0
11.370722000,1,1,1,0
11.370825000,1,0,1,0
11.371762000,1,1,1,0
11.371866000,1,0,1,0
11.372802000,1,1,1,0
11.564576000,0,1,1,0
11.564680000,1,1,1,0
11.564784000,0,1,1,0
11.564889000,1,1,1,0
11.564993000,0,1,1,0
11.565097000,1,1,1,0
11.565201000,0,1,1,0
11.565305000,1,1,1,0
11.565409000,0,1,1,0
11.565514000,1,1,1,0
11.565618000,0,1,1,0
11.565826000,1,1,1,0
11.565930000,0,1,1,0
11.566035000,1,1,1,0
11.566139000,0,1,1,0
11.566243000,1,1,1,0
11.566347000,0,1,1,0
11.566451000,1,1,1,0
11.566659000,0,1,1,0
11.566764000,1,1,1,0
11.566868000,0,1,1,0
11.567597000,1,1,1,0
11.567701000,0,1,1,0
11.567806000,1,1,1,0
11.567910000,0,1,1,0
11.568639000,1,1,1,0
11.568743000,0,1,1,0
11.569056000,1,1,1,0
11.569160000,0,1,1,0
11.569681000,1,1,1,0
11.569784000,1,0,1,0
11.569888000,1,1,1,0
11.569992000,1,0,1,0
11.570096000,1,1,1,0
11.570200000,1,0,1,0
11.570304000,1,1,1,0
11.570408000,1,0,1,0
11.570512000,1,1,1,0
11.570616000,1,0,1,0
11.570720000,1,1,1,0
11.570824000,1,0,1,0
11.571032000,1,1,1,0
11.571136000,1,0,1,0
11.571240000,1,1,1,0
11.571344000,1,0,1,0
11.571448000,1,1,1,0
11.571552000,1,0,1,0
11.571656000,1,1,1,0
11.571864000,1,0,1,0
11.571968000,1,1,1,0
11.572072000,1,0,1,0
11.572801000,1,1,1,0
11.572904000,1,0,1,0
11.573009000,1,1,1,0
11.573112000,1,0,1,0
11.573217000,1,1,1,0
11.573321000,1,0,1,0
11.573841000,1,1,1,0
11.573945000,1,0,1,0
11.574257000,1,1,1,0
11.574361000,1,0,1,0
11.574881000,1,1,1,0
11.574985000,1,0,1,0
11.575297000,1,1,1,0
11.575401000,1,0,1,0
11.575921000,1,1,1,0
11.576025000,1,0,1,0
11.576961000,1,1,1,0
11.577065000,1,0,1,0
11.578002000,1,1,1,0
11.578106000,1,0,1,0
11.578210000,1,1,1,0
11.578314000,1,0,1,0
11.579042000,1,1,1,0
11.589997000,0,1,1,0
11.590101000,1,1,1,0
11.590205000,0,1,1,0
11.590309000,1,1,1,0
11.590413000,0,1,1,0
11.590518000,1,1,1,0
11.590622000,0,1,1,0
11.590726000,1,1,1,0
11.590830000,0,1,1,0
11.590934000,1,1,1,0
11.591038000,0,1,1,0
11.591247000,1,1,1,0
11.591351000,0,1,1,0
11.591455000,1,1,1,0
11.591559000,0,1,1,0
11.591664000,1,1,1,0
11.591768000,0,1,1,0
11.591872000,1,1,1,0
11.592080000,0,1,1,0
11.592185000,1,1,1,0
11.592289000,0,1,1,0
11.593018000,1,1,1,0
11.593122000,0,1,1,0
11.593226000,1,1,1,0
11.593330000,0,1,1,0
11.594060000,1,1,1,0
11.594164000,0,1,1,0
11.594477000,1,1,1,0
11.594581000,0,1,1,0
11.594789000,1,1,1,0
11.594893000,0,1,1,0
11.595102000,1,1,1,0
11.595197000,1,0,1,0
11.595301000,1,1,1,0
11.595405000,1,0,1,0
11.595509000,1,1,1,0
11.595613000,1,0,1,0
11.595717000,1,1,1,0
11.595821000,1,0,1,0
11.595925000,1,1,1,0
11.596029000,1,0,1,0
11.596133000,1,1,1,0
11.596237000,1,0,1,0
11.596445000,1,1,1,0
11.596549000,1,0,1,0
11.596654000,1,1,1,0
11.596757000,1,0,1,0
11.596862000,1,1,1,0
11.596966000,1,0,1,0
11.597070000,1,1,1,0
11.597278000,1,0,1,0
11.597382000,1,1,1,0
11.597486000,1,0,1,0
11.598214000,1,1,1,0
11.598318000,1,0,1,0
11.598422000,1,1,1,0
11.598526000,1,0,1,0
11.598630000,1,1,1,0
11.598734000,1,0,1,0
11.599254000,1,1,1,0
11.599358000,1,0,1,0
11.599670000,1,1,1,0
11.599774000,1,0,1,0
11.599982000,1,1,1,0
11.600086000,1,0,1,0
11.600294000,1,1,1,0
11.600398000,1,0,1,0
11.600710000,1,1,1,0
11.600814000,1,0,1,0
11.601334000,1,1,1,0
11.601438000,1,0,1,0
11.602375000,1,1,1,0
11.602479000,1,0,1,0
11.603415000,1,1,1,0
11.603519000,1,0,1,0
11.604455000,1,1,1,0
11.796384000,0,1,1,0
11.796488000,1,1,1,0
11.796592000,0,1,1,0
11.796696000,1,1,1,0
11.796800000,0,1,1,0
11.796905000,1,1,1,0
11.797009000,0,1,1,0
11.797113000,1,1,1,0
11.797217000,0,1,1,0
11.797321000,1,1,1,0
11.797425000,0,1,1,0
11.797634000,1,1,1,0
11.797738000,0,1,1,0
11.797842000,1,1,1,0
11.797946000,0,1,1,0
11.798051000,1,1,1,0
11.798155000,0,1,1,0
11.798259000,1,1,1,0
11.798467000,0,1,1,0
11.798572000,1,1,1,0
11.798676000,0,1,1,0
11.799405000,1,1,1,0
11.799509000,0,1,1,0
11.799613000,1,1,1,0
11.799717000,0,1,1,0
11.800447000,1,1,1,0
11.800551000,0,1,1,0
11.800864000,1,1,1,0
11.800968000,0,1,1,0
11.801489000,1,1,1,0
11.801648000,1,0,1,0
11.801752000,1,1,1,0
11.801856000,1,0,1,0
11.801960000,1,1,1,0
11.802064000,1,0,1,0
11.802168000,1,1,1,0
11.802272000,1,0,1,0
11.802376000,1,1,1,0
11.802480000,1,0,1,0
11.802584000,1,1,1,0
11.802688000,1,0,1,0
11.802896000,1,1,1,0
11.803000000,1,0,1,0
11.803105000,1,1,1,0
11.803208000,1,0,1,0
11.803313000,1,1,1,0
11.803416000,1,0,1,0
11.803521000,1,1,1,0
11.803729000,1,0,1,0
11.803833000,1,1,1,0
11.803937000,1,0,1,0
11.804665000,1,1,1,0
11.804769000,1,0,1,0
11.804873000,1,1,1,0
11.804977000,1,0,1,0
11.805081000,1,1,1,0
11.805185000,1,0,1,0
11.805705000,1,1,1,0
11.805809000,1,0,1,0
11.806121000,1,1,1,0
11.806225000,1,0,1,0
11.806745000,1,1,1,0
11.806849000,1,0,1,0
11.807161000,1,1,1,0
11.807265000,1,0,1,0
11.807785000,1,1,1,0
11.807889000,1,0,1,0
11.808826000,1,1,1,0
11.808930000,1,0,1,0
11.809866000,1,1,1,0
11.809970000,1,0,1,0
11.810074000,1,1,1,0
11.810178000,1,0,1,0
11.810906000,1,1,1,0
11.821804000,0,1,1,0
11.821909000,1,1,1,0
11.822013000,0,1,1,0
11.822117000,1,1,1,0
11.822221000,0,1,1,0
11.822325000,1,1,1,0
11.822429000,0,1,1,0
11.822534000,1,1,1,0
11.822638000,0,1,1,0
11.822742000,1,1,1,0
11.822846000,0,1,1,0
11.823055000,1,1,1,0
11.823159000,0,1,1,0
11.823263000,1,1,1,0
11.823367000,0,1,1,0
11.823471000,1,1,1,0
11.823575000,0,1,1,0
11.823680000,1,1,1,0
11.823888000,0,1,1,0
11.823992000,1,1,1,0
11.824096000,0,1,1,0
11.824826000,1,1,1,0
11.824930000,0,1,1,0
11.825034000,1,1,1,0
11.825138000,0,1,1,0
11.825868000,1,1,1,0
11.825972000,0,1,1,0
11.826284000,1,1,1,0
11.826388000,0,1,1,0
11.826597000,1,1,1,0
11.826701000,0,1,1,0
11.826909000,1,1,1,0
11.827058000,1,0,1,0
11.827162000,1,1,1,0
11.827266000,1,0,1,0
11.827370000,1,1,1,0
11.827474000,1,0,1,0
11.827578000,1,1,1,0
11.827682000,1,0,1,0
11.827787000,1,1,1,0
11.827890000,1,0,1,0
11.827995000,1,1,1,0
11.828099000,1,0,1,0
11.828307000,1,1,1,0
11.828411000,1,0,1,0
11.828515000,1,1,1,0
11.828619000,1,0,1,0
11.828723000,1,1,1,0
11.828827000,1,0,1,0
11.828931000,1,1,1,0
11.829139000,1,0,1,0
11.829243000,1,1,1,0
11.829347000,1,0,1,0
11.830075000,1,1,1,0
11.830179000,1,0,1,0
11.830283000,1,1,1,0
11.830387000,1,0,1,0
11.830491000,1,1,1,0
11.830595000,1,0,1,0
11.831115000,1,1,1,0
11.831219000,1,0,1,0
11.831531000,1,1,1,0
11.831635000,1,0,1,0
11.831843000,1,1,1,0
11.831947000,1,0,1,0
11.832155000,1,1,1,0
11.832259000,1,0,1,0
11.832571000,1,1,1,0
11.832675000,1,0,1,0
11.833196000,1,1,1,0
11.833300000,1,0,1,0
11.834236000,1,1,1,0
11.834340000,1,0,1,0
11.835276000,1,1,1,0
11.835380000,1,0,1,0
11.836316000,1,1,1,0
12.028191000,0,1,1,0
12.028296000,1,1,1,0
12.028400000,0,1,1,0
12.028504000,1,1,1,0
12.028608000,0,1,1,0
12.028712000,1,1,1,0
12.028816000,0,1,1,0
12.028921000,1,1,1,0
12.029025000,0,1,1,0
12.029129000,1,1,1,0
12.029233000,0,1,1,0
12.029442000,1,1,1,0
12.029546000,0,1,1,0
12.029650000,1,1,1,0
12.029754000,0,1,1,0
12.029858000,1,1,1,0
12.029962000,0,1,1,0
12.030067000,1,1,1,0
12.030275000,0,1,1,0
12.030379000,1,1,1,0
12.030483000,0,1,1,0
12.031213000,1,1,1,0
12.031317000,0,1,1,0
12.031421000,1,1,1,0
12.031525000,0,1,1,0
12.032255000,1,1,1,0
12.032359000,0,1,1,0
12.032671000,1,1,1,0
12.032775000,0,1,1,0
12.033296000,1,1,1,0
12.033512000,1,0,1,0
12.033617000,1,1,1,0
12.033720000,1,0,1,0
12.033825000,1,1,1,0
12.033929000,1,0,1,0
12.034033000,1,1,1,0
12.034137000,1,0,1,0
12.034241000,1,1,1,0
12.034345000,1,0,1,0
12.034449000,1,1,1,0
12.034553000,1,0,1,0
12.034761000,1,1,1,0
12.034865000,1,0,1,0
12.034969000,1,1,1,0
12.035073000,1,0,1,0
12.035177000,1,1,1,0
12.035281000,1,0,1,0
12.035385000,1,1,1,0
12.035593000,1,0,1,0
12.035697000,1,1,1,0
12.035801000,1,0,1,0
12.036529000,1,1,1,0
12.036633000,1,0,1,0
12.036737000,1,1,1,0
12.036841000,1,0,1,0
12.036945000,1,1,1,0
12.037049000,1,0,1,0
12.037569000,1,1,1,0
12.037673000,1,0,1,0
12.037985000,1,1,1,0
12.038089000,1,0,1,0
12.038610000,1,1,1,0
12.038714000,1,0,1,0
12.039026000,1,1,1,0
12.039130000,1,0,1,0
12.039650000,1,1,1,0
12.039754000,1,0,1,0
12.040690000,1,1,1,0
12.040794000,1,0,1,0
12.041730000,1,1,1,0
12.041834000,1,0,1,0
12.041938000,1,1,1,0
12.042042000,1,0,1,0
12.042770000,1,1,1,0
12.053612000,0,1,1,0
12.053716000,1,1,1,0
12.053820000,0,1,1,0
12.053925000,1,1,1,0
12.054029000,0,1,1,0
12.054133000,1,1,1,0
12.054237000,0,1,1,0
12.054341000,1,1,1,0
12.054445000,0,1,1,0
12.054550000,1,1,1,0
12.054654000,0,1,1,0
12.054862000,1,1,1,0
12.054966000,0,1,1,0
12.055071000,1,1,1,0
12.055175000,0,1,1,0
12.055279000,1,1,1,0
12.055383000,0,1,1,0
12.055487000,1,1,1,0
12.055696000,0,1,1,0
12.055800000,1,1,1,0
12.055904000,0,1,1,0
12.056633000,1,1,1,0
12.056737000,0,1,1,0
12.056842000,1,1,1,0
12.056946000,0,1,1,0
12.057675000,1,1,1,0
12.057779000,0,1,1,0
12.058092000,1,1,1,0
12.058196000,0,1,1,0
12.058405000,1,1,1,0
12.058509000,0,1,1,0
12.058717000,1,1,1,0
12.058919000,1,0,1,0
12.059024000,1,1,1,0
12.059128000,1,0,1,0
12.059232000,1,1,1,0
12.059336000,1,0,1,0
12.059440000,1,1,1,0
12.059544000,1,0,1,0
12.059648000,1,1,1,0
12.059752000,1,0,1,0
12.059856000,1,1,1,0
12.059960000,1,0,1,0
12.060168000,1,1,1,0
12.060272000,1,0,1,0
12.060376000,1,1,1,0
12.060480000,1,0,1,0
12.060584000,1,1,1,0
12.060688000,1,0,1,0
12.060792000,1,1,1,0
12.061000000,1,0,1,0
12.061104000,1,1,1,0
12.061208000,1,0,1,0
12.061936000,1,1,1,0
12.062040000,1,0,1,0
12.062144000,1,1,1,0
12.062248000,1,0,1,0
12.062352000,1,1,1,0
12.062456000,1,0,1,0
12.062976000,1,1,1,0
12.063080000,1,0,1,0
12.063392000,1,1,1,0
12.063496000,1,0,1,0
12.063704000,1,1,1,0
12.063808000,1,0,1,0
12.064017000,1,1,1,0
12.064120000,1,0,1,0
12.064433000,1,1,1,0
12.064537000,1,0,1,0
12.065057000,1,1,1,0
12.065161000,1,0,1,0
12.066097000,1,1,1,0
12.066201000,1,0,1,0
12.067137000,1,1,1,0
12.067241000,1,0,1,0
12.068177000,1,1,1,0
12.259999000,0,1,1,0
12.260103000,1,1,1,0
12.260207000,0,1,1,0
12.260312000,1,1,1,0
12.260416000,0,1,1,0
12.260520000,1,1,1,0
12.260624000,0,1,1,0
12.260728000,1,1,1,0
12.260832000,0,1,1,0
12.260937000,1,1,1,0
12.261041000,0,1,1,0
12.261249000,1,1,1,0
12.261353000,0,1,1,0
12.261458000,1,1,1,0
12.261562000,0,1,1,0
12.261666000,1,1,1,0
12.261770000,0,1,1,0
12.261874000,1,1,1,0
12.262083000,0,1,1,0
12.262187000,1,1,1,0
12.262291000,0,1,1,0
12.263020000,1,1,1,0
12.263124000,0,1,1,0
12.263229000,1,1,1,0
12.263333000,0,1,1,0
12.264062000,1,1,1,0
12.264166000,0,1,1,0
12.264479000,1,1,1,0
12.264583000,0,1,1,0
12.265104000,1,1,1,0
12.265273000,1,0,1,0
12.265377000,1,1,1,0
12.265481000,1,0,1,0
12.265585000,1,1,1,0
12.265689000,1,0,1,0
12.265793000,1,1,1,0
12.265897000,1,0,1,0
12.266001000,1,1,1,0
12.266105000,1,0,1,0
12.266209000,1,1,1,0
12.266313000,1,0,1,0
12.266521000,1,1,1,0
12.266625000,1,0,1,0
12.266729000,1,1,1,0
12.266833000,1,0,1,0
12.266937000,1,1,1,0
12.267041000,1,0,1,0
12.267145000,1,1,1,0
12.267353000,1,0,1,0
12.267457000,1,1,1,0
12.267561000,1,0,1,0
12.268289000,1,1,1,0
12.268393000,1,0,1,0
12.268497000,1,1,1,0
12.268601000,1,0,1,0
12.268706000,1,1,1,0
12.268809000,1,0,1,0
12.269330000,1,1,1,0
12.269434000,1,0,1,0
12.269746000,1,1,1,0
12.269850000,1,0,1,0
12.270370000,1,1,1,0
12.270474000,1,0,1,0
12.270786000,1,1,1,0
12.270890000,1,0,1,0
12.271410000,1,1,1,0
12.271514000,1,0,1,0
12.272450000,1,1,1,0
12.272554000,1,0,1,0
12.273491000,1,1,1,0
12.273594000,1,0,1,0
12.273699000,1,1,1,0
12.273803000,1,0,1,0
12.274531000,1,1,1,0
12.285420000,0,1,1,0
12.285524000,1,1,1,0
12.285628000,0,1,1,0
12.285732000,1,1,1,0
12.285836000,0,1,1,0
12.285941000,1,1,1,0
12.286045000,0,1,1,0
12.286149000,1,1,1,0
12.286253000,0,1,1,0
12.286357000,1,1,1,0
12.286461000,0,1,1,0
12.286670000,1,1,1,0
12.286774000,0,1,1,0
12.286878000,1,1,1,0
12.286982000,0,1,1,0
12.287087000,1,1,1,0
12.287191000,0,1,1,0
12.287295000,1,1,1,0
12.287503000,0,1,1,0
12.287608000,1,1,1,0
12.287712000,0,1,1,0
12.288441000,1,1,1,0
12.288545000,0,1,1,0
12.288649000,1,1,1,0
12.288753000,0,1,1,0
12.289483000,1,1,1,0
12.289587000,0,1,1,0
12.289900000,1,1,1,0
12.290004000,0,1,1,0
12.290212000,1,1,1,0
12.290316000,0,1,1,0
12.290525000,1,1,1,0
12.290677000,1,0,1,0
12.290781000,1,1,1,0
12.290885000,1,0,1,0
12.290989000,1,1,1,0
12.291093000,1,0,1,0
12.291197000,1,1,1,0
12.291301000,1,0,1,0
12.291405000,1,1,1,0
12.291509000,1,0,1,0
12.291613000,1,1,1,0
12.291717000,1,0,1,0
12.291925000,1,1,1,0
12.292029000,1,0,1,0
12.292133000,1,1,1,0
12.292237000,1,0,1,0
12.292341000,1,1,1,0
12.292445000,1,0,1,0
12.292549000,1,1,1,0
12.292757000,1,0,1,0
12.292861000,1,1,1,0
12.292965000,1,0,1,0
12.293693000,1,1,1,0
12.293797000,1,0,1,0
12.293901000,1,1,1,0
12.294005000,1,0,1,0
12.294109000,1,1,1,0
12.294213000,1,0,1,0
12.294733000,1,1,1,0
12.294837000,1,0,1,0
12.295150000,1,1,1,0
12.295253000,1,0,1,0
12.295462000,1,1,1,0
12.295566000,1,0,1,0
12.295774000,1,1,1,0
12.295878000,1,0,1,0
12.296190000,1,1,1,0
12.296294000,1,0,1,0
12.296814000,1,1,1,0
12.296918000,1,0,1,0
12.297854000,1,1,1,0
12.297958000,1,0,1,0
12.298894000,1,1,1,0
12.298998000,1,0,1,0
12.299934000,1,1,1,0
12.506080000,0,1,1,0
12.506184000,1,1,1,0
12.506288000,0,1,1,0
12.506392000,1,1,1,0
12.506496000,0,1,1,0
12.506601000,1,1,1,0
12.506705000,0,1,1,0
12.506809000,1,1,1,0
12.506913000,0,1,1,0
12.507018000,1,1,1,0
12.507122000,0,1,1,0
12.507330000,1,1,1,0
12.507434000,0,1,1,0
12.507538000,1,1,1,0
12.507642000,0,1,1,0
12.507747000,1,1,1,0
12.507851000,0,1,1,0
12.507955000,1,1,1,0
12.508163000,0,1,1,0
12.508268000,1,1,1,0
12.508372000,0,1,1,0
12.509101000,1,1,1,0
12.509205000,0,1,1,0
12.509310000,1,1,1,0
12.509414000,0,1,1,0
12.510143000,1,1,1,0
12.510247000,0,1,1,0
12.510560000,1,1,1,0
12.510664000,0,1,1,0
12.511185000,1,1,1,0
12.511284000,1,0,1,0
12.511388000,1,1,1,0
12.511492000,1,0,1,0
12.511596000,1,1,1,0
12.511700000,1,0,1,0
12.511804000,1,1,1,0
12.511908000,1,0,1,0
12.512012000,1,1,1,0
12.512116000,1,0,1,0
12.512220000,1,1,1,0
12.512324000,1,0,1,0
12.512532000,1,1,1,0
12.512636000,1,0,1,0
12.512740000,1,1,1,0
12.512844000,1,0,1,0
12.512948000,1,1,1,0
12.513052000,1,0,1,0
12.513156000,1,1,1,0
12.513364000,1,0,1,0
12.513469000,1,1,1,0
12.513573000,1,0,1,0
12.514301000,1,1,1,0
12.514405000,1,0,1,0
12.514509000,1,1,1,0
12.514613000,1,0,1,0
12.514717000,1,1,1,0
12.514821000,1,0,1,0
12.515341000,1,1,1,0
12.515445000,1,0,1,0
12.515757000,1,1,1,0
12.515861000,1,0,1,0
12.516381000,1,1,1,0
12.516485000,1,0,1,0
12.516797000,1,1,1,0
12.516901000,1,0,1,0
12.517421000,1,1,1,0
12.517525000,1,0,1,0
12.518462000,1,1,1,0
12.518566000,1,0,1,0
12.519502000,1,1,1,0
12.519606000,1,0,1,0
12.519710000,1,1,1,0
12.519814000,1,0,1,0
12.520542000,1,1,1,0
12.531500000,0,1,1,0
12.531605000,1,1,1,0
12.531709000,0,1,1,0
12.531813000,1,1,1,0
12.531917000,0,1,1,0
12.532021000,1,1,1,0
12.532125000,0,1,1,0
12.532230000,1,1,1,0
12.532334000,0,1,1,0
12.532438000,1,1,1,0
12.532542000,0,1,1,0
12.532751000,1,1,1,0
12.532855000,0,1,1,0
12.532959000,1,1,1,0
12.533063000,0,1,1,0
12.533167000,1,1,1,0
12.533272000,0,1,1,0
12.533376000,1,1,1,0
12.533584000,0,1,1,0
12.533688000,1,1,1,0
12.533792000,0,1,1,0
12.534522000,1,1,1,0
12.534626000,0,1,1,0
12.534730000,1,1,1,0
12.534834000,0,1,1,0
12.535564000,1,1,1,0
12.535668000,0,1,1,0
12.535980000,1,1,1,0
12.536084000,0,1,1,0
12.536293000,1,1,1,0
12.536397000,0,1,1,0
12.536606000,1,1,1,0
12.536684000,1,0,1,0
12.536789000,1,1,1,0
12.536893000,1,0,1,0
12.536997000,1,1,1,0
12.537101000,1,0,1,0
12.537205000,1,1,1,0
12.537309000,1,0,1,0
12.537413000,1,1,1,0
12.537517000,1,0,1,0
12.537621000,1,1,1,0
12.537725000,1,0,1,0
12.537933000,1,1,1,0
12.538037000,1,0,1,0
12.538141000,1,1,1,0
12.538245000,1,0,1,0
12.538349000,1,1,1,0
12.538453000,1,0,1,0
12.538557000,1,1,1,0
12.538765000,1,0,1,0
12.538869000,1,1,1,0
12.538973000,1,0,1,0
12.539701000,1,1,1,0
12.539805000,1,0,1,0
12.539909000,1,1,1,0
12.540013000,1,0,1,0
12.540117000,1,1,1,0
12.540221000,1,0,1,0
12.540741000,1,1,1,0
12.540845000,1,0,1,0
12.541157000,1,1,1,0
12.541261000,1,0,1,0
12.541469000,1,1,1,0
12.541573000,1,0,1,0
12.541782000,1,1,1,0
12.541885000,1,0,1,0
12.542198000,1,1,1,0
12.542302000,1,0,1,0
12.542822000,1,1,1,0
12.542926000,1,0,1,0
12.543862000,1,1,1,0
12.543966000,1,0,1,0
12.544902000,1,1,1,0
12.545006000,1,0,1,0
12.545942000,1,1,1,0
12.737887000,0,1,1,0
12.737992000,1,1,1,0
12.738096000,0,1,1,0
12.738200000,1,1,1,0
12.738304000,0,1,1,0
12.738408000,1,1,1,0
12.738512000,0,1,1,0
12.738617000,1,1,1,0
12.738721000,0,1,1,0
12.738825000,1,1,1,0
12.738929000,0,1,1,0
12.739138000,1,1,1,0
12.739242000,0,1,1,0
12.739346000,1,1,1,0
12.739450000,0,1,1,0
12.739554000,1,1,1,0
12.739658000,0,1,1,0
12.739763000,1,1,1,0
12.739971000,0,1,1,0
12.740075000,1,1,1,0
12.740179000,0,1,1,0
12.740909000,1,1,1,0
12.741013000,0,1,1,0
12.741117000,1,1,1,0
12.741221000,0,1,1,0
12.741951000,1,1,1,0
12.742055000,0,1,1,0
12.742367000,1,1,1,0
12.742471000,0,1,1,0
12.742993000,1,1,1,0
12.743148000,1,0,1,0
12.743252000,1,1,1,0
12.743356000,1,0,1,0
12.743460000,1,1,1,0
12.743564000,1,0,1,0
12.743669000,1,1,1,0
12.743772000,1,0,1,0
12.743877000,1,1,1,0
12.743981000,1,0,1,0
12.744085000,1,1,1,0
12.744189000,1,0,1,0
12.744397000,1,1,1,0
12.744501000,1,0,1,0
12.744605000,1,1,1,0
12.744709000,1,0,1,0
12.744813000,1,1,1,0
12.744917000,1,0,1,0
12.745021000,1,1,1,0
12.745229000,1,0,1,0
12.745333000,1,1,1,0
12.745437000,1,0,1,0
12.746165000,1,1,1,0
12.746269000,1,0,1,0
12.746373000,1,1,1,0
12.746477000,1,0,1,0
12.746581000,1,1,1,0
12.746685000,1,0,1,0
12.747205000,1,1,1,0
12.747309000,1,0,1,0
12.747621000,1,1,1,0
12.747725000,1,0,1,0
12.748245000,1,1,1,0
12.748349000,1,0,1,0
12.748662000,1,1,1,0
12.748766000,1,0,1,0
12.749286000,1,1,1,0
12.749390000,1,0,1,0
12.750326000,1,1,1,0
12.750430000,1,0,1,0
12.751366000,1,1,1,0
12.751470000,1,0,1,0
12.751574000,1,1,1,0
12.751678000,1,0,1,0
12.752406000,1,1,1,0
12.763308000,0,1,1,0
12.763412000,1,1,1,0
12.763516000,0,1,1,0
12.763621000,1,1,1,0
12.763725000,0,1,1,0
12.763829000,1,1,1,0
12.763933000,0,1,1,0
12.764038000,1,1,1,0
12.764142000,0,1,1,0
12.764246000,1,1,1,0
12.764350000,0,1,1,0
12.764558000,1,1,1,0
12.764662000,0,1,1,0
12.764767000,1,1,1,0
12.764871000,0,1,1,0
12.764975000,1,1,1,0
12.765079000,0,1,1,0
12.765184000,1,1,1,0
12.765392000,0,1,1,0
12.765496000,1,1,1,0
12.765600000,0,1,1,0
12.766330000,1,1,1,0
12.766434000,0,1,1,0
12.766538000,1,1,1,0
12.766642000,0,1,1,0
12.767371000,1,1,1,0
12.767475000,0,1,1,0
12.767788000,1,1,1,0
12.767892000,0,1,1,0
12.768101000,1,1,1,0
12.768205000,0,1,1,0
12.768413000,1,1,1,0
12.768546000,1,0,1,0
12.768650000,1,1,1,0
12.768754000,1,0,1,0
12.768858000,1,1,1,0
12.768962000,1,0,1,0
12.769066000,1,1,1,0
12.769170000,1,0,1,0
12.769274000,1,1,1,0
12.769378000,1,0,1,0
12.769482000,1,1,1,0
12.769586000,1,0,1,0
12.769794000,1,1,1,0
12.769898000,1,0,1,0
12.770002000,1,1,1,0
12.770106000,1,0,1,0
12.770210000,1,1,1,0
12.770314000,1,0,1,0
12.770418000,1,1,1,0
12.770626000,1,0,1,0
12.770730000,1,1,1,0
12.770834000,1,0,1,0
12.771562000,1,1,1,0
12.771666000,1,0,1,0
12.771770000,1,1,1,0
12.771874000,1,0,1,0
12.771978000,1,1,1,0
12.772082000,1,0,1,0
12.772602000,1,1,1,0
12.772706000,1,0,1,0
12.773019000,1,1,1,0
12.773123000,1,0,1,0
12.773331000,1,1,1,0
12.773435000,1,0,1,0
12.773643000,1,1,1,0
12.773747000,1,0,1,0
12.774059000,1,1,1,0
12.774163000,1,0,1,0
12.774683000,1,1,1,0
12.774787000,1,0,1,0
12.775723000,1,1,1,0
12.775827000,1,0,1,0
12.776763000,1,1,1,0
12.776867000,1,0,1,0
12.777804000,1,1,1,0
12.969695000,0,1,1,0
12.969799000,1,1,1,0
12.969903000,0,1,1,0
12.970008000,1,1,1,0
12.970112000,0,1,1,0
12.970216000,1,1,1,0
12.970320000,0,1,1,0
12.970425000,1,1,1,0
12.970529000,0,1,1,0
12.970633000,1,1,1,0
12.970737000,0,1,1,0
12.970945000,1,1,1,0
12.971049000,0,1,1,0
12.971154000,1,1,1,0
12.971258000,0,1,1,0
12.971362000,1,1,1,0
12.971466000,0,1,1,0
12.971571000,1,1,1,0
12.971779000,0,1,1,0
12.971883000,1,1,1,0
12.971987000,0,1,1,0
12.972717000,1,1,1,0
12.972821000,0,1,1,0
12.972925000,1,1,1,0
12.973029000,0,1,1,0
12.973758000,1,1,1,0
12.973862000,0,1,1,0
12.974175000,1,1,1,0
12.974279000,0,1,1,0
12.974800000,1,1,1,0
12.974909000,1,0,1,0
12.975013000,1,1,1,0
12.975117000,1,0,1,0
12.975221000,1,1,1,0
12.975325000,1,0,1,0
12.975429000,1,1,1,0
12.975533000,1,0,1,0
12.975637000,1,1,1,0
12.975741000,1,0,1,0
12.975845000,1,1,1,0
12.975949000,1,0,1,0
12.976157000,1,1,1,0
12.976261000,1,0,1,0
12.976365000,1,1,1,0
12.976469000,1,0,1,0
12.976573000,1,1,1,0
12.976677000,1,0,1,0
12.976781000,1,1,1,0
12.976989000,1,0,1,0
12.977093000,1,1,1,0
12.977197000,1,0,1,0
12.977925000,1,1,1,0
12.978029000,1,0,1,0
12.978133000,1,1,1,0
12.978237000,1,0,1,0
12.978341000,1,1,1,0
12.978445000,1,0,1,0
12.978966000,1,1,1,0
12.979070000,1,0,1,0
12.979382000,1,1,1,0
12.979486000,1,0,1,0
12.980006000,1,1,1,0
12.980110000,1,0,1,0
12.980422000,1,1,1,0
12.980526000,1,0,1,0
12.981046000,1,1,1,0
12.981150000,1,0,1,0
12.982086000,1,1,1,0
12.982190000,1,0,1,0
12.983126000,1,1,1,0
12.983230000,1,0,1,0
12.983334000,1,1,1,0
12.983438000,1,0,1,0
12.984167000,1,1,1,0
12.995116000,0,1,1,0
12.995220000,1,1,1,0
12.995324000,0,1,1,0
12.995428000,1,1,1,0
12.995533000,0,1,1,0
12.995637000,1,1,1,0
12.995741000,0,1,1,0
12.995845000,1,1,1,0
12.995949000,0,1,1,0
12.996054000,1,1,1,0
12.996158000,0,1,1,0
12.996366000,1,1,1,0
12.996470000,0,1,1,0
12.996575000,1,1,1,0
12.996679000,0,1,1,0
12.996783000,1,1,1,0
12.996887000,0,1,1,0
12.996991000,1,1,1,0
12.997199000,0,1,1,0
12.997304000,1,1,1,0
12.997408000,0,1,1,0
12.998137000,1,1,1,0
12.998241000,0,1,1,0
12.998346000,1,1,1,0
12.998450000,0,1,1,0
12.999179000,1,1,1,0
12.999283000,0,1,1,0
12.999596000,1,1,1,0
12.999700000,0,1,1,0
12.999908000,1,1,1,0
13.000012000,0,1,1,0
13.000221000,1,1,1,0
13.000303000,1,0,1,0
13.000407000,1,1,1,0
13.000511000,1,0,1,0
13.000615000,1,1,1,0
13.000719000,1,0,1,0
13.000823000,1,1,1,0
13.000927000,1,0,1,0
13.001031000,1,1,1,0
13.001135000,1,0,1,0
13.001239000,1,1,1,0
13.001343000,1,0,1,0
13.001551000,1,1,1,0
13.001655000,1,0,1,0
13.001759000,1,1,1,0
13.001863000,1,0,1,0
13.001967000,1,1,1,0
13.002071000,1,0,1,0
13.002175000,1,1,1,0
13.002383000,1,0,1,0
13.002487000,1,1,1,0
13.002591000,1,0,1,0
13.003319000,1,1,1,0
13.003423000,1,0,1,0
13.003527000,1,1,1,0
13.003631000,1,0,1,0
13.003735000,1,1,1,0
13.003839000,1,0,1,0
13.004360000,1,1,1,0
13.004464000,1,0,1,0
13.004776000,1,1,1,0
13.004880000,1,0,1,0
13.005088000,1,1,1,0
13.005192000,1,0,1,0
13.005400000,1,1,1,0
13.005504000,1,0,1,0
13.005816000,1,1,1,0
13.005920000,1,0,1,0
13.006440000,1,1,1,0
13.006544000,1,0,1,0
13.007480000,1,1,1,0
13.007584000,1,0,1,0
13.008520000,1,1,1,0
13.008624000,1,0,1,0
13.009561000,1,1,1,0
13.201503000,0,1,1,0
13.201607000,1,1,1,0
13.201711000,0,1,1,0
13.201815000,1,1,1,0
13.201919000,0,1,1,0
13.202024000,1,1,1,0
13.202128000,0,1,1,0
13.202232000,1,1,1,0
13.202336000,0,1,1,0
13.202441000,1,1,1,0
13.202545000,0,1,1,0
13.202753000,1,1,1,0
13.202857000,0,1,1,0
13.202961000,1,1,1,0
13.203066000,0,1,1,0
13.203170000,1,1,1,0
13.203274000,0,1,1,0
13.203378000,1,1,1,0
13.203586000,0,1,1,0
13.203691000,1,1,1,0
13.203795000,0,1,1,0
13.204524000,1,1,1,0
13.204628000,0,1,1,0
13.204733000,1,1,1,0
13.204837000,0,1,1,0
13.205566000,1,1,1,0
13.205670000,0,1,1,0
13.205983000,1,1,1,0
13.206087000,0,1,1,0
13.206608000,1,1,1,0
13.206773000,1,0,1,0
13.206877000,1,1,1,0
13.206981000,1,0,1,0
13.207085000,1,1,1,0
13.207189000,1,0,1,0
13.207293000,1,1,1,0
13.207397000,1,0,1,0
13.207501000,1,1,1,0
13.207605000,1,0,1,0
13.207709000,1,1,1,0
13.207813000,1,0,1,0
13.208021000,1,1,1,0
13.208125000,1,0,1,0
13.208229000,1,1,1,0
13.208333000,1,0,1,0
13.208437000,1,1,1,0
13.208541000,1,0,1,0
13.208645000,1,1,1,0
13.208853000,1,0,1,0
13.208958000,1,1,1,0
13.209061000,1,0,1,0
13.209790000,1,1,1,0
13.209894000,1,0,1,0
13.209998000,1,1,1,0
13.210102000,1,0,1,0
13.210206000,1,1,1,0
13.210310000,1,0,1,0
13.210830000,1,1,1,0
13.210934000,1,0,1,0
13.211246000,1,1,1,0
13.211350000,1,0,1,0
13.211870000,1,1,1,0
13.211974000,1,0,1,0
13.212286000,1,1,1,0
13.212390000,1,0,1,0
13.212910000,1,1,1,0
13.213014000,1,0,1,0
13.213951000,1,1,1,0
13.214054000,1,0,1,0
13.214991000,1,1,1,0
13.215095000,1,0,1,0
13.215199000,1,1,1,0
13.215303000,1,0,1,0
13.216031000,1,1,1,0
13.226923000,0,1,1,0
13.227028000,1,1,1,0
13.227132000,0,1,1,0
13.227236000,1,1,1,0
13.227340000,0,1,1,0
13.227445000,1,1,1,0
13.227549000,0,1,1,0
13.227653000,1,1,1,0
13.227757000,0,1,1,0
13.227861000,1,1,1,0
13.227965000,0,1,1,0
13.228174000,1,1,1,0
13.228278000,0,1,1,0
13.228382000,1,1,1,0
13.228486000,0,1,1,0
13.228591000,1,1,1,0
13.228695000,0,1,1,0
13.228799000,1,1,1,0
13.229007000,0,1,1,0
13.229111000,1,1,1,0
13.229215000,0,1,1,0
13.229945000,1,1,1,0
13.230049000,0,1,1,0
13.230153000,1,1,1,0
13.230257000,0,1,1,0
13.230987000,1,1,1,0
13.231091000,0,1,1,0
13.231404000,1,1,1,0
13.231508000,0,1,1,0
13.231716000,1,1,1,0
13.231820000,0,1,1,0
13.232029000,1,1,1,0
13.232164000,1,0,1,0
13.232268000,1,1,1,0
13.232372000,1,0,1,0
13.232476000,1,1,1,0
13.232580000,1,0,1,0
13.232684000,1,1,1,0
13.232788000,1,0,1,0
13.232892000,1,1,1,0
13.232996000,1,0,1,0
13.233100000,1,1,1,0
13.233204000,1,0,1,0
13.233412000,1,1,1,0
13.233516000,1,0,1,0
13.233620000,1,1,1,0
13.233724000,1,0,1,0
13.233828000,1,1,1,0
13.233932000,1,0,1,0
13.234036000,1,1,1,0
13.234244000,1,0,1,0
13.234348000,1,1,1,0
13.234452000,1,0,1,0
13.235181000,1,1,1,0
13.235285000,1,0,1,0
13.235389000,1,1,1,0
13.235493000,1,0,1,0
13.235597000,1,1,1,0
13.235701000,1,0,1,0
13.236221000,1,1,1,0
13.236325000,1,0,1,0
13.236637000,1,1,1,0
13.236741000,1,0,1,0
13.236949000,1,1,1,0
13.237053000,1,0,1,0
13.237261000,1,1,1,0
13.237365000,1,0,1,0
13.237677000,1,1,1,0
13.237781000,1,0,1,0
13.238301000,1,1,1,0
13.238405000,1,0,1,0
13.239341000,1,1,1,0
13.239445000,1,0,1,0
13.240382000,1,1,1,0
13.240486000,1,0,1,0
13.241422000,1,1,1,0
13.433310000,0,1,1,0
13.433415000,1,1,1,0
13.433519000,0,1,1,0
13.433623000,1,1,1,0
13.433727000,0,1,1,0
13.433832000,1,1,1,0
13.433936000,0,1,1,0
13.434040000,1,1,1,0
13.434144000,0,1,1,0
13.434248000,1,1,1,0
13.434352000,0,1,1,0
13.434561000,1,1,1,0
13.434665000,0,1,1,0
13.434769000,1,1,1,0
13.434873000,0,1,1,0
13.434978000,1,1,1,0
13.435082000,0,1,1,0
13.435186000,1,1,1,0
13.435394000,0,1,1,0
13.435498000,1,1,1,0
13.435602000,0,1,1,0
13.436332000,1,1,1,0
13.436436000,0,1,1,0
13.436540000,1,1,1,0
13.436644000,0,1,1,0
13.437374000,1,1,1,0
13.437478000,0,1,1,0
13.437790000,1,1,1,0
13.437895000,0,1,1,0
13.438416000,1,1,1,0
13.438533000,1,0,1,0
13.438637000,1,1,1,0
13.438741000,1,0,1,0
13.438845000,1,1,1,0
13.438949000,1,0,1,0
13.439053000,1,1,1,0
13.439157000,1,0,1,0
13.439262000,1,1,1,0
13.439365000,1,0,1,0
13.439470000,1,1,1,0
13.439573000,1,0,1,0
13.439782000,1,1,1,0
13.439886000,1,0,1,0
13.439990000,1,1,1,0
13.440094000,1,0,1,0
13.440198000,1,1,1,0
13.440302000,1,0,1,0
13.440406000,1,1,1,0
13.440614000,1,0,1,0
13.440718000,1,1,1,0
13.440822000,1,0,1,0
13.441550000,1,1,1,0
13.441654000,1,0,1,0
13.441758000,1,1,1,0
13.441862000,1,0,1,0
13.441966000,1,1,1,0
13.442070000,1,0,1,0
13.442590000,1,1,1,0
13.442694000,1,0,1,0
13.443006000,1,1,1,0
13.443110000,1,0,1,0
13.443630000,1,1,1,0
13.443734000,1,0,1,0
13.444046000,1,1,1,0
13.444150000,1,0,1,0
13.444671000,1,1,1,0
13.444775000,1,0,1,0
13.445711000,1,1,1,0
13.445815000,1,0,1,0
13.446751000,1,1,1,0
13.446855000,1,0,1,0
13.446959000,1,1,1,0
13.447063000,1,0,1,0
13.447791000,1,1,1,0
13.458731000,0,1,1,0
13.458835000,1,1,1,0
13.458940000,0,1,1,0
13.459044000,1,1,1,0
13.459148000,0,1,1,0
13.459252000,1,1,1,0
13.459356000,0,1,1,0
13.459461000,1,1,1,0
13.459565000,0,1,1,0
13.459669000,1,1,1,0
13.459773000,0,1,1,0
13.459982000,1,1,1,0
13.460086000,0,1,1,0
13.460190000,1,1,1,0
13.460294000,0,1,1,0
13.460398000,1,1,1,0
13.460502000,0,1,1,0
13.460607000,1,1,1,0
13.460815000,0,1,1,0
13.460919000,1,1,1,0
13.461023000,0,1,1,0
13.461753000,1,1,1,0
13.461857000,0,1,1,0
13.461961000,1,1,1,0
13.462065000,0,1,1,0
13.462794000,1,1,1,0
13.462898000,0,1,1,0
13.463211000,1,1,1,0
13.463315000,0,1,1,0
13.463524000,1,1,1,0
13.463628000,0,1,1,0
13.463836000,1,1,1,0
13.463921000,1,0,1,0
13.464025000,1,1,1,0
13.464129000,1,0,1,0
13.464233000,1,1,1,0
13.464337000,1,0,1,0
13.464441000,1,1,1,0
13.464545000,1,0,1,0
13.464649000,1,1,1,0
13.464753000,1,0,1,0
13.464857000,1,1,1,0
13.464961000,1,0,1,0
13.465169000,1,1,1,0
13.465273000,1,0,1,0
13.465377000,1,1,1,0
13.465481000,1,0,1,0
13.465585000,1,1,1,0
13.465689000,1,0,1,0
13.465793000,1,1,1,0
13.466001000,1,0,1,0
13.466106000,1,1,1,0
13.466209000,1,0,1,0
13.466938000,1,1,1,0
13.467042000,1,0,1,0
13.467146000,1,1,1,0
13.467250000,1,0,1,0
13.467354000,1,1,1,0
13.467458000,1,0,1,0
13.467978000,1,1,1,0
13.468082000,1,0,1,0
13.468394000,1,1,1,0
13.468498000,1,0,1,0
13.468706000,1,1,1,0
13.468810000,1,0,1,0
13.469018000,1,1,1,0
13.469122000,1,0,1,0
13.469434000,1,1,1,0
13.469538000,1,0,1,0
13.470058000,1,1,1,0
13.470162000,1,0,1,0
13.471098000,1,1,1,0
13.471202000,1,0,1,0
13.472139000,1,1,1,0
13.472243000,1,0,1,0
13.473179000,1,1,1,0
13.665118000,0,1,1,0
13.665222000,1,1,1,0
13.665326000,0,1,1,0
13.665431000,1,1,1,0
13.665535000,0,1,1,0
13.665639000,1,1,1,0
13.665743000,0,1,1,0
13.665848000,1,1,1,0
13.665952000,0,1,1,0
13.666056000,1,1,1,0
13.666160000,0,1,1,0
13.666368000,1,1,1,0
13.666473000,0,1,1,0
13.666577000,1,1,1,0
13.666681000,0,1,1,0
13.666785000,1,1,1,0
13.666889000,0,1,1,0
13.666994000,1,1,1,0
13.667202000,0,1,1,0
13.667306000,1,1,1,0
13.667410000,0,1,1,0
13.668140000,1,1,1,0
13.668244000,0,1,1,0
13.668348000,1,1,1,0
13.668452000,0,1,1,0
13.669181000,1,1,1,0
13.669285000,0,1,1,0
13.669598000,1,1,1,0
13.669702000,0,1,1,0
13.670223000,1,1,1,0
13.670398000,1,0,1,0
13.670502000,1,1,1,0
13.670606000,1,0,1,0
13.670710000,1,1,1,0
13.670814000,1,0,1,0
13.670918000,1,1,1,0
13.671022000,1,0,1,0
13.671126000,1,1,1,0
13.671230000,1,0,1,0
13.671334000,1,1,1,0
13.671438000,1,0,1,0
13.671646000,1,1,1,0
13.671750000,1,0,1,0
13.671854000,1,1,1,0
13.671958000,1,0,1,0
13.672062000,1,1,1,0
13.672166000,1,0,1,0
13.672270000,1,1,1,0
13.672478000,1,0,1,0
13.672582000,1,1,1,0
13.672686000,1,0,1,0
13.673414000,1,1,1,0
13.673518000,1,0,1,0
13.673622000,1,1,1,0
13.673726000,1,0,1,0
13.673830000,1,1,1,0
13.673934000,1,0,1,0
13.674455000,1,1,1,0
13.674558000,1,0,1,0
13.674871000,1,1,1,0
13.674975000,1,0,1,0
13.675495000,1,1,1,0
13.675599000,1,0,1,0
13.675911000,1,1,1,0
13.676015000,1,0,1,0
13.676535000,1,1,1,0
13.676639000,1,0,1,0
13.677575000,1,1,1,0
13.677679000,1,0,1,0
13.678615000,1,1,1,0
13.678719000,1,0,1,0
13.678823000,1,1,1,0
13.678927000,1,0,1,0
13.679656000,1,1,1,0
13.690539000,0,1,1,0
13.690643000,1,1,1,0
13.690747000,0,1,1,0
13.690852000,1,1,1,0
13.690956000,0,1,1,0
13.691060000,1,1,1,0
13.691164000,0,1,1,0
13.691268000,1,1,1,0
13.691372000,0,1,1,0
13.691477000,1,1,1,0
13.691581000,0,1,1,0
13.691789000,1,1,1,0
13.691893000,0,1,1,0
13.691998000,1,1,1,0
13.692102000,0,1,1,0
13.692206000,1,1,1,0
13.692310000,0,1,1,0
13.692414000,1,1,1,0
13.692623000,0,1,1,0
13.692727000,1,1,1,0
13.692831000,0,1,1,0
13.693560000,1,1,1,0
13.693664000,0,1,1,0
13.693769000,1,1,1,0
13.693873000,0,1,1,0
13.694602000,1,1,1,0
13.694706000,0,1,1,0
13.695019000,1,1,1,0
13.695123000,0,1,1,0
13.695331000,1,1,1,0
13.695435000,0,1,1,0
13.695644000,1,1,1,0
13.695782000,1,0,1,0
13.695886000,1,1,1,0
13.695990000,1,0,1,0
13.696094000,1,1,1,0
13.696198000,1,0,1,0
13.696302000,1,1,1,0
13.696406000,1,0,1,0
13.696510000,1,1,1,0
13.696614000,1,0,1,0
13.696718000,1,1,1,0
13.696822000,1,0,1,0
13.697030000,1,1,1,0
13.697134000,1,0,1,0
13.697239000,1,1,1,0
13.697342000,1,0,1,0
13.697447000,1,1,1,0
13.697551000,1,0,1,0
13.697655000,1,1,1,0
13.697863000,1,0,1,0
13.697967000,1,1,1,0
13.698071000,1,0,1,0
13.698799000,1,1,1,0
13.698903000,1,0,1,0
13.699007000,1,1,1,0
13.699111000,1,0,1,0
13.699215000,1,1,1,0
13.699319000,1,0,1,0
13.699839000,1,1,1,0
13.699943000,1,0,1,0
13.700255000,1,1,1,0
13.700359000,1,0,1,0
13.700567000,1,1,1,0
13.700671000,1,0,1,0
13.700879000,1,1,1,0
13.700983000,1,0,1,0
13.701295000,1,1,1,0
13.701399000,1,0,1,0
13.701919000,1,1,1,0
13.702023000,1,0,1,0
13.702960000,1,1,1,0
13.703064000,1,0,1,0
13.704000000,1,1,1,0
13.704104000,1,0,1,0
13.705040000,1,1,1,0
13.896926000,0,1,1,0
13.897030000,1,1,1,0
13.897134000,0,1,1,0
13.897239000,1,1,1,0
13.897343000,0,1,1,0
13.897447000,1,1,1,0
13.897551000,0,1,1,0
13.897655000,1,1,1,0
13.897759000,0,1,1,0
13.897864000,1,1,1,0
13.897968000,0,1,1,0
13.898176000,1,1,1,0
13.898280000,0,1,1,0
13.898385000,1,1,1,0
13.898489000,0,1,1,0
13.898593000,1,1,1,0
13.898697000,0,1,1,0
13.898801000,1,1,1,0
13.899009000,0,1,1,0
13.899114000,1,1,1,0
13.899218000,0,1,1,0
13.899947000,1,1,1,0
13.900051000,0,1,1,0
13.900156000,1,1,1,0
13.900260000,0,1,1,0
13.900989000,1,1,1,0
13.901093000,0,1,1,0
13.901406000,1,1,1,0
13.901510000,0,1,1,0
13.902031000,1,1,1,0
13.902262000,1,0,1,0
13.902366000,1,1,1,0
13.902470000,1,0,1,0
13.902574000,1,1,1,0
13.902678000,1,0,1,0
13.902782000,1,1,1,0
13.902886000,1,0,1,0
13.902990000,1,1,1,0
13.903094000,1,0,1,0
13.903198000,1,1,1,0
13.903302000,1,0,1,0
13.903510000,1,1,1,0
13.903614000,1,0,1,0
13.903718000,1,1,1,0
13.903822000,1,0,1,0
13.903926000,1,1,1,0
13.904030000,1,0,1,0
13.904134000,1,1,1,0
13.904342000,1,0,1,0
13.904446000,1,1,1,0
13.904550000,1,0,1,0
13.905279000,1,1,1,0
13.905383000,1,0,1,0
13.905487000,1,1,1,0
13.905591000,1,0,1,0
13.905695000,1,1,1,0
13.905799000,1,0,1,0
13.906319000,1,1,1,0
13.906423000,1,0,1,0
13.906735000,1,1,1,0
13.906839000,1,0,1,0
13.907359000,1,1,1,0
13.907463000,1,0,1,0
13.907775000,1,1,1,0
13.907879000,1,0,1,0
13.908399000,1,1,1,0
13.908503000,1,0,1,0
13.909439000,1,1,1,0
13.909543000,1,0,1,0
13.910480000,1,1,1,0
13.910584000,1,0,1,0
13.910688000,1,1,1,0
13.910792000,1,0,1,0
13.911520000,1,1,1,0
13.922347000,0,1,1,0
13.922451000,1,1,1,0
13.922555000,0,1,1,0
13.922659000,1,1,1,0
13.922763000,0,1,1,0
13.922868000,1,1,1,0
13.922972000,0,1,1,0
13.923076000,1,1,1,0
13.923180000,0,1,1,0
13.923284000,1,1,1,0
13.923388000,0,1,1,0
13.923597000,1,1,1,0
13.923701000,0,1,1,0
13.923805000,1,1,1,0
13.923909000,0,1,1,0
13.924014000,1,1,1,0
13.924118000,0,1,1,0
13.924222000,1,1,1,0
13.924430000,0,1,1,0
13.924535000,1,1,1,0
13.924639000,0,1,1,0
13.925368000,1,1,1,0
13.925472000,0,1,1,0
13.925576000,1,1,1,0
13.925680000,0,1,1,0
13.926410000,1,1,1,0
13.926514000,0,1,1,0
13.926827000,1,1,1,0
13.926931000,0,1,1,0
13.927139000,1,1,1,0
13.927243000,0,1,1,0
13.927452000,1,1,1,0
13.927539000,1,0,1,0
13.927643000,1,1,1,0
13.927747000,1,0,1,0
13.927851000,1,1,1,0
13.927955000,1,0,1,0
13.928059000,1,1,1,0
13.928163000,1,0,1,0
13.928267000,1,1,1,0
13.928371000,1,0,1,0
13.928476000,1,1,1,0
13.928579000,1,0,1,0
13.928788000,1,1,1,0
13.928892000,1,0,1,0
13.928996000,1,1,1,0
13.929100000,1,0,1,0
13.929204000,1,1,1,0
13.929308000,1,0,1,0
13.929412000,1,1,1,0
13.929620000,1,0,1,0
13.929724000,1,1,1,0
13.929828000,1,0,1,0
13.930556000,1,1,1,0
13.930660000,1,0,1,0
13.930764000,1,1,1,0
13.930868000,1,0,1,0
13.930972000,1,1,1,0
13.931076000,1,0,1,0
13.931596000,1,1,1,0
13.931700000,1,0,1,0
13.932012000,1,1,1,0
13.932116000,1,0,1,0
13.932324000,1,1,1,0
13.932428000,1,0,1,0
13.932636000,1,1,1,0
13.932740000,1,0,1,0
13.933052000,1,1,1,0
13.933156000,1,0,1,0
13.933677000,1,1,1,0
13.933781000,1,0,1,0
13.934717000,1,1,1,0
13.934821000,1,0,1,0
13.935757000,1,1,1,0
13.935861000,1,0,1,0
13.936797000,1,1,1,0
14.143007000,0,1,1,0
14.143111000,1,1,1,0
14.143215000,0,1,1,0
14.143319000,1,1,1,0
14.143423000,0,1,1,0
14.143528000,1,1,1,0
14.143632000,0,1,1,0
14.143736000,1,1,1,0
14.143840000,0,1,1,0
14.143944000,1,1,1,0
14.144048000,0,1,1,0
14.144257000,1,1,1,0
14.144361000,0,1,1,0
14.144465000,1,1,1,0
14.144569000,0,1,1,0
14.144674000,1,1,1,0
14.144778000,0,1,1,0
14.144882000,1,1,1,0
14.145090000,0,1,1,0
14.145195000,1,1,1,0
14.145299000,0,1,1,0
14.146028000,1,1,1,0
14.146132000,0,1,1,0
14.146236000,1,1,1,0
14.146340000,0,1,1,0
14.147070000,1,1,1,0
14.147174000,0,1,1,0
14.147487000,1,1,1,0
14.147591000,0,1,1,0
14.148112000,1,1,1,0
14.148273000,1,0,1,0
14.148377000,1,1,1,0
14.148481000,1,0,1,0
14.148585000,1,1,1,0
14.148689000,1,0,1,0
14.148793000,1,1,1,0
14.148897000,1,0,1,0
14.149001000,1,1,1,0
14.149105000,1,0,1,0
14.149209000,1,1,1,0
14.149313000,1,0,1,0
14.149522000,1,1,1,0
14.149625000,1,0,1,0
14.149730000,1,1,1,0
14.149834000,1,0,1,0
14.149938000,1,1,1,0
14.150042000,1,0,1,0
14.150146000,1,1,1,0
14.150354000,1,0,1,0
14.150458000,1,1,1,0
14.150562000,1,0,1,0
14.151290000,1,1,1,0
14.151394000,1,0,1,0
14.151498000,1,1,1,0
14.151602000,1,0,1,0
14.151706000,1,1,1,0
14.151810000,1,0,1,0
14.152330000,1,1,1,0
14.152434000,1,0,1,0
14.152746000,1,1,1,0
14.152850000,1,0,1,0
14.153370000,1,1,1,0
14.153474000,1,0,1,0
14.153786000,1,1,1,0
14.153890000,1,0,1,0
14.154411000,1,1,1,0
14.154514000,1,0,1,0
14.155451000,1,1,1,0
14.155555000,1,0,1,0
14.156491000,1,1,1,0
14.156595000,1,0,1,0
14.156699000,1,1,1,0
14.156803000,1,0,1,0
14.157531000,1,1,1,0
14.168427000,0,1,1,0
14.168532000,1,1,1,0
14.168636000,0,1,1,0
14.168740000,1,1,1,0
14.168844000,0,1,1,0
14.168948000,1,1,1,0
14.169052000,0,1,1,0
14.169157000,1,1,1,0
14.169261000,0,1,1,0
14.169365000,1,1,1,0
14.169469000,0,1,1,0
14.169678000,1,1,1,0
14.169782000,0,1,1,0
14.169886000,1,1,1,0
14.169990000,0,1,1,0
14.170094000,1,1,1,0
14.170198000,0,1,1,0
14.170303000,1,1,1,0
14.170511000,0,1,1,0
14.170615000,1,1,1,0
14.170719000,0,1,1,0
14.171449000,1,1,1,0
14.171553000,0,1,1,0
14.171657000,1,1,1,0
14.171761000,0,1,1,0
14.172491000,1,1,1,0
14.172595000,0,1,1,0
14.172907000,1,1,1,0
14.173011000,0,1,1,0
14.173220000,1,1,1,0
14.173324000,0,1,1,0
14.173532000,1,1,1,0
14.173651000,1,0,1,0
14.173755000,1,1,1,0
14.173859000,1,0,1,0
14.173963000,1,1,1,0
14.174067000,1,0,1,0
14.174171000,1,1,1,0
14.174275000,1,0,1,0
14.174379000,1,1,1,0
14.174483000,1,0,1,0
14.174587000,1,1,1,0
14.174691000,1,0,1,0
14.174900000,1,1,1,0
14.175003000,1,0,1,0
14.175108000,1,1,1,0
14.175212000,1,0,1,0
14.175316000,1,1,1,0
14.175420000,1,0,1,0
14.175524000,1,1,1,0
14.175732000,1,0,1,0
14.175836000,1,1,1,0
14.175940000,1,0,1,0
14.176668000,1,1,1,0
14.176772000,1,0,1,0
14.176876000,1,1,1,0
14.176980000,1,0,1,0
14.177084000,1,1,1,0
14.177188000,1,0,1,0
14.177708000,1,1,1,0
14.177812000,1,0,1,0
14.178124000,1,1,1,0
14.178228000,1,0,1,0
14.178436000,1,1,1,0
14.178540000,1,0,1,0
14.178748000,1,1,1,0
14.178852000,1,0,1,0
14.179164000,1,1,1,0
14.179268000,1,0,1,0
14.179788000,1,1,1,0
14.179892000,1,0,1,0
14.180829000,1,1,1,0
14.180933000,1,0,1,0
14.181869000,1,1,1,0
14.181973000,1,0,1,0
14.182909000,1,1,1,0
14.374814000,0,1,1,0
14.374919000,1,1,1,0
14.375023000,0,1,1,0
14.375127000,1,1,1,0
14.375231000,0,1,1,0
14.375335000,1,1,1,0
14.375439000,0,1,1,0
14.375544000,1,1,1,0
14.375648000,0,1,1,0
14.375752000,1,1,1,0
14.375856000,0,1,1,0
14.376065000,1,1,1,0
14.376169000,0,1,1,0
14.376273000,1,1,1,0
14.376377000,0,1,1,0
14.376481000,1,1,1,0
14.376585000,0,1,1,0
14.376690000,1,1,1,0
14.376898000,0,1,1,0
14.377002000,1,1,1,0
14.377106000,0,1,1,0
14.377836000,1,1,1,0
14.377940000,0,1,1,0
14.378044000,1,1,1,0
14.378148000,0,1,1,0
14.378878000,1,1,1,0
14.378982000,0,1,1,0
14.379294000,1,1,1,0
14.379398000,0,1,1,0
14.379919000,1,1,1,0
14.380033000,1,0,1,0
14.380138000,1,1,1,0
14.380242000,1,0,1,0
14.380346000,1,1,1,0
14.380450000,1,0,1,0
14.380554000,1,1,1,0
14.380658000,1,0,1,0
14.380762000,1,1,1,0
14.380866000,1,0,1,0
14.380970000,1,1,1,0
14.381074000,1,0,1,0
14.381282000,1,1,1,0
14.381386000,1,0,1,0
14.381490000,1,1,1,0
14.381594000,1,0,1,0
14.381698000,1,1,1,0
14.381802000,1,0,1,0
14.381906000,1,1,1,0
14.382114000,1,0,1,0
14.382218000,1,1,1,0
14.382322000,1,0,1,0
14.383050000,1,1,1,0
14.383154000,1,0,1,0
14.383258000,1,1,1,0
14.383362000,1,0,1,0
14.383466000,1,1,1,0
14.383570000,1,0,1,0
14.384090000,1,1,1,0
14.384194000,1,0,1,0
14.384507000,1,1,1,0
14.384610000,1,0,1,0
14.385131000,1,1,1,0
14.385235000,1,0,1,0
14.385547000,1,1,1,0
14.385651000,1,0,1,0
14.386171000,1,1,1,0
14.386275000,1,0,1,0
14.387211000,1,1,1,0
14.387315000,1,0,1,0
14.388251000,1,1,1,0
14.388355000,1,0,1,0
14.388459000,1,1,1,0
14.388563000,1,0,1,0
14.389292000,1,1,1,0
14.400235000,0,1,1,0
14.400339000,1,1,1,0
14.400443000,0,1,1,0
14.400548000,1,1,1,0
14.400652000,0,1,1,0
14.400756000,1,1,1,0
14.400860000,0,1,1,0
14.400964000,1,1,1,0
14.401068000,0,1,1,0
14.401173000,1,1,1,0
14.401277000,0,1,1,0
14.401485000,1,1,1,0
14.401589000,0,1,1,0
14.401694000,1,1,1,0
14.401798000,0,1,1,0
14.401902000,1,1,1,0
14.402006000,0,1,1,0
14.402110000,1,1,1,0
14.402319000,0,1,1,0
14.402423000,1,1,1,0
14.402527000,0,1,1,0
14.403256000,1,1,1,0
14.403361000,0,1,1,0
14.403465000,1,1,1,0
14.403569000,0,1,1,0
14.404298000,1,1,1,0
14.404402000,0,1,1,0
14.404715000,1,1,1,0
14.404819000,0,1,1,0
14.405028000,1,1,1,0
14.405132000,0,1,1,0
14.405340000,1,1,1,0
14.405512000,1,0,1,0
14.405616000,1,1,1,0
14.405720000,1,0,1,0
14.405824000,1,1,1,0
14.405928000,1,0,1,0
14.406033000,1,1,1,0
14.406136000,1,0,1,0
14.406241000,1,1,1,0
14.406345000,1,0,1,0
14.406449000,1,1,1,0
14.406553000,1,0,1,0
14.406761000,1,1,1,0
14.406865000,1,0,1,0
14.406969000,1,1,1,0
14.407073000,1,0,1,0
14.407177000,1,1,1,0
14.407281000,1,0,1,0
14.407385000,1,1,1,0
14.407593000,1,0,1,0
14.407697000,1,1,1,0
14.407801000,1,0,1,0
14.408529000,1,1,1,0
14.408633000,1,0,1,0
14.408737000,1,1,1,0
14.408841000,1,0,1,0
14.408945000,1,1,1,0
14.409049000,1,0,1,0
14.409569000,1,1,1,0
14.409673000,1,0,1,0
14.409985000,1,1,1,0
14.410089000,1,0,1,0
14.410297000,1,1,1,0
14.410401000,1,0,1,0
14.410609000,1,1,1,0
14.410713000,1,0,1,0
14.411025000,1,1,1,0
14.411129000,1,0,1,0
14.411650000,1,1,1,0
14.411754000,1,0,1,0
14.412690000,1,1,1,0
14.412794000,1,0,1,0
14.413730000,1,1,1,0
14.413834000,1,0,1,0
14.414770000,1,1,1,0
14.606622000,0,1,1,0
14.606726000,1,1,1,0
14.606830000,0,1,1,0
14.606935000,1,1,1,0
14.607039000,0,1,1,0
14.607143000,1,1,1,0
14.607247000,0,1,1,0
14.607351000,1,1,1,0
14.607455000,0,1,1,0
14.607560000,1,1,1,0
14.607664000,0,1,1,0
14.607872000,1,1,1,0
14.607976000,0,1,1,0
14.608081000,1,1,1,0
14.608185000,0,1,1,0
14.608289000,1,1,1,0
14.608393000,0,1,1,0
14.608497000,1,1,1,0
14.608706000,0,1,1,0
14.608810000,1,1,1,0
14.608914000,0,1,1,0
14.609643000,1,1,1,0
14.609747000,0,1,1,0
14.609852000,1,1,1,0
14.609956000,0,1,1,0
14.610685000,1,1,1,0
14.610789000,0,1,1,0
14.611102000,1,1,1,0
14.611206000,0,1,1,0
14.611727000,1,1,1,0
14.612002000,1,0,1,0
14.612106000,1,1,1,0
14.612210000,1,0,1,0
14.612314000,1,1,1,0
14.612418000,1,0,1,0
14.612522000,1,1,1,0
14.612626000,1,0,1,0
14.612730000,1,1,1,0
14.612834000,1,0,1,0
14.612938000,1,1,1,0
14.613042000,1,0,1,0
14.613250000,1,1,1,0
14.613354000,1,0,1,0
14.613458000,1,1,1,0
14.613562000,1,0,1,0
14.613666000,1,1,1,0
14.613770000,1,0,1,0
14.613874000,1,1,1,0
14.614082000,1,0,1,0
14.614186000,1,1,1,0
14.614290000,1,0,1,0
14.615019000,1,1,1,0
14.615122000,1,0,1,0
14.615227000,1,1,1,0
14.615331000,1,0,1,0
14.615435000,1,1,1,0
14.615539000,1,0,1,0
14.616059000,1,1,1,0
14.616163000,1,0,1,0
14.616475000,1,1,1,0
14.616579000,1,0,1,0
14.617099000,1,1,1,0
14.617203000,1,0,1,0
14.617515000,1,1,1,0
14.617619000,1,0,1,0
14.618139000,1,1,1,0
14.618243000,1,0,1,0
14.619179000,1,1,1,0
14.619283000,1,0,1,0
14.620220000,1,1,1,0
14.620324000,1,0,1,0
14.620428000,1,1,1,0
14.620532000,1,0,1,0
14.621260000,1,1,1,0
14.632043000,0,1,1,0
14.632147000,1,1,1,0
14.632251000,0,1,1,0
14.632355000,1,1,1,0
14.632459000,0,1,1,0
14.632564000,1,1,1,0
14.632668000,0,1,1,0
14.632772000,1,1,1,0
14.632876000,0,1,1,0
14.632981000,1,1,1,0
14.633085000,0,1,1,0
14.633293000,1,1,1,0
14.633397000,0,1,1,0
14.633501000,1,1,1,0
14.633605000,0,1,1,0
14.633710000,1,1,1,0
14.633814000,0,1,1,0
14.633918000,1,1,1,0
14.634126000,0,1,1,0
14.634231000,1,1,1,0
14.634335000,0,1,1,0
14.635064000,1,1,1,0
14.635168000,0,1,1,0
14.635273000,1,1,1,0
14.635377000,0,1,1,0
14.636106000,1,1,1,0
14.636210000,0,1,1,0
14.636523000,1,1,1,0
14.636627000,0,1,1,0
14.636835000,1,1,1,0
14.636939000,0,1,1,0
14.637148000,1,1,1,0
14.637373000,1,0,1,0
14.637478000,1,1,1,0
14.637582000,1,0,1,0
14.637686000,1,1,1,0
14.637790000,1,0,1,0
14.637894000,1,1,1,0
14.637998000,1,0,1,0
14.638102000,1,1,1,0
14.638206000,1,0,1,0
14.638310000,1,1,1,0
14.638414000,1,0,1,0
14.638622000,1,1,1,0
14.638726000,1,0,1,0
14.638830000,1,1,1,0
14.638934000,1,0,1,0
14.639038000,1,1,1,0
14.639142000,1,0,1,0
14.639246000,1,1,1,0
14.639454000,1,0,1,0
14.639558000,1,1,1,0
14.639662000,1,0,1,0
14.640390000,1,1,1,0
14.640494000,1,0,1,0
14.640598000,1,1,1,0
14.640702000,1,0,1,0
14.640806000,1,1,1,0
14.640910000,1,0,1,0
14.641430000,1,1,1,0
14.641534000,1,0,1,0
14.641846000,1,1,1,0
14.641950000,1,0,1,0
14.642158000,1,1,1,0
14.642262000,1,0,1,0
14.642471000,1,1,1,0
14.642575000,1,0,1,0
14.642887000,1,1,1,0
14.642991000,1,0,1,0
14.643511000,1,1,1,0
14.643615000,1,0,1,0
14.644551000,1,1,1,0
14.644655000,1,0,1,0
14.645591000,1,1,1,0
14.645695000,1,0,1,0
14.646631000,1,1,1,0
14.855620000,0,1,1,0
14.855724000,1,1,1,0
14.855828000,0,1,1,0
14.855933000,1,1,1,0
14.856037000,0,1,1,0
14.856141000,1,1,1,0
14.856245000,0,1,1,0
14.856349000,1,1,1,0
14.856453000,0,1,1,0
14.856558000,1,1,1,0
14.856662000,0,1,1,0
14.856870000,1,1,1,0
14.856974000,0,1,1,0
14.857079000,1,1,1,0
14.857183000,0,1,1,0
14.857287000,1,1,1,0
14.857391000,0,1,1,0
14.857495000,1,1,1,0
14.857704000,0,1,1,0
14.857808000,1,1,1,0
14.857912000,0,1,1,0
14.858641000,1,1,1,0
14.858745000,0,1,1,0
14.858850000,1,1,1,0
14.858954000,0,1,1,0
14.859683000,1,1,1,0
14.859787000,0,1,1,0
14.860100000,1,1,1,0
14.860204000,0,1,1,0
14.860725000,1,1,1,0
14.860926000,1,0,1,0
14.861030000,1,1,1,0
14.861134000,1,0,1,0
14.861238000,1,1,1,0
14.861342000,1,0,1,0
14.861446000,1,1,1,0
14.861550000,1,0,1,0
14.861654000,1,1,1,0
14.861758000,1,0,1,0
14.861862000,1,1,1,0
14.861966000,1,0,1,0
14.862174000,1,1,1,0
14.862278000,1,0,1,0
14.862382000,1,1,1,0
14.862486000,1,0,1,0
14.862590000,1,1,1,0
14.862694000,1,0,1,0
14.862798000,1,1,1,0
14.863006000,1,0,1,0
14.863110000,1,1,1,0
14.863214000,1,0,1,0
14.863942000,1,1,1,0
14.864046000,1,0,1,0
14.864150000,1,1,1,0
14.864254000,1,0,1,0
14.864359000,1,1,1,0
14.864462000,1,0,1,0
14.864983000,1,1,1,0
14.865087000,1,0,1,0
14.865399000,1,1,1,0
14.865503000,1,0,1,0
14.866023000,1,1,1,0
14.866127000,1,0,1,0
14.866439000,1,1,1,0
14.866543000,1,0,1,0
14.867063000,1,1,1,0
14.867167000,1,0,1,0
14.868103000,1,1,1,0
14.868207000,1,0,1,0
14.869144000,1,1,1,0
14.869247000,1,0,1,0
14.869352000,1,1,1,0
14.869456000,1,0,1,0
14.870184000,1,1,1,0
14.881041000,0,1,1,0
14.881145000,1,1,1,0
14.881249000,0,1,1,0
14.881353000,1,1,1,0
14.881457000,0,1,1,0
14.881562000,1,1,1,0
14.881666000,0,1,1,0
14.881770000,1,1,1,0
14.881874000,0,1,1,0
14.881978000,1,1,1,0
14.882082000,0,1,1,0
14.882291000,1,1,1,0
14.882395000,0,1,1,0
14.882499000,1,1,1,0
14.882603000,0,1,1,0
14.882708000,1,1,1,0
14.882812000,0,1,1,0
14.882916000,1,1,1,0
14.883124000,0,1,1,0
14.883229000,1,1,1,0
14.883333000,0,1,1,0
14.884062000,1,1,1,0
14.884166000,0,1,1,0
14.884270000,1,1,1,0
14.884374000,0,1,1,0
14.885104000,1,1,1,0
14.885208000,0,1,1,0
14.885521000,1,1,1,0
14.885625000,0,1,1,0
14.885833000,1,1,1,0
14.885937000,0,1,1,0
14.886146000,1,1,1,0
14.886294000,1,0,1,0
14.886398000,1,1,1,0
14.886502000,1,0,1,0
14.886606000,1,1,1,0
14.886710000,1,0,1,0
14.886814000,1,1,1,0
14.886918000,1,0,1,0
14.887022000,1,1,1,0
14.887126000,1,0,1,0
14.887230000,1,1,1,0
14.887334000,1,0,1,0
14.887542000,1,1,1,0
14.887646000,1,0,1,0
14.887750000,1,1,1,0
14.887854000,1,0,1,0
14.887958000,1,1,1,0
14.888062000,1,0,1,0
14.888166000,1,1,1,0
14.888374000,1,0,1,0
14.888478000,1,1,1,0
14.888582000,1,0,1,0
14.889311000,1,1,1,0
14.889415000,1,0,1,0
14.889519000,1,1,1,0
14.889623000,1,0,1,0
14.889727000,1,1,1,0
14.889831000,1,0,1,0
14.890351000,1,1,1,0
14.890455000,1,0,1,0
14.890767000,1,1,1,0
14.890871000,1,0,1,0
14.891079000,1,1,1,0
14.891183000,1,0,1,0
14.891391000,1,1,1,0
14.891495000,1,0,1,0
14.891807000,1,1,1,0
14.891911000,1,0,1,0
14.892431000,1,1,1,0
14.892535000,1,0,1,0
14.893471000,1,1,1,0
14.893575000,1,0,1,0
14.894512000,1,1,1,0
14.894616000,1,0,1,0
14.895552000,1,1,1,0
15.089303000,0,1,1,0
15.089407000,1,1,1,0
15.089511000,0,1,1,0
15.089616000,1,1,1,0
15.089720000,0,1,1,0
15.089824000,1,1,1,0
15.089928000,0,1,1,0
15.090032000,1,1,1,0
15.090136000,0,1,1,0
15.090241000,1,1,1,0
15.090345000,0,1,1,0
15.090553000,1,1,1,0
15.090657000,0,1,1,0
15.090762000,1,1,1,0
15.090866000,0,1,1,0
15.090970000,1,1,1,0
15.091074000,0,1,1,0
15.091178000,1,1,1,0
15.091387000,0,1,1,0
15.091491000,1,1,1,0
15.091595000,0,1,1,0
15.092324000,1,1,1,0
15.092428000,0,1,1,0
15.092533000,1,1,1,0
15.092637000,0,1,1,0
15.093366000,1,1,1,0
15.093470000,0,1,1,0
15.093783000,1,1,1,0
15.093887000,0,1,1,0
15.094408000,1,1,1,0
15.094558000,1,0,1,0
15.094663000,1,1,1,0
15.094766000,1,0,1,0
15.094871000,1,1,1,0
15.094975000,1,0,1,0
15.095079000,1,1,1,0
15.095183000,1,0,1,0
15.095287000,1,1,1,0
15.095391000,1,0,1,0
15.095495000,1,1,1,0
15.095599000,1,0,1,0
15.095807000,1,1,1,0
15.095911000,1,0,1,0
15.096015000,1,1,1,0
15.096119000,1,0,1,0
15.096223000,1,1,1,0
15.096327000,1,0,1,0
15.096431000,1,1,1,0
15.096639000,1,0,1,0
15.096743000,1,1,1,0
15.096847000,1,0,1,0
15.097575000,1,1,1,0
15.097679000,1,0,1,0
15.097783000,1,1,1,0
15.097887000,1,0,1,0
15.097991000,1,1,1,0
15.098095000,1,0,1,0
15.098615000,1,1,1,0
15.098719000,1,0,1,0
15.099031000,1,1,1,0
15.099135000,1,0,1,0
15.099656000,1,1,1,0
15.099760000,1,0,1,0
15.100072000,1,1,1,0
15.100176000,1,0,1,0
15.100696000,1,1,1,0
15.100800000,1,0,1,0
15.101736000,1,1,1,0
15.101840000,1,0,1,0
15.102776000,1,1,1,0
15.102880000,1,0,1,0
15.102984000,1,1,1,0
15.103088000,1,0,1,0
15.103816000,1,1,1,0
15.114724000,0,1,1,0
15.114828000,1,1,1,0
15.114932000,0,1,1,0
15.115036000,1,1,1,0
15.115140000,0,1,1,0
15.115245000,1,1,1,0
15.115349000,0,1,1,0
15.115453000,1,1,1,0
15.115557000,0,1,1,0
15.115661000,1,1,1,0
15.115765000,0,1,1,0
15.115974000,1,1,1,0
15.116078000,0,1,1,0
15.116182000,1,1,1,0
15.116286000,0,1,1,0
15.116391000,1,1,1,0
15.116495000,0,1,1,0
15.116599000,1,1,1,0
15.116807000,0,1,1,0
15.116912000,1,1,1,0
15.117016000,0,1,1,0
15.117745000,1,1,1,0
15.117849000,0,1,1,0
15.117953000,1,1,1,0
15.118057000,0,1,1,0
15.118787000,1,1,1,0
15.118891000,0,1,1,0
15.119204000,1,1,1,0
15.119308000,0,1,1,0
15.119516000,1,1,1,0
15.119620000,0,1,1,0
15.119829000,1,1,1,0
15.119923000,1,0,1,0
15.120028000,1,1,1,0
15.120131000,1,0,1,0
15.120236000,1,1,1,0
15.120340000,1,0,1,0
15.120444000,1,1,1,0
15.120548000,1,0,1,0
15.120652000,1,1,1,0
15.120756000,1,0,1,0
15.120860000,1,1,1,0
15.120964000,1,0,1,0
15.121172000,1,1,1,0
15.121276000,1,0,1,0
15.121380000,1,1,1,0
15.121484000,1,0,1,0
15.121588000,1,1,1,0
15.121692000,1,0,1,0
15.121796000,1,1,1,0
15.122004000,1,0,1,0
15.122108000,1,1,1,0
15.122212000,1,0,1,0
15.122940000,1,1,1,0
15.123044000,1,0,1,0
15.123148000,1,1,1,0
15.123252000,1,0,1,0
15.123356000,1,1,1,0
15.123460000,1,0,1,0
15.123980000,1,1,1,0
15.124084000,1,0,1,0
15.124396000,1,1,1,0
15.124500000,1,0,1,0
15.124708000,1,1,1,0
15.124812000,1,0,1,0
15.125021000,1,1,1,0
15.125124000,1,0,1,0
15.125437000,1,1,1,0
15.125541000,1,0,1,0
15.126061000,1,1,1,0
15.126165000,1,0,1,0
15.127101000,1,1,1,0
15.127205000,1,0,1,0
15.128141000,1,1,1,0
15.128245000,1,0,1,0
15.129181000,1,1,1,0
15.308713000,0,1,1,0
15.308817000,1,1,1,0
15.308921000,0,1,1,0
15.309026000,1,1,1,0
15.309130000,0,1,1,0
15.309234000,1,1,1,0
15.309338000,0,1,1,0
15.309442000,1,1,1,0
15.309546000,0,1,1,0
15.309651000,1,1,1,0
15.309755000,0,1,1,0
15.309963000,1,1,1,0
15.310067000,0,1,1,0
15.310172000,1,1,1,0
15.310276000,0,1,1,0
15.310380000,1,1,1,0
15.310484000,0,1,1,0
15.310588000,1,1,1,0
15.310796000,0,1,1,0
15.310901000,1,1,1,0
15.311005000,0,1,1,0
15.311734000,1,1,1,0
15.311838000,0,1,1,0
15.311943000,1,1,1,0
15.312047000,0,1,1,0
15.312776000,1,1,1,0
15.312880000,0,1,1,0
15.313193000,1,1,1,0
15.313297000,0,1,1,0
15.313818000,1,1,1,0
15.314044000,1,0,1,0
15.314148000,1,1,1,0
15.314252000,1,0,1,0
15.314356000,1,1,1,0
15.314460000,1,0,1,0
15.314564000,1,1,1,0
15.314668000,1,0,1,0
15.314772000,1,1,1,0
15.314876000,1,0,1,0
15.314980000,1,1,1,0
15.315084000,1,0,1,0
15.315292000,1,1,1,0
15.315396000,1,0,1,0
15.315501000,1,1,1,0
15.315604000,1,0,1,0
15.315709000,1,1,1,0
15.315813000,1,0,1,0
15.315917000,1,1,1,0
15.316125000,1,0,1,0
15.316229000,1,1,1,0
15.316333000,1,0,1,0
15.317061000,1,1,1,0
15.317165000,1,0,1,0
15.317269000,1,1,1,0
15.317373000,1,0,1,0
15.317477000,1,1,1,0
15.317581000,1,0,1,0
15.318101000,1,1,1,0
15.318205000,1,0,1,0
15.318517000,1,1,1,0
15.318621000,1,0,1,0
15.319141000,1,1,1,0
15.319245000,1,0,1,0
15.319557000,1,1,1,0
15.319661000,1,0,1,0
15.320182000,1,1,1,0
15.320285000,1,0,1,0
15.321222000,1,1,1,0
15.321326000,1,0,1,0
15.322262000,1,1,1,0
15.322366000,1,0,1,0
15.322470000,1,1,1,0
15.322574000,1,0,1,0
15.323302000,1,1,1,0
15.334133000,0,1,1,0
15.334238000,1,1,1,0
15.334342000,0,1,1,0
15.334446000,1,1,1,0
15.334550000,0,1,1,0
15.334655000,1,1,1,0
15.334759000,0,1,1,0
15.334863000,1,1,1,0
15.334967000,0,1,1,0
15.335071000,1,1,1,0
15.335175000,0,1,1,0
15.335384000,1,1,1,0
15.335488000,0,1,1,0
15.335592000,1,1,1,0
15.335696000,0,1,1,0
15.335801000,1,1,1,0
15.335905000,0,1,1,0
15.336009000,1,1,1,0
15.336217000,0,1,1,0
15.336322000,1,1,1,0
15.336426000,0,1,1,0
15.337155000,1,1,1,0
15.337259000,0,1,1,0
15.337363000,1,1,1,0
15.337467000,0,1,1,0
15.338197000,1,1,1,0
15.338301000,0,1,1,0
15.338614000,1,1,1,0
15.338718000,0,1,1,0
15.338926000,1,1,1,0
15.339030000,0,1,1,0
15.339239000,1,1,1,0
15.339406000,1,0,1,0
15.339510000,1,1,1,0
15.339614000,1,0,1,0
15.339718000,1,1,1,0
15.339822000,1,0,1,0
15.339926000,1,1,1,0
15.340030000,1,0,1,0
15.340134000,1,1,1,0
15.340238000,1,0,1,0
15.340342000,1,1,1,0
15.340446000,1,0,1,0
15.340654000,1,1,1,0
15.340758000,1,0,1,0
15.340863000,1,1,1,0
15.340966000,1,0,1,0
15.341071000,1,1,1,0
15.341175000,1,0,1,0
15.341279000,1,1,1,0
15.341487000,1,0,1,0
15.341591000,1,1,1,0
15.341695000,1,0,1,0
15.342423000,1,1,1,0
15.342527000,1,0,1,0
15.342631000,1,1,1,0
15.342735000,1,0,1,0
15.342839000,1,1,1,0
15.342943000,1,0,1,0
15.343463000,1,1,1,0
15.343567000,1,0,1,0
15.343879000,1,1,1,0
15.343983000,1,0,1,0
15.344191000,1,1,1,0
15.344295000,1,0,1,0
15.344503000,1,1,1,0
15.344607000,1,0,1,0
15.344919000,1,1,1,0
15.345023000,1,0,1,0
15.345543000,1,1,1,0
15.345647000,1,0,1,0
15.346584000,1,1,1,0
15.346688000,1,0,1,0
15.347624000,1,1,1,0
15.347728000,1,0,1,0
15.348664000,1,1,1,0
15.528123000,0,1,1,0
15.528227000,1,1,1,0
15.528331000,0,1,1,0
15.528435000,1,1,1,0
15.528539000,0,1,1,0
15.528644000,1,1,1,0
15.528748000,0,1,1,0
15.528852000,1,1,1,0
15.528956000,0,1,1,0
15.529060000,1,1,1,0
15.529165000,0,1,1,0
15.529373000,1,1,1,0
15.529477000,0,1,1,0
15.529581000,1,1,1,0
15.529685000,0,1,1,0
15.529790000,1,1,1,0
15.529894000,0,1,1,0
15.529998000,1,1,1,0
15.530206000,0,1,1,0
15.530311000,1,1,1,0
15.530415000,0,1,1,0
15.531144000,1,1,1,0
15.531248000,0,1,1,0
15.531353000,1,1,1,0
15.531457000,0,1,1,0
15.532186000,1,1,1,0
15.532290000,0,1,1,0
15.532603000,1,1,1,0
15.532707000,0,1,1,0
15.533228000,1,1,1,0
15.533426000,1,0,1,0
15.533530000,1,1,1,0
15.533634000,1,0,1,0
15.533738000,1,1,1,0
15.533842000,1,0,1,0
15.533946000,1,1,1,0
15.534050000,1,0,1,0
15.534154000,1,1,1,0
15.534258000,1,0,1,0
15.534362000,1,1,1,0
15.534466000,1,0,1,0
15.534674000,1,1,1,0
15.534778000,1,0,1,0
15.534882000,1,1,1,0
15.534986000,1,0,1,0
15.535090000,1,1,1,0
15.535194000,1,0,1,0
15.535298000,1,1,1,0
15.535506000,1,0,1,0
15.535610000,1,1,1,0
15.535714000,1,0,1,0
15.536443000,1,1,1,0
15.536547000,1,0,1,0
15.536651000,1,1,1,0
15.536755000,1,0,1,0
15.536859000,1,1,1,0
15.536963000,1,0,1,0
15.537483000,1,1,1,0
15.537587000,1,0,1,0
15.537899000,1,1,1,0
15.538003000,1,0,1,0
15.538523000,1,1,1,0
15.538627000,1,0,1,0
15.538939000,1,1,1,0
15.539043000,1,0,1,0
15.539563000,1,1,1,0
15.539667000,1,0,1,0
15.540603000,1,1,1,0
15.540707000,1,0,1,0
15.541644000,1,1,1,0
15.541748000,1,0,1,0
15.541852000,1,1,1,0
15.541956000,1,0,1,0
15.542684000,1,1,1,0
15.553543000,0,1,1,0
15.553648000,1,1,1,0
15.553752000,0,1,1,0
15.553856000,1,1,1,0
15.553960000,0,1,1,0
15.554064000,1,1,1,0
15.554168000,0,1,1,0
15.554273000,1,1,1,0
15.554377000,0,1,1,0
15.554481000,1,1,1,0
15.554585000,0,1,1,0
15.554794000,1,1,1,0
15.554898000,0,1,1,0
15.555002000,1,1,1,0
15.555106000,0,1,1,0
15.555210000,1,1,1,0
15.555314000,0,1,1,0
15.555419000,1,1,1,0
15.555627000,0,1,1,0
15.555731000,1,1,1,0
15.555835000,0,1,1,0
15.556565000,1,1,1,0
15.556669000,0,1,1,0
15.556773000,1,1,1,0
15.556877000,0,1,1,0
15.557607000,1,1,1,0
15.557711000,0,1,1,0
15.558023000,1,1,1,0
15.558127000,0,1,1,0
15.558336000,1,1,1,0
15.558440000,0,1,1,0
15.558649000,1,1,1,0
15.558785000,1,0,1,0
15.558889000,1,1,1,0
15.558993000,1,0,1,0
15.559097000,1,1,1,0
15.559201000,1,0,1,0
15.559305000,1,1,1,0
15.559409000,1,0,1,0
15.559513000,1,1,1,0
15.559617000,1,0,1,0
15.559721000,1,1,1,0
15.559825000,1,0,1,0
15.560033000,1,1,1,0
15.560137000,1,0,1,0
15.560241000,1,1,1,0
15.560345000,1,0,1,0
15.560449000,1,1,1,0
15.560553000,1,0,1,0
15.560657000,1,1,1,0
15.560865000,1,0,1,0
15.560969000,1,1,1,0
15.561073000,1,0,1,0
15.561802000,1,1,1,0
15.561906000,1,0,1,0
15.562010000,1,1,1,0
15.562114000,1,0,1,0
15.562218000,1,1,1,0
15.562322000,1,0,1,0
15.562842000,1,1,1,0
15.562946000,1,0,1,0
15.563258000,1,1,1,0
15.563362000,1,0,1,0
15.563570000,1,1,1,0
15.563674000,1,0,1,0
15.563882000,1,1,1,0
15.563986000,1,0,1,0
15.564298000,1,1,1,0
15.564402000,1,0,1,0
15.564922000,1,1,1,0
15.565026000,1,0,1,0
15.565962000,1,1,1,0
15.566066000,1,0,1,0
15.567003000,1,1,1,0
15.567107000,1,0,1,0
15.568043000,1,1,1,0
15.747533000,0,1,1,0
15.747637000,1,1,1,0
15.747741000,0,1,1,0
15.747845000,1,1,1,0
15.747949000,0,1,1,0
15.748054000,1,1,1,0
15.748158000,0,1,1,0
15.748262000,1,1,1,0
15.748366000,0,1,1,0
15.748470000,1,1,1,0
15.748574000,0,1,1,0
15.748783000,1,1,1,0
15.748887000,0,1,1,0
15.748991000,1,1,1,0
15.749095000,0,1,1,0
15.749200000,1,1,1,0
15.749304000,0,1,1,0
15.749408000,1,1,1,0
15.749616000,0,1,1,0
15.749721000,1,1,1,0
15.749825000,0,1,1,0
15.750554000,1,1,1,0
15.750658000,0,1,1,0
15.750762000,1,1,1,0
15.750866000,0,1,1,0
15.751596000,1,1,1,0
15.751700000,0,1,1,0
15.752013000,1,1,1,0
15.752117000,0,1,1,0
15.752638000,1,1,1,0
15.752808000,1,0,1,0
15.752912000,1,1,1,0
15.753016000,1,0,1,0
15.753120000,1,1,1,0
15.753224000,1,0,1,0
15.753328000,1,1,1,0
15.753432000,1,0,1,0
15.753536000,1,1,1,0
15.753640000,1,0,1,0
15.753744000,1,1,1,0
15.753848000,1,0,1,0
15.754056000,1,1,1,0
15.754160000,1,0,1,0
15.754264000,1,1,1,0
15.754368000,1,0,1,0
15.754472000,1,1,1,0
15.754576000,1,0,1,0
15.754680000,1,1,1,0
15.754888000,1,0,1,0
15.754992000,1,1,1,0
15.755096000,1,0,1,0
15.755824000,1,1,1,0
15.755928000,1,0,1,0
15.756032000,1,1,1,0
15.756136000,1,0,1,0
15.756240000,1,1,1,0
15.756344000,1,0,1,0
15.756865000,1,1,1,0
15.756968000,1,0,1,0
15.757281000,1,1,1,0
15.757385000,1,0,1,0
15.757905000,1,1,1,0
15.758009000,1,0,1,0
15.758321000,1,1,1,0
15.758425000,1,0,1,0
15.758945000,1,1,1,0
15.759049000,1,0,1,0
15.759985000,1,1,1,0
15.760089000,1,0,1,0
15.761025000,1,1,1,0
15.761129000,1,0,1,0
15.761233000,1,1,1,0
15.761337000,1,0,1,0
15.762066000,1,1,1,0
15.772953000,0,1,1,0
15.773058000,1,1,1,0
15.773162000,0,1,1,0
15.773266000,1,1,1,0
15.773370000,0,1,1,0
15.773474000,1,1,1,0
15.773578000,0,1,1,0
15.773683000,1,1,1,0
15.773787000,0,1,1,0
15.773891000,1,1,1,0
15.773995000,0,1,1,0
15.774204000,1,1,1,0
15.774308000,0,1,1,0
15.774412000,1,1,1,0
15.774516000,0,1,1,0
15.774620000,1,1,1,0
15.774724000,0,1,1,0
15.774829000,1,1,1,0
15.775037000,0,1,1,0
15.775141000,1,1,1,0
15.775245000,0,1,1,0
15.775975000,1,1,1,0
15.776079000,0,1,1,0
15.776183000,1,1,1,0
15.776287000,0,1,1,0
15.777017000,1,1,1,0
15.777121000,0,1,1,0
15.777433000,1,1,1,0
15.777537000,0,1,1,0
15.777746000,1,1,1,0
15.777850000,0,1,1,0
15.778058000,1,1,1,0
15.778164000,1,0,1,0
15.778268000,1,1,1,0
15.778372000,1,0,1,0
15.778476000,1,1,1,0
15.778580000,1,0,1,0
15.778684000,1,1,1,0
15.778788000,1,0,1,0
15.778892000,1,1,1,0
15.778996000,1,0,1,0
15.779100000,1,1,1,0
15.779204000,1,0,1,0
15.779412000,1,1,1,0
15.779516000,1,0,1,0
15.779620000,1,1,1,0
15.779724000,1,0,1,0
15.779828000,1,1,1,0
15.779932000,1,0,1,0
15.780036000,1,1,1,0
15.780244000,1,0,1,0
15.780348000,1,1,1,0
15.780452000,1,0,1,0
15.781180000,1,1,1,0
15.781284000,1,0,1,0
15.781388000,1,1,1,0
15.781492000,1,0,1,0
15.781596000,1,1,1,0
15.781700000,1,0,1,0
15.782220000,1,1,1,0
15.782324000,1,0,1,0
15.782637000,1,1,1,0
15.782741000,1,0,1,0
15.782949000,1,1,1,0
15.783053000,1,0,1,0
15.783261000,1,1,1,0
15.783365000,1,0,1,0
15.783677000,1,1,1,0
15.783781000,1,0,1,0
15.784301000,1,1,1,0
15.784405000,1,0,1,0
15.785341000,1,1,1,0
15.785445000,1,0,1,0
15.786381000,1,1,1,0
15.786485000,1,0,1,0
15.787421000,1,1,1,0
15.989759000,0,1,1,0
15.989863000,1,1,1,0
15.989967000,0,1,1,0
15.990071000,1,1,1,0
15.990175000,0,1,1,0
15.990280000,1,1,1,0
15.990384000,0,1,1,0
15.990488000,1,1,1,0
15.990592000,0,1,1,0
15.990696000,1,1,1,0
15.990800000,0,1,1,0
15.991009000,1,1,1,0
15.991113000,0,1,1,0
15.991217000,1,1,1,0
15.991321000,0,1,1,0
15.991426000,1,1,1,0
15.991530000,0,1,1,0
15.991634000,1,1,1,0
15.991842000,0,1,1,0
15.991947000,1,1,1,0
15.992051000,0,1,1,0
15.992780000,1,1,1,0
15.992884000,0,1,1,0
15.992988000,1,1,1,0
15.993092000,0,1,1,0
15.993822000,1,1,1,0
15.993926000,0,1,1,0
15.994239000,1,1,1,0
15.994343000,0,1,1,0
15.994864000,1,1,1,0
15.994970000,1,0,1,0
15.995074000,1,1,1,0
15.995178000,1,0,1,0
15.995282000,1,1,1,0
15.995386000,1,0,1,0
15.995490000,1,1,1,0
15.995594000,1,0,1,0
15.995698000,1,1,1,0
15.995802000,1,0,1,0
15.995906000,1,1,1,0
15.996010000,1,0,1,0
15.996218000,1,1,1,0
15.996322000,1,0,1,0
15.996426000,1,1,1,0
15.996530000,1,0,1,0
15.996635000,1,1,1,0
15.996738000,1,0,1,0
15.996843000,1,1,1,0
15.997051000,1,0,1,0
15.997155000,1,1,1,0
15.997259000,1,0,1,0
15.997987000,1,1,1,0
15.998091000,1,0,1,0
15.998195000,1,1,1,0
15.998299000,1,0,1,0
15.998403000,1,1,1,0
15.998507000,1,0,1,0
15.999027000,1,1,1,0
15.999131000,1,0,1,0
15.999443000,1,1,1,0
15.999547000,1,0,1,0
16.000067000,1,1,1,0
16.000171000,1,0,1,0
16.000483000,1,1,1,0
16.000587000,1,0,1,0
16.001107000,1,1,1,0
16.001211000,1,0,1,0
16.002148000,1,1,1,0
16.002252000,1,0,1,0
16.003188000,1,1,1,0
16.003396000,1,0,1,0
16.003500000,1,1,1,0
16.003604000,1,0,1,0
16.004332000,1,1,1,0
16.015179000,0,1,1,0
16.015284000,1,1,1,0
16.015388000,0,1,1,0
16.015492000,1,1,1,0
16.015596000,0,1,1,0
16.015700000,1,1,1,0
16.015804000,0,1,1,0
16.015909000,1,1,1,0
16.016013000,0,1,1,0
16.016117000,1,1,1,0
16.016221000,0,1,1,0
16.016430000,1,1,1,0
16.016534000,0,1,1,0
16.016638000,1,1,1,0
16.016742000,0,1,1,0
16.016846000,1,1,1,0
16.016950000,0,1,1,0
16.017055000,1,1,1,0
16.017263000,0,1,1,0
16.017367000,1,1,1,0
16.017471000,0,1,1,0
16.018201000,1,1,1,0
16.018305000,0,1,1,0
16.018409000,1,1,1,0
16.018513000,0,1,1,0
16.019243000,1,1,1,0
16.019347000,0,1,1,0
16.019659000,1,1,1,0
16.019763000,0,1,1,0
16.019972000,1,1,1,0
16.020076000,0,1,1,0
16.020284000,1,1,1,0
16.020427000,1,0,1,0
16.020531000,1,1,1,0
16.020635000,1,0,1,0
16.020739000,1,1,1,0
16.020843000,1,0,1,0
16.020947000,1,1,1,0
16.021051000,1,0,1,0
16.021155000,1,1,1,0
16.021259000,1,0,1,0
16.021363000,1,1,1,0
16.021467000,1,0,1,0
16.021675000,1,1,1,0
16.021779000,1,0,1,0
16.021883000,1,1,1,0
16.021987000,1,0,1,0
16.022091000,1,1,1,0
16.022195000,1,0,1,0
16.022299000,1,1,1,0
16.022507000,1,0,1,0
16.022611000,1,1,1,0
16.022715000,1,0,1,0
16.023443000,1,1,1,0
16.023547000,1,0,1,0
16.023651000,1,1,1,0
16.023755000,1,0,1,0
16.023860000,1,1,1,0
16.023963000,1,0,1,0
16.024484000,1,1,1,0
16.024588000,1,0,1,0
16.024900000,1,1,1,0
16.025004000,1,0,1,0
16.025212000,1,1,1,0
16.025316000,1,0,1,0
16.025524000,1,1,1,0
16.025628000,1,0,1,0
16.025940000,1,1,1,0
16.026044000,1,0,1,0
16.026564000,1,1,1,0
16.026668000,1,0,1,0
16.027604000,1,1,1,0
16.027708000,1,0,1,0
16.028644000,1,1,1,0
16.028748000,1,0,1,0
16.029685000,1,1,1,0
16.216670000,0,1,1,0
16.216774000,1,1,1,0
16.216878000,0,1,1,0
16.216982000,1,1,1,0
16.217086000,0,1,1,0
16.217191000,1,1,1,0
16.217295000,0,1,1,0
16.217399000,1,1,1,0
16.217503000,0,1,1,0
16.217607000,1,1,1,0
16.217711000,0,1,1,0
16.217920000,1,1,1,0
16.218024000,0,1,1,0
16.218128000,1,1,1,0
16.218232000,0,1,1,0
16.218337000,1,1,1,0
16.218441000,0,1,1,0
16.218545000,1,1,1,0
16.218753000,0,1,1,0
16.218858000,1,1,1,0
16.218962000,0,1,1,0
16.219691000,1,1,1,0
16.219795000,0,1,1,0
16.219900000,1,1,1,0
16.220004000,0,1,1,0
16.220733000,1,1,1,0
16.220837000,0,1,1,0
16.221150000,1,1,1,0
16.221254000,0,1,1,0
16.221775000,1,1,1,0
16.221945000,1,0,1,0
16.222049000,1,1,1,0
16.222153000,1,0,1,0
16.222258000,1,1,1,0
16.222361000,1,0,1,0
16.222466000,1,1,1,0
16.222570000,1,0,1,0
16.222674000,1,1,1,0
16.222778000,1,0,1,0
16.222882000,1,1,1,0
16.222986000,1,0,1,0
16.223194000,1,1,1,0
16.223298000,1,0,1,0
16.223402000,1,1,1,0
16.223506000,1,0,1,0
16.223610000,1,1,1,0
16.223714000,1,0,1,0
16.223818000,1,1,1,0
16.224026000,1,0,1,0
16.224130000,1,1,1,0
16.224234000,1,0,1,0
16.224962000,1,1,1,0
16.225066000,1,0,1,0
16.225170000,1,1,1,0
16.225274000,1,0,1,0
16.225378000,1,1,1,0
16.225482000,1,0,1,0
16.226002000,1,1,1,0
16.226106000,1,0,1,0
16.226418000,1,1,1,0
16.226522000,1,0,1,0
16.227043000,1,1,1,0
16.227146000,1,0,1,0
16.227459000,1,1,1,0
16.227563000,1,0,1,0
16.228083000,1,1,1,0
16.228187000,1,0,1,0
16.229123000,1,1,1,0
16.229227000,1,0,1,0
16.230163000,1,1,1,0
16.230267000,1,0,1,0
16.230371000,1,1,1,0
16.230475000,1,0,1,0
16.231203000,1,1,1,0
16.242090000,0,1,1,0
16.242195000,1,1,1,0
16.242299000,0,1,1,0
16.242403000,1,1,1,0
16.242507000,0,1,1,0
16.242611000,1,1,1,0
16.242715000,0,1,1,0
16.242820000,1,1,1,0
16.242924000,0,1,1,0
16.243028000,1,1,1,0
16.243132000,0,1,1,0
16.243341000,1,1,1,0
16.243445000,0,1,1,0
16.243549000,1,1,1,0
16.243653000,0,1,1,0
16.243757000,1,1,1,0
16.243861000,0,1,1,0
16.243966000,1,1,1,0
16.244174000,0,1,1,0
16.244278000,1,1,1,0
16.244382000,0,1,1,0
16.245112000,1,1,1,0
16.245216000,0,1,1,0
16.245320000,1,1,1,0
16.245424000,0,1,1,0
16.246154000,1,1,1,0
16.246258000,0,1,1,0
16.246570000,1,1,1,0
16.246674000,0,1,1,0
16.246883000,1,1,1,0
16.246987000,0,1,1,0
16.247196000,1,1,1,0
16.247399000,1,0,1,0
16.247503000,1,1,1,0
16.247607000,1,0,1,0
16.247711000,1,1,1,0
16.247815000,1,0,1,0
16.247919000,1,1,1,0
16.248023000,1,0,1,0
16.248127000,1,1,1,0
16.248231000,1,0,1,0
16.248335000,1,1,1,0
16.248439000,1,0,1,0
16.248647000,1,1,1,0
16.248751000,1,0,1,0
16.248855000,1,1,1,0
16.248959000,1,0,1,0
16.249063000,1,1,1,0
16.249167000,1,0,1,0
16.249271000,1,1,1,0
16.249479000,1,0,1,0
16.249583000,1,1,1,0
16.249687000,1,0,1,0
16.250416000,1,1,1,0
16.250520000,1,0,1,0
16.250624000,1,1,1,0
16.250728000,1,0,1,0
16.250832000,1,1,1,0
16.250936000,1,0,1,0
16.251456000,1,1,1,0
16.251560000,1,0,1,0
16.251872000,1,1,1,0
16.251976000,1,0,1,0
16.252184000,1,1,1,0
16.252288000,1,0,1,0
16.252496000,1,1,1,0
16.252600000,1,0,1,0
16.252912000,1,1,1,0
16.253016000,1,0,1,0
16.253536000,1,1,1,0
16.253640000,1,0,1,0
16.254576000,1,1,1,0
16.254680000,1,0,1,0
16.255617000,1,1,1,0
16.255721000,1,0,1,0
16.256657000,1,1,1,0
16.429308000,0,1,1,0
16.429412000,1,1,1,0
16.429516000,0,1,1,0
16.429620000,1,1,1,0
16.429724000,0,1,1,0
16.429829000,1,1,1,0
16.429933000,0,1,1,0
16.430037000,1,1,1,0
16.430141000,0,1,1,0
16.430245000,1,1,1,0
16.430349000,0,1,1,0
16.430558000,1,1,1,0
16.430662000,0,1,1,0
16.430766000,1,1,1,0
16.430870000,0,1,1,0
16.430975000,1,1,1,0
16.431079000,0,1,1,0
16.431183000,1,1,1,0
16.431391000,0,1,1,0
16.431496000,1,1,1,0
16.431600000,0,1,1,0
16.432329000,1,1,1,0
16.432433000,0,1,1,0
16.432537000,1,1,1,0
16.432641000,0,1,1,0
16.433371000,1,1,1,0
16.433475000,0,1,1,0
16.433788000,1,1,1,0
16.433892000,0,1,1,0
16.434413000,1,1,1,0
16.434566000,1,0,1,0
16.434670000,1,1,1,0
16.434774000,1,0,1,0
16.434878000,1,1,1,0
16.434982000,1,0,1,0
16.435086000,1,1,1,0
16.435190000,1,0,1,0
16.435294000,1,1,1,0
16.435398000,1,0,1,0
16.435502000,1,1,1,0
16.435606000,1,0,1,0
16.435814000,1,1,1,0
16.435918000,1,0,1,0
16.436022000,1,1,1,0
16.436126000,1,0,1,0
16.436230000,1,1,1,0
16.436334000,1,0,1,0
16.436438000,1,1,1,0
16.436646000,1,0,1,0
16.436750000,1,1,1,0
16.436854000,1,0,1,0
16.437582000,1,1,1,0
16.437686000,1,0,1,0
16.437790000,1,1,1,0
16.437894000,1,0,1,0
16.437998000,1,1,1,0
16.438102000,1,0,1,0
16.438623000,1,1,1,0
16.438727000,1,0,1,0
16.439039000,1,1,1,0
16.439143000,1,0,1,0
16.439663000,1,1,1,0
16.439767000,1,0,1,0
16.440079000,1,1,1,0
16.440183000,1,0,1,0
16.440703000,1,1,1,0
16.440807000,1,0,1,0
16.441743000,1,1,1,0
16.441847000,1,0,1,0
16.442783000,1,1,1,0
16.442887000,1,0,1,0
16.442992000,1,1,1,0
16.443095000,1,0,1,0
16.443824000,1,1,1,0
16.454728000,0,1,1,0
16.454833000,1,1,1,0
16.454937000,0,1,1,0
16.455041000,1,1,1,0
16.455145000,0,1,1,0
16.455249000,1,1,1,0
16.455353000,0,1,1,0
16.455458000,1,1,1,0
16.455562000,0,1,1,0
16.455666000,1,1,1,0
16.455770000,0,1,1,0
16.455979000,1,1,1,0
16.456083000,0,1,1,0
16.456187000,1,1,1,0
16.456291000,0,1,1,0
16.456395000,1,1,1,0
16.456499000,0,1,1,0
16.456604000,1,1,1,0
16.456812000,0,1,1,0
16.456916000,1,1,1,0
16.457020000,0,1,1,0
16.457750000,1,1,1,0
16.457854000,0,1,1,0
16.457958000,1,1,1,0
16.458062000,0,1,1,0
16.458792000,1,1,1,0
16.458896000,0,1,1,0
16.459208000,1,1,1,0
16.459312000,0,1,1,0
16.459521000,1,1,1,0
16.459625000,0,1,1,0
16.459833000,1,1,1,0
16.459912000,1,0,1,0
16.460016000,1,1,1,0
16.460120000,1,0,1,0
16.460224000,1,1,1,0
16.460328000,1,0,1,0
16.460433000,1,1,1,0
16.460536000,1,0,1,0
16.460641000,1,1,1,0
16.460745000,1,0,1,0
16.460849000,1,1,1,0
16.460953000,1,0,1,0
16.461161000,1,1,1,0
16.461265000,1,0,1,0
16.461369000,1,1,1,0
16.461473000,1,0,1,0
16.461577000,1,1,1,0
16.461681000,1,0,1,0
16.461785000,1,1,1,0
16.461993000,1,0,1,0
16.462097000,1,1,1,0
16.462201000,1,0,1,0
16.462929000,1,1,1,0
16.463033000,1,0,1,0
16.463137000,1,1,1,0
16.463241000,1,0,1,0
16.463345000,1,1,1,0
16.463449000,1,0,1,0
16.463969000,1,1,1,0
16.464073000,1,0,1,0
16.464385000,1,1,1,0
16.464489000,1,0,1,0
16.464697000,1,1,1,0
16.464801000,1,0,1,0
16.465009000,1,1,1,0
16.465113000,1,0,1,0
16.465426000,1,1,1,0
16.465529000,1,0,1,0
16.466050000,1,1,1,0
16.466154000,1,0,1,0
16.467090000,1,1,1,0
16.467194000,1,0,1,0
16.468130000,1,1,1,0
16.468234000,1,0,1,0
16.469170000,1,1,1,0
16.641946000,0,1,1,0
16.642050000,1,1,1,0
16.642154000,0,1,1,0
16.642258000,1,1,1,0
16.642362000,0,1,1,0
16.642467000,1,1,1,0
16.642571000,0,1,1,0
16.642675000,1,1,1,0
16.642779000,0,1,1,0
16.642883000,1,1,1,0
16.642987000,0,1,1,0
16.643196000,1,1,1,0
16.643300000,0,1,1,0
16.643404000,1,1,1,0
16.643508000,0,1,1,0
16.643613000,1,1,1,0
16.643717000,0,1,1,0
16.643821000,1,1,1,0
16.644029000,0,1,1,0
16.644134000,1,1,1,0
16.644238000,0,1,1,0
16.644967000,1,1,1,0
16.645071000,0,1,1,0
16.645175000,1,1,1,0
16.645279000,0,1,1,0
16.646009000,1,1,1,0
16.646113000,0,1,1,0
16.646426000,1,1,1,0
16.646530000,0,1,1,0
16.647051000,1,1,1,0
16.647186000,1,0,1,0
16.647290000,1,1,1,0
16.647394000,1,0,1,0
16.647498000,1,1,1,0
16.647602000,1,0,1,0
16.647706000,1,1,1,0
16.647810000,1,0,1,0
16.647914000,1,1,1,0
16.648018000,1,0,1,0
16.648122000,1,1,1,0
16.648226000,1,0,1,0
16.648434000,1,1,1,0
16.648538000,1,0,1,0
16.648642000,1,1,1,0
16.648746000,1,0,1,0
16.648850000,1,1,1,0
16.648954000,1,0,1,0
16.649058000,1,1,1,0
16.649266000,1,0,1,0
16.649371000,1,1,1,0
16.649474000,1,0,1,0
16.650203000,1,1,1,0
16.650307000,1,0,1,0
16.650411000,1,1,1,0
16.650515000,1,0,1,0
16.650619000,1,1,1,0
16.650723000,1,0,1,0
16.651243000,1,1,1,0
16.651347000,1,0,1,0
16.651659000,1,1,1,0
16.651763000,1,0,1,0
16.652283000,1,1,1,0
16.652387000,1,0,1,0
16.652699000,1,1,1,0
16.652803000,1,0,1,0
16.653323000,1,1,1,0
16.653427000,1,0,1,0
16.654364000,1,1,1,0
16.654468000,1,0,1,0
16.655404000,1,1,1,0
16.655508000,1,0,1,0
16.655612000,1,1,1,0
16.655716000,1,0,1,0
16.656444000,1,1,1,0
16.667366000,0,1,1,0
16.667471000,1,1,1,0
16.667575000,0,1,1,0
16.667679000,1,1,1,0
16.667783000,0,1,1,0
16.667887000,1,1,1,0
16.667991000,0,1,1,0
16.668096000,1,1,1,0
16.668200000,0,1,1,0
16.668304000,1,1,1,0
16.668408000,0,1,1,0
16.668617000,1,1,1,0
16.668721000,0,1,1,0
16.668825000,1,1,1,0
16.668929000,0,1,1,0
16.669033000,1,1,1,0
16.669137000,0,1,1,0
16.669242000,1,1,1,0
16.669450000,0,1,1,0
16.669554000,1,1,1,0
16.669658000,0,1,1,0
16.670388000,1,1,1,0
16.670492000,0,1,1,0
16.670596000,1,1,1,0
16.670700000,0,1,1,0
16.671430000,1,1,1,0
16.671534000,0,1,1,0
16.671846000,1,1,1,0
16.671950000,0,1,1,0
16.672159000,1,1,1,0
16.672263000,0,1,1,0
16.672471000,1,1,1,0
16.672634000,1,0,1,0
16.672738000,1,1,1,0
16.672842000,1,0,1,0
16.672946000,1,1,1,0
16.673050000,1,0,1,0
16.673154000,1,1,1,0
16.673258000,1,0,1,0
16.673362000,1,1,1,0
16.673466000,1,0,1,0
16.673570000,1,1,1,0
16.673674000,1,0,1,0
16.673882000,1,1,1,0
16.673986000,1,0,1,0
16.674090000,1,1,1,0
16.674194000,1,0,1,0
16.674298000,1,1,1,0
16.674402000,1,0,1,0
16.674506000,1,1,1,0
16.674714000,1,0,1,0
16.674818000,1,1,1,0
16.674922000,1,0,1,0
16.675650000,1,1,1,0
16.675754000,1,0,1,0
16.675858000,1,1,1,0
16.675962000,1,0,1,0
16.676067000,1,1,1,0
16.676170000,1,0,1,0
16.676691000,1,1,1,0
16.676795000,1,0,1,0
16.677107000,1,1,1,0
16.677211000,1,0,1,0
16.677419000,1,1,1,0
16.677523000,1,0,1,0
16.677731000,1,1,1,0
16.677835000,1,0,1,0
16.678147000,1,1,1,0
16.678251000,1,0,1,0
16.678771000,1,1,1,0
16.678875000,1,0,1,0
16.679811000,1,1,1,0
16.679915000,1,0,1,0
16.680851000,1,1,1,0
16.680955000,1,0,1,0
16.681892000,1,1,1,0
16.884172000,0,1,1,0
16.884276000,1,1,1,0
16.884380000,0,1,1,0
16.884484000,1,1,1,0
16.884588000,0,1,1,0
16.884693000,1,1,1,0
16.884797000,0,1,1,0
16.884901000,1,1,1,0
16.885005000,0,1,1,0
16.885109000,1,1,1,0
16.885213000,0,1,1,0
16.885422000,1,1,1,0
16.885526000,0,1,1,0
16.885630000,1,1,1,0
16.885734000,0,1,1,0
16.885839000,1,1,1,0
16.885943000,0,1,1,0
16.886047000,1,1,1,0
16.886255000,0,1,1,0
16.886360000,1,1,1,0
16.886464000,0,1,1,0
16.887193000,1,1,1,0
16.887297000,0,1,1,0
16.887401000,1,1,1,0
16.887505000,0,1,1,0
16.888235000,1,1,1,0
16.888339000,0,1,1,0
16.888652000,1,1,1,0
16.888756000,0,1,1,0
16.889277000,1,1,1,0
16.889453000,1,0,1,0
16.889557000,1,1,1,0
16.889661000,1,0,1,0
16.889765000,1,1,1,0
16.889869000,1,0,1,0
16.889973000,1,1,1,0
16.890077000,1,0,1,0
16.890181000,1,1,1,0
16.890285000,1,0,1,0
16.890389000,1,1,1,0
16.890493000,1,0,1,0
16.890701000,1,1,1,0
16.890805000,1,0,1,0
16.890909000,1,1,1,0
16.891013000,1,0,1,0
16.891117000,1,1,1,0
16.891221000,1,0,1,0
16.891325000,1,1,1,0
16.891533000,1,0,1,0
16.891637000,1,1,1,0
16.891741000,1,0,1,0
16.892469000,1,1,1,0
16.892573000,1,0,1,0
16.892677000,1,1,1,0
16.892781000,1,0,1,0
16.892885000,1,1,1,0
16.892989000,1,0,1,0
16.893509000,1,1,1,0
16.893613000,1,0,1,0
16.893926000,1,1,1,0
16.894029000,1,0,1,0
16.894550000,1,1,1,0
16.894654000,1,0,1,0
16.894966000,1,1,1,0
16.895070000,1,0,1,0
16.895590000,1,1,1,0
16.895694000,1,0,1,0
16.896630000,1,1,1,0
16.896734000,1,0,1,0
16.897670000,1,1,1,0
16.897774000,1,0,1,0
16.897878000,1,1,1,0
16.897982000,1,0,1,0
16.898711000,1,1,1,0
16.909592000,0,1,1,0
16.909697000,1,1,1,0
16.909801000,0,1,1,0
16.909905000,1,1,1,0
16.910009000,0,1,1,0
16.910113000,1,1,1,0
16.910217000,0,1,1,0
16.910322000,1,1,1,0
16.910426000,0,1,1,0
16.910530000,1,1,1,0
16.910634000,0,1,1,0
16.910843000,1,1,1,0
16.910947000,0,1,1,0
16.911051000,1,1,1,0
16.911155000,0,1,1,0
16.911259000,1,1,1,0
16.911363000,0,1,1,0
16.911468000,1,1,1,0
16.911676000,0,1,1,0
16.911780000,1,1,1,0
16.911884000,0,1,1,0
16.912614000,1,1,1,0
16.912718000,0,1,1,0
16.912822000,1,1,1,0
16.912926000,0,1,1,0
16.913656000,1,1,1,0
16.913760000,0,1,1,0
16.914072000,1,1,1,0
16.914176000,0,1,1,0
16.914385000,1,1,1,0
16.914489000,0,1,1,0
16.914697000,1,1,1,0
16.914793000,1,0,1,0
16.914897000,1,1,1,0
16.915001000,1,0,1,0
16.915105000,1,1,1,0
16.915209000,1,0,1,0
16.915313000,1,1,1,0
16.915417000,1,0,1,0
16.915521000,1,1,1,0
16.915625000,1,0,1,0
16.915729000,1,1,1,0
16.915833000,1,0,1,0
16.916041000,1,1,1,0
16.916145000,1,0,1,0
16.916249000,1,1,1,0
16.916353000,1,0,1,0
16.916457000,1,1,1,0
16.916561000,1,0,1,0
16.916665000,1,1,1,0
16.916873000,1,0,1,0
16.916977000,1,1,1,0
16.917081000,1,0,1,0
16.917810000,1,1,1,0
16.917914000,1,0,1,0
16.918018000,1,1,1,0
16.918122000,1,0,1,0
16.918226000,1,1,1,0
16.918330000,1,0,1,0
16.918850000,1,1,1,0
16.918954000,1,0,1,0
16.919266000,1,1,1,0
16.919370000,1,0,1,0
16.919578000,1,1,1,0
16.919682000,1,0,1,0
16.919890000,1,1,1,0
16.919994000,1,0,1,0
16.920306000,1,1,1,0
16.920410000,1,0,1,0
16.920930000,1,1,1,0
16.921034000,1,0,1,0
16.921970000,1,1,1,0
16.922074000,1,0,1,0
16.923011000,1,1,1,0
16.923115000,1,0,1,0
16.924051000,1,1,1,0
17.111083000,0,1,1,0
17.111187000,1,1,1,0
17.111291000,0,1,1,0
17.111395000,1,1,1,0
17.111499000,0,1,1,0
17.111604000,1,1,1,0
17.111708000,0,1,1,0
17.111812000,1,1,1,0
17.111916000,0,1,1,0
17.112021000,1,1,1,0
17.112125000,0,1,1,0
17.112333000,1,1,1,0
17.112437000,0,1,1,0
17.112541000,1,1,1,0
17.112645000,0,1,1,0
17.112750000,1,1,1,0
17.112854000,0,1,1,0
17.112958000,1,1,1,0
17.113166000,0,1,1,0
17.113271000,1,1,1,0
17.113375000,0,1,1,0
17.114104000,1,1,1,0
17.114208000,0,1,1,0
17.114313000,1,1,1,0
17.114417000,0,1,1,0
17.115146000,1,1,1,0
17.115250000,0,1,1,0
17.115563000,1,1,1,0
17.115667000,0,1,1,0
17.116188000,1,1,1,0
17.116324000,1,0,1,0
17.116428000,1,1,1,0
17.116532000,1,0,1,0
17.116636000,1,1,1,0
17.116740000,1,0,1,0
17.116844000,1,1,1,0
17.116948000,1,0,1,0
17.117052000,1,1,1,0
17.117156000,1,0,1,0
17.117260000,1,1,1,0
17.117364000,1,0,1,0
17.117572000,1,1,1,0
17.117676000,1,0,1,0
17.117780000,1,1,1,0
17.117884000,1,0,1,0
17.117988000,1,1,1,0
17.118092000,1,0,1,0
17.118196000,1,1,1,0
17.118404000,1,0,1,0
17.118508000,1,1,1,0
17.118612000,1,0,1,0
17.119341000,1,1,1,0
17.119444000,1,0,1,0
17.119549000,1,1,1,0
17.119652000,1,0,1,0
17.119757000,1,1,1,0
17.119861000,1,0,1,0
17.120381000,1,1,1,0
17.120485000,1,0,1,0
17.120797000,1,1,1,0
17.120901000,1,0,1,0
17.121421000,1,1,1,0
17.121525000,1,0,1,0
17.121837000,1,1,1,0
17.121941000,1,0,1,0
17.122461000,1,1,1,0
17.122565000,1,0,1,0
17.123501000,1,1,1,0
17.123605000,1,0,1,0
17.124542000,1,1,1,0
17.124646000,1,0,1,0
17.124750000,1,1,1,0
17.124854000,1,0,1,0
17.125582000,1,1,1,0
17.136503000,0,1,1,0
17.136608000,1,1,1,0
17.136712000,0,1,1,0
17.136816000,1,1,1,0
17.136920000,0,1,1,0
17.137024000,1,1,1,0
17.137129000,0,1,1,0
17.137233000,1,1,1,0
17.137337000,0,1,1,0
17.137441000,1,1,1,0
17.137545000,0,1,1,0
17.137754000,1,1,1,0
17.137858000,0,1,1,0
17.137962000,1,1,1,0
17.138066000,0,1,1,0
17.138171000,1,1,1,0
17.138275000,0,1,1,0
17.138379000,1,1,1,0
17.138587000,0,1,1,0
17.138691000,1,1,1,0
17.138795000,0,1,1,0
17.139525000,1,1,1,0
17.139629000,0,1,1,0
17.139733000,1,1,1,0
17.139837000,0,1,1,0
17.140567000,1,1,1,0
17.140671000,0,1,1,0
17.140983000,1,1,1,0
17.141087000,0,1,1,0
17.141296000,1,1,1,0
17.141400000,0,1,1,0
17.141609000,1,1,1,0
17.141765000,1,0,1,0
17.141869000,1,1,1,0
17.141973000,1,0,1,0
17.142077000,1,1,1,0
17.142181000,1,0,1,0
17.142285000,1,1,1,0
17.142389000,1,0,1,0
17.142493000,1,1,1,0
17.142597000,1,0,1,0
17.142701000,1,1,1,0
17.142805000,1,0,1,0
17.143013000,1,1,1,0
17.143117000,1,0,1,0
17.143221000,1,1,1,0
17.143325000,1,0,1,0
17.143430000,1,1,1,0
17.143533000,1,0,1,0
17.143638000,1,1,1,0
17.143846000,1,0,1,0
17.143950000,1,1,1,0
17.144054000,1,0,1,0
17.144782000,1,1,1,0
17.144886000,1,0,1,0
17.144990000,1,1,1,0
17.145094000,1,0,1,0
17.145198000,1,1,1,0
17.145302000,1,0,1,0
17.145822000,1,1,1,0
17.145926000,1,0,1,0
17.146238000,1,1,1,0
17.146342000,1,0,1,0
17.146550000,1,1,1,0
17.146654000,1,0,1,0
17.146862000,1,1,1,0
17.146966000,1,0,1,0
17.147278000,1,1,1,0
17.147382000,1,0,1,0
17.147902000,1,1,1,0
17.148006000,1,0,1,0
17.148943000,1,1,1,0
17.149047000,1,0,1,0
17.149983000,1,1,1,0
17.150087000,1,0,1,0
17.151023000,1,1,1,0
17.373833000,0,1,1,0
17.373937000,1,1,1,0
17.374041000,0,1,1,0
17.374146000,1,1,1,0
17.374250000,0,1,1,0
17.374354000,1,1,1,0
17.374458000,0,1,1,0
17.374562000,1,1,1,0
17.374666000,0,1,1,0
17.374771000,1,1,1,0
17.374875000,0,1,1,0
17.375083000,1,1,1,0
17.375187000,0,1,1,0
17.375292000,1,1,1,0
17.375396000,0,1,1,0
17.375500000,1,1,1,0
17.375604000,0,1,1,0
17.375708000,1,1,1,0
17.375916000,0,1,1,0
17.376021000,1,1,1,0
17.376125000,0,1,1,0
17.376854000,1,1,1,0
17.376958000,0,1,1,0
17.377063000,1,1,1,0
17.377167000,0,1,1,0
17.377896000,1,1,1,0
17.378000000,0,1,1,0
17.378313000,1,1,1,0
17.378417000,0,1,1,0
17.378938000,1,1,1,0
17.379083000,1,0,1,0
17.379187000,1,1,1,0
17.379291000,1,0,1,0
17.379395000,1,1,1,0
17.379499000,1,0,1,0
17.379603000,1,1,1,0
17.379707000,1,0,1,0
17.379811000,1,1,1,0
17.379915000,1,0,1,0
17.380019000,1,1,1,0
17.380123000,1,0,1,0
17.380331000,1,1,1,0
17.380435000,1,0,1,0
17.380539000,1,1,1,0
17.380643000,1,0,1,0
17.380747000,1,1,1,0
17.380851000,1,0,1,0
17.380955000,1,1,1,0
17.381163000,1,0,1,0
17.381267000,1,1,1,0
17.381371000,1,0,1,0
17.382099000,1,1,1,0
17.382203000,1,0,1,0
17.382307000,1,1,1,0
17.382411000,1,0,1,0
17.382515000,1,1,1,0
17.382619000,1,0,1,0
17.383139000,1,1,1,0
17.383243000,1,0,1,0
17.383556000,1,1,1,0
17.383660000,1,0,1,0
17.384180000,1,1,1,0
17.384284000,1,0,1,0
17.384596000,1,1,1,0
17.384700000,1,0,1,0
17.385220000,1,1,1,0
17.385324000,1,0,1,0
17.386260000,1,1,1,0
17.386364000,1,0,1,0
17.387300000,1,1,1,0
17.387404000,1,0,1,0
17.387508000,1,1,1,0
17.387612000,1,0,1,0
17.388341000,1,1,1,0
17.399254000,0,1,1,0
17.399358000,1,1,1,0
17.399462000,0,1,1,0
17.399566000,1,1,1,0
17.399670000,0,1,1,0
17.399775000,1,1,1,0
17.399879000,0,1,1,0
17.399983000,1,1,1,0
17.400087000,0,1,1,0
17.400191000,1,1,1,0
17.400295000,0,1,1,0
17.400504000,1,1,1,0
17.400608000,0,1,1,0
17.400712000,1,1,1,0
17.400816000,0,1,1,0
17.400921000,1,1,1,0
17.401025000,0,1,1,0
17.401129000,1,1,1,0
17.401337000,0,1,1,0
17.401442000,1,1,1,0
17.401546000,0,1,1,0
17.402275000,1,1,1,0
17.402379000,0,1,1,0
17.402483000,1,1,1,0
17.402587000,0,1,1,0
17.403317000,1,1,1,0
17.403421000,0,1,1,0
17.403734000,1,1,1,0
17.403838000,0,1,1,0
17.404046000,1,1,1,0
17.404150000,0,1,1,0
17.404359000,1,1,1,0
17.404520000,1,0,1,0
17.404624000,1,1,1,0
17.404728000,1,0,1,0
17.404832000,1,1,1,0
17.404936000,1,0,1,0
17.405040000,1,1,1,0
17.405144000,1,0,1,0
17.405248000,1,1,1,0
17.405352000,1,0,1,0
17.405457000,1,1,1,0
17.405560000,1,0,1,0
17.405769000,1,1,1,0
17.405873000,1,0,1,0
17.405977000,1,1,1,0
17.406081000,1,0,1,0
17.406185000,1,1,1,0
17.406289000,1,0,1,0
17.406393000,1,1,1,0
17.406601000,1,0,1,0
17.406705000,1,1,1,0
17.406809000,1,0,1,0
17.407537000,1,1,1,0
17.407641000,1,0,1,0
17.407745000,1,1,1,0
17.407849000,1,0,1,0
17.407953000,1,1,1,0
17.408057000,1,0,1,0
17.408577000,1,1,1,0
17.408681000,1,0,1,0
17.408993000,1,1,1,0
17.409097000,1,0,1,0
17.409305000,1,1,1,0
17.409409000,1,0,1,0
17.409617000,1,1,1,0
17.409721000,1,0,1,0
17.410033000,1,1,1,0
17.410137000,1,0,1,0
17.410658000,1,1,1,0
17.410762000,1,0,1,0
17.411698000,1,1,1,0
17.411802000,1,0,1,0
17.412738000,1,1,1,0
17.412842000,1,0,1,0
17.413778000,1,1,1,0
17.620747000,0,1,1,0
17.620851000,1,1,1,0
17.620955000,0,1,1,0
17.621060000,1,1,1,0
17.621164000,0,1,1,0
17.621268000,1,1,1,0
17.621372000,0,1,1,0
17.621477000,1,1,1,0
17.621581000,0,1,1,0
17.621685000,1,1,1,0
17.621789000,0,1,1,0
17.621997000,1,1,1,0
17.622101000,0,1,1,0
17.622206000,1,1,1,0
17.622310000,0,1,1,0
17.622414000,1,1,1,0
17.622518000,0,1,1,0
17.622623000,1,1,1,0
17.622831000,0,1,1,0
17.622935000,1,1,1,0
17.623039000,0,1,1,0
17.623769000,1,1,1,0
17.623873000,0,1,1,0
17.623977000,1,1,1,0
17.624081000,0,1,1,0
17.624810000,1,1,1,0
17.624914000,0,1,1,0
17.625227000,1,1,1,0
17.625331000,0,1,1,0
17.625852000,1,1,1,0
17.626030000,1,0,1,0
17.626134000,1,1,1,0
17.626238000,1,0,1,0
17.626342000,1,1,1,0
17.626446000,1,0,1,0
17.626550000,1,1,1,0
17.626654000,1,0,1,0
17.626758000,1,1,1,0
17.626862000,1,0,1,0
17.626966000,1,1,1,0
17.627070000,1,0,1,0
17.627278000,1,1,1,0
17.627382000,1,0,1,0
17.627486000,1,1,1,0
17.627590000,1,0,1,0
17.627694000,1,1,1,0
17.627798000,1,0,1,0
17.627902000,1,1,1,0
17.628110000,1,0,1,0
17.628215000,1,1,1,0
17.628319000,1,0,1,0
17.629047000,1,1,1,0
17.629151000,1,0,1,0
17.629255000,1,1,1,0
17.629359000,1,0,1,0
17.629463000,1,1,1,0
17.629567000,1,0,1,0
17.630087000,1,1,1,0
17.630191000,1,0,1,0
17.630503000,1,1,1,0
17.630607000,1,0,1,0
17.631127000,1,1,1,0
17.631231000,1,0,1,0
17.631543000,1,1,1,0
17.631647000,1,0,1,0
17.632167000,1,1,1,0
17.632271000,1,0,1,0
17.633208000,1,1,1,0
17.633312000,1,0,1,0
17.634248000,1,1,1,0
17.634456000,1,0,1,0
17.634560000,1,1,1,0
17.634664000,1,0,1,0
17.635392000,1,1,1,0
17.646168000,0,1,1,0
17.646272000,1,1,1,0
17.646376000,0,1,1,0
17.646480000,1,1,1,0
17.646585000,0,1,1,0
17.646689000,1,1,1,0
17.646793000,0,1,1,0
17.646897000,1,1,1,0
17.647001000,0,1,1,0
17.647106000,1,1,1,0
17.647210000,0,1,1,0
17.647418000,1,1,1,0
17.647522000,0,1,1,0
17.647627000,1,1,1,0
17.647731000,0,1,1,0
17.647835000,1,1,1,0
17.647939000,0,1,1,0
17.648043000,1,1,1,0
17.648251000,0,1,1,0
17.648356000,1,1,1,0
17.648460000,0,1,1,0
17.649189000,1,1,1,0
17.649293000,0,1,1,0
17.649398000,1,1,1,0
17.649502000,0,1,1,0
17.650231000,1,1,1,0
17.650335000,0,1,1,0
17.650648000,1,1,1,0
17.650752000,0,1,1,0
17.650960000,1,1,1,0
17.651064000,0,1,1,0
17.651273000,1,1,1,0
17.651360000,1,0,1,0
17.651464000,1,1,1,0
17.651568000,1,0,1,0
17.651672000,1,1,1,0
17.651776000,1,0,1,0
17.651881000,1,1,1,0
17.651984000,1,0,1,0
17.652089000,1,1,1,0
17.652193000,1,0,1,0
17.652297000,1,1,1,0
17.652401000,1,0,1,0
17.652609000,1,1,1,0
17.652713000,1,0,1,0
17.652817000,1,1,1,0
17.652921000,1,0,1,0
17.653025000,1,1,1,0
17.653129000,1,0,1,0
17.653233000,1,1,1,0
17.653441000,1,0,1,0
17.653545000,1,1,1,0
17.653649000,1,0,1,0
17.654377000,1,1,1,0
17.654481000,1,0,1,0
17.654585000,1,1,1,0
17.654689000,1,0,1,0
17.654793000,1,1,1,0
17.654897000,1,0,1,0
17.655417000,1,1,1,0
17.655521000,1,0,1,0
17.655833000,1,1,1,0
17.655937000,1,0,1,0
17.656145000,1,1,1,0
17.656249000,1,0,1,0
17.656457000,1,1,1,0
17.656561000,1,0,1,0
17.656873000,1,1,1,0
17.656977000,1,0,1,0
17.657498000,1,1,1,0
17.657602000,1,0,1,0
17.658538000,1,1,1,0
17.658642000,1,0,1,0
17.659578000,1,1,1,0
17.659682000,1,0,1,0
17.660618000,1,1,1,0
17.853388000,0,1,1,0
17.853493000,1,1,1,0
17.853597000,0,1,1,0
17.853701000,1,1,1,0
17.853805000,0,1,1,0
17.853909000,1,1,1,0
17.854013000,0,1,1,0
17.854118000,1,1,1,0
17.854222000,0,1,1,0
17.854326000,1,1,1,0
17.854430000,0,1,1,0
17.854639000,1,1,1,0
17.854743000,0,1,1,0
17.854847000,1,1,1,0
17.854951000,0,1,1,0
17.855055000,1,1,1,0
17.855159000,0,1,1,0
17.855264000,1,1,1,0
17.855472000,0,1,1,0
17.855576000,1,1,1,0
17.855680000,0,1,1,0
17.856410000,1,1,1,0
17.856514000,0,1,1,0
17.856618000,1,1,1,0
17.856722000,0,1,1,0
17.857452000,1,1,1,0
17.857556000,0,1,1,0
17.857868000,1,1,1,0
17.857972000,0,1,1,0
17.858493000,1,1,1,0
17.858727000,1,0,1,0
17.858831000,1,1,1,0
17.858935000,1,0,1,0
17.859039000,1,1,1,0
17.859143000,1,0,1,0
17.859247000,1,1,1,0
17.859351000,1,0,1,0
17.859455000,1,1,1,0
17.859559000,1,0,1,0
17.859663000,1,1,1,0
17.859767000,1,0,1,0
17.859975000,1,1,1,0
17.860079000,1,0,1,0
17.860183000,1,1,1,0
17.860287000,1,0,1,0
17.860391000,1,1,1,0
17.860495000,1,0,1,0
17.860599000,1,1,1,0
17.860807000,1,0,1,0
17.860911000,1,1,1,0
17.861015000,1,0,1,0
17.861743000,1,1,1,0
17.861847000,1,0,1,0
17.861951000,1,1,1,0
17.862055000,1,0,1,0
17.862159000,1,1,1,0
17.862263000,1,0,1,0
17.862783000,1,1,1,0
17.862887000,1,0,1,0
17.863200000,1,1,1,0
17.863303000,1,0,1,0
17.863824000,1,1,1,0
17.863928000,1,0,1,0
17.864240000,1,1,1,0
17.864344000,1,0,1,0
17.864864000,1,1,1,0
17.864968000,1,0,1,0
17.865904000,1,1,1,0
17.866008000,1,0,1,0
17.866944000,1,1,1,0
17.867048000,1,0,1,0
17.867152000,1,1,1,0
17.867256000,1,0,1,0
17.867985000,1,1,1,0
17.878809000,0,1,1,0
17.878913000,1,1,1,0
17.879017000,0,1,1,0
17.879122000,1,1,1,0
17.879226000,0,1,1,0
17.879330000,1,1,1,0
17.879434000,0,1,1,0
17.879538000,1,1,1,0
17.879642000,0,1,1,0
17.879747000,1,1,1,0
17.879851000,0,1,1,0
17.880059000,1,1,1,0
17.880163000,0,1,1,0
17.880268000,1,1,1,0
17.880372000,0,1,1,0
17.880476000,1,1,1,0
17.880580000,0,1,1,0
17.880684000,1,1,1,0
17.880893000,0,1,1,0
17.880997000,1,1,1,0
17.881101000,0,1,1,0
17.881830000,1,1,1,0
17.881934000,0,1,1,0
17.882039000,1,1,1,0
17.882143000,0,1,1,0
17.882872000,1,1,1,0
17.882976000,0,1,1,0
17.883289000,1,1,1,0
17.883393000,0,1,1,0
17.883602000,1,1,1,0
17.883706000,0,1,1,0
17.883914000,1,1,1,0
17.884054000,1,0,1,0
17.884158000,1,1,1,0
17.884262000,1,0,1,0
17.884366000,1,1,1,0
17.884470000,1,0,1,0
17.884574000,1,1,1,0
17.884678000,1,0,1,0
17.884782000,1,1,1,0
17.884886000,1,0,1,0
17.884990000,1,1,1,0
17.885094000,1,0,1,0
17.885302000,1,1,1,0
17.885406000,1,0,1,0
17.885510000,1,1,1,0
17.885614000,1,0,1,0
17.885718000,1,1,1,0
17.885822000,1,0,1,0
17.885926000,1,1,1,0
17.886134000,1,0,1,0
17.886238000,1,1,1,0
17.886342000,1,0,1,0
17.887070000,1,1,1,0
17.887174000,1,0,1,0
17.887278000,1,1,1,0
17.887382000,1,0,1,0
17.887486000,1,1,1,0
17.887590000,1,0,1,0
17.888111000,1,1,1,0
17.888214000,1,0,1,0
17.888527000,1,1,1,0
17.888631000,1,0,1,0
17.888839000,1,1,1,0
17.888943000,1,0,1,0
17.889151000,1,1,1,0
17.889255000,1,0,1,0
17.889567000,1,1,1,0
17.889671000,1,0,1,0
17.890191000,1,1,1,0
17.890295000,1,0,1,0
17.891231000,1,1,1,0
17.891335000,1,0,1,0
17.892271000,1,1,1,0
17.892375000,1,0,1,0
17.893312000,1,1,1,0
18.086029000,0,1,1,0
18.086134000,1,1,1,0
18.086238000,0,1,1,0
18.086342000,1,1,1,0
18.086446000,0,1,1,0
18.086550000,1,1,1,0
18.086654000,0,1,1,0
18.086759000,1,1,1,0
18.086863000,0,1,1,0
18.086967000,1,1,1,0
18.087071000,0,1,1,0
18.087280000,1,1,1,0
18.087384000,0,1,1,0
18.087488000,1,1,1,0
18.087592000,0,1,1,0
18.087696000,1,1,1,0
18.087801000,0,1,1,0
18.087905000,1,1,1,0
18.088113000,0,1,1,0
18.088217000,1,1,1,0
18.088321000,0,1,1,0
18.089051000,1,1,1,0
18.089155000,0,1,1,0
18.089259000,1,1,1,0
18.089363000,0,1,1,0
18.090093000,1,1,1,0
18.090197000,0,1,1,0
18.090509000,1,1,1,0
18.090613000,0,1,1,0
18.091135000,1,1,1,0
18.091215000,1,0,1,0
18.091319000,1,1,1,0
18.091423000,1,0,1,0
18.091527000,1,1,1,0
18.091631000,1,0,1,0
18.091735000,1,1,1,0
18.091839000,1,0,1,0
18.091943000,1,1,1,0
18.092047000,1,0,1,0
18.092151000,1,1,1,0
18.092255000,1,0,1,0
18.092463000,1,1,1,0
18.092567000,1,0,1,0
18.092671000,1,1,1,0
18.092775000,1,0,1,0
18.092879000,1,1,1,0
18.092983000,1,0,1,0
18.093087000,1,1,1,0
18.093295000,1,0,1,0
18.093400000,1,1,1,0
18.093503000,1,0,1,0
18.094232000,1,1,1,0
18.094336000,1,0,1,0
18.094440000,1,1,1,0
18.094544000,1,0,1,0
18.094648000,1,1,1,0
18.094752000,1,0,1,0
18.095272000,1,1,1,0
18.095376000,1,0,1,0
18.095688000,1,1,1,0
18.095792000,1,0,1,0
18.096312000,1,1,1,0
18.096416000,1,0,1,0
18.096728000,1,1,1,0
18.096832000,1,0,1,0
18.097352000,1,1,1,0
18.097456000,1,0,1,0
18.098393000,1,1,1,0
18.098497000,1,0,1,0
18.099433000,1,1,1,0
18.099537000,1,0,1,0
18.099641000,1,1,1,0
18.099745000,1,0,1,0
18.100473000,1,1,1,0
18.111450000,0,1,1,0
18.111554000,1,1,1,0
18.111658000,0,1,1,0
18.111763000,1,1,1,0
18.111867000,0,1,1,0
18.111971000,1,1,1,0
18.112075000,0,1,1,0
18.112180000,1,1,1,0
18.112284000,0,1,1,0
18.112388000,1,1,1,0
18.112492000,0,1,1,0
18.112700000,1,1,1,0
18.112804000,0,1,1,0
18.112909000,1,1,1,0
18.113013000,0,1,1,0
18.113117000,1,1,1,0
18.113221000,0,1,1,0
18.113326000,1,1,1,0
18.113534000,0,1,1,0
18.113638000,1,1,1,0
18.113742000,0,1,1,0
18.114472000,1,1,1,0
18.114576000,0,1,1,0
18.114680000,1,1,1,0
18.114784000,0,1,1,0
18.115513000,1,1,1,0
18.115617000,0,1,1,0
18.115930000,1,1,1,0
18.116034000,0,1,1,0
18.116243000,1,1,1,0
18.116347000,0,1,1,0
18.116555000,1,1,1,0
18.116643000,1,0,1,0
18.116747000,1,1,1,0
18.116851000,1,0,1,0
18.116955000,1,1,1,0
18.117059000,1,0,1,0
18.117163000,1,1,1,0
18.117267000,1,0,1,0
18.117371000,1,1,1,0
18.117475000,1,0,1,0
18.117579000,1,1,1,0
18.117683000,1,0,1,0
18.117891000,1,1,1,0
18.117995000,1,0,1,0
18.118099000,1,1,1,0
18.118203000,1,0,1,0
18.118307000,1,1,1,0
18.118411000,1,0,1,0
18.118515000,1,1,1,0
18.118723000,1,0,1,0
18.118827000,1,1,1,0
18.118931000,1,0,1,0
18.119660000,1,1,1,0
18.119764000,1,0,1,0
18.119868000,1,1,1,0
18.119972000,1,0,1,0
18.120076000,1,1,1,0
18.120180000,1,0,1,0
18.120700000,1,1,1,0
18.120804000,1,0,1,0
18.121116000,1,1,1,0
18.121220000,1,0,1,0
18.121428000,1,1,1,0
18.121532000,1,0,1,0
18.121740000,1,1,1,0
18.121844000,1,0,1,0
18.122156000,1,1,1,0
18.122260000,1,0,1,0
18.122780000,1,1,1,0
18.122884000,1,0,1,0
18.123820000,1,1,1,0
18.123924000,1,0,1,0
18.124861000,1,1,1,0
18.124965000,1,0,1,0
18.125901000,1,1,1,0
18.468694000,0,1,1,0
18.468799000,1,1,1,0
18.468903000,0,1,1,0
18.469007000,1,1,1,0
18.469111000,0,1,1,0
18.469215000,1,1,1,0
18.469320000,0,1,1,0
18.469424000,1,1,1,0
18.469528000,0,1,1,0
18.469632000,1,1,1,0
18.469736000,0,1,1,0
18.469945000,1,1,1,0
18.470049000,0,1,1,0
18.470153000,1,1,1,0
18.470257000,0,1,1,0
18.470361000,1,1,1,0
18.470466000,0,1,1,0
18.470570000,1,1,1,0
18.470778000,0,1,1,0
18.470882000,1,1,1,0
18.470986000,0,1,1,0
18.471716000,1,1,1,0
18.471820000,0,1,1,0
18.471924000,1,1,1,0
18.472028000,0,1,1,0
18.472758000,1,1,1,0
18.472862000,0,1,1,0
18.473174000,1,1,1,0
18.473278000,0,1,1,0
18.473800000,1,1,1,0
18.473911000,1,0,1,0
18.474015000,1,1,1,0
18.474119000,1,0,1,0
18.474223000,1,1,1,0
18.474327000,1,0,1,0
18.474431000,1,1,1,0
18.474535000,1,0,1,0
18.474639000,1,1,1,0
18.474743000,1,0,1,0
18.474847000,1,1,1,0
18.474951000,1,0,1,0
18.475159000,1,1,1,0
18.475263000,1,0,1,0
18.475367000,1,1,1,0
18.475471000,1,0,1,0
18.475575000,1,1,1,0
18.475679000,1,0,1,0
18.475783000,1,1,1,0
18.475991000,1,0,1,0
18.476095000,1,1,1,0
18.476199000,1,0,1,0
18.476927000,1,1,1,0
18.477031000,1,0,1,0
18.477135000,1,1,1,0
18.477239000,1,0,1,0
18.477344000,1,1,1,0
18.477447000,1,0,1,0
18.477968000,1,1,1,0
18.478072000,1,0,1,0
18.478384000,1,1,1,0
18.478488000,1,0,1,0
18.479008000,1,1,1,0
18.479112000,1,0,1,0
18.479424000,1,1,1,0
18.479528000,1,0,1,0
18.480048000,1,1,1,0
18.480152000,1,0,1,0
18.481088000,1,1,1,0
18.481192000,1,0,1,0
18.482129000,1,1,1,0
18.482232000,1,0,1,0
18.482337000,1,1,1,0
18.482441000,1,0,1,0
18.483169000,1,1,1,0
18.494115000,0,1,1,0
18.494219000,1,1,1,0
18.494323000,0,1,1,0
18.494428000,1,1,1,0
18.494532000,0,1,1,0
18.494636000,1,1,1,0
18.494740000,0,1,1,0
18.494845000,1,1,1,0
18.494949000,0,1,1,0
18.495053000,1,1,1,0
18.495157000,0,1,1,0
18.495365000,1,1,1,0
18.495469000,0,1,1,0
18.495574000,1,1,1,0
18.495678000,0,1,1,0
18.495782000,1,1,1,0
18.495886000,0,1,1,0
18.495991000,1,1,1,0
18.496199000,0,1,1,0
18.496303000,1,1,1,0
18.496407000,0,1,1,0
18.497137000,1,1,1,0
18.497241000,0,1,1,0
18.497345000,1,1,1,0
18.497449000,0,1,1,0
18.498178000,1,1,1,0
18.498282000,0,1,1,0
18.498595000,1,1,1,0
18.498699000,0,1,1,0
18.498908000,1,1,1,0
18.499012000,0,1,1,0
18.499220000,1,1,1,0
18.499333000,1,0,1,0
18.499438000,1,1,1,0
18.499542000,1,0,1,0
18.499646000,1,1,1,0
18.499750000,1,0,1,0
18.499854000,1,1,1,0
18.499958000,1,0,1,0
18.500062000,1,1,1,0
18.500166000,1,0,1,0
18.500270000,1,1,1,0
18.500374000,1,0,1,0
18.500582000,1,1,1,0
18.500686000,1,0,1,0
18.500790000,1,1,1,0
18.500894000,1,0,1,0
18.500998000,1,1,1,0
18.501102000,1,0,1,0
18.501206000,1,1,1,0
18.501414000,1,0,1,0
18.501518000,1,1,1,0
18.501622000,1,0,1,0
18.502350000,1,1,1,0
18.502454000,1,0,1,0
18.502558000,1,1,1,0
18.502662000,1,0,1,0
18.502766000,1,1,1,0
18.502870000,1,0,1,0
18.503390000,1,1,1,0
18.503494000,1,0,1,0
18.503806000,1,1,1,0
18.503910000,1,0,1,0
18.504118000,1,1,1,0
18.504222000,1,0,1,0
18.504431000,1,1,1,0
18.504534000,1,0,1,0
18.504847000,1,1,1,0
18.504951000,1,0,1,0
18.505471000,1,1,1,0
18.505575000,1,0,1,0
18.506511000,1,1,1,0
18.506615000,1,0,1,0
18.507551000,1,1,1,0
18.507655000,1,0,1,0
18.508591000,1,1,1,0
20.062918000,1,1,1,0
